id,genre,category,model,situation,target_model,answer,hypothesis,verification,target_status,target_error
deepseek-r1__computer-programming__00,computer programming,"000 Computer science, information and general works",DeepSeek-R1,"A developer’s script processes sensor data from a CSV file flawlessly on their local machine, which uses an SSD for fast database caching. When deployed to a cloud server with identical code and input files, the script intermittently skips rows or outputs incomplete results. The cloud infrastructure uses a high-throughput networked storage system, but during testing, latency spikes were observed. Logs show no errors, and code reviews confirm the database connection timeout is appropriately configured for both environments. However, the cloud’s database driver settings were not audited, and the local setup’s dependency versions differ slightly from the cloud’s, though this was initially deemed irrelevant.",Qwen3 235B A22B 2507,"hypothesis: The intermittent row skipping is caused by a combination of networked storage latency and a database driver buffering or read-timeout setting that is too aggressive for the cloud environment’s I/O characteristics.  
verification: Standardize the database driver settings and dependency versions between environments, then re-run the script under controlled latency conditions using network emulation to confirm consistent behavior.",The intermittent row skipping is caused by a combination of networked storage latency and a database driver buffering or read-timeout setting that is too aggressive for the cloud environment’s I/O characteristics.,"Standardize the database driver settings and dependency versions between environments, then re-run the script under controlled latency conditions using network emulation to confirm consistent behavior.",ok,
deepseek-r1__libraries__00,libraries,"000 Computer science, information and general works",DeepSeek-R1,"Patrons arriving at a small community library on a weekday morning find all self-checkout kiosks and public computers offline, though lights, HVAC, and staff workstations remain functional. Librarians resort to manual checkouts for two hours, with no visible construction, weather issues, or hardware malfunctions. The library recently transitioned to a cloud-based catalog and checkout system, including upgraded network security measures. Technicians later discovered the outage began after an automated overnight system update, which staff had not been notified about. Initial diagnostics showed no immediate network connectivity errors, but deeper analysis revealed the problem was isolated to the self-service interfaces.",Qwen3 235B A22B 2507,"hypothesis:  
An automated overnight system update introduced a configuration error that restricted network access to the self-checkout kiosks and public computers, likely due to an overzealous firewall rule or authentication timeout in the new cloud-based system.

verification:  
Review system logs and configuration changes from the update, specifically checking firewall settings and access permissions for the self-service devices, to confirm a mismatch or restriction was applied post-update.","An automated overnight system update introduced a configuration error that restricted network access to the self-checkout kiosks and public computers, likely due to an overzealous firewall rule or authentication timeout in the new cloud-based system.","Review system logs and configuration changes from the update, specifically checking firewall settings and access permissions for the self-service devices, to confirm a mismatch or restriction was applied post-update.",ok,
deepseek-r1__artificial-intelligence__00,artificial intelligence,"000 Computer science, information and general works",DeepSeek-R1,"A city’s AI-powered traffic light system, which typically optimizes flow using real-time data, begins cycling all-red phases randomly during midday traffic, despite no visible obstructions. The system had functioned flawlessly until a recent software update intended to prioritize emergency vehicle preemption. Technicians confirmed the update passed all simulated scenarios, but users speculated it caused the AI to misread empty intersections as ""phantom gridlock."" Unbeknownst to them, the city’s central traffic server had suffered capacitor degradation in its primary processing unit, slowing real-time data analysis by 40%. Concurrently, electromagnetic interference from nearby outdated subway power relays—unrelated to the update—corrupted sensor timestamps, forcing the AI to default to all-red cycles when unable to resolve discrepancies between delayed congestion metrics and erratic sensor inputs.",Qwen3 235B A22B 2507,"hypothesis: The AI traffic system defaults to all-red phases due to unresolved data conflicts caused by delayed processing from hardware degradation and corrupted sensor timestamps from electromagnetic interference.  
verification: Monitor system behavior under real-time data loads using diagnostic tools while temporarily shielding sensor lines from interference and replacing degraded capacitors to observe if normal operations resume.",The AI traffic system defaults to all-red phases due to unresolved data conflicts caused by delayed processing from hardware degradation and corrupted sensor timestamps from electromagnetic interference.,Monitor system behavior under real-time data loads using diagnostic tools while temporarily shielding sensor lines from interference and replacing degraded capacitors to observe if normal operations resume.,ok,
deepseek-r1__magazines__00,magazines,"000 Computer science, information and general works",DeepSeek-R1,"A subscriber receives their monthly issue of a popular gardening magazine, but the cover features an unexpected winter theme despite it being mid-summer. Inside, articles on holiday plant care and frost-resistant species dominate, while the table of contents and publication date correctly list the current month. The subscriber checks their neighbors’ copies and finds the same anomaly. No signage, inserts, or printing errors explain the discrepancy, though the magazine’s production team had recently migrated to a cloud-based file storage system to streamline collaboration with regional printers. The summer edition’s planned drought-tolerant plant feature is entirely absent, replaced by winter content that aligns with no announced editorial changes. What led to this inconsistency between the seasonal theme and the publication’s metadata?",Qwen3 235B A22B 2507,"hypothesis: A mislabeled digital file was uploaded to the cloud-based storage system—where the winter edition’s content was erroneously tagged or saved under the summer edition’s filename—leading printers to produce the wrong seasonal issue despite correct metadata.  
verification: Audit the cloud storage version history and file metadata for the current month’s issue to confirm whether the uploaded content matches the intended summer theme or if a winter-themed file was mistakenly associated with the summer edition’s designation.",A mislabeled digital file was uploaded to the cloud-based storage system—where the winter edition’s content was erroneously tagged or saved under the summer edition’s filename—leading printers to produce the wrong seasonal issue despite correct metadata.,Audit the cloud storage version history and file metadata for the current month’s issue to confirm whether the uploaded content matches the intended summer theme or if a winter-themed file was mistakenly associated with the summer edition’s designation.,ok,
deepseek-r1__news-media__00,news media,"000 Computer science, information and general works",DeepSeek-R1,"A small, suburban neighborhood park, typically bustling with families and dog walkers on weekends, is unexpectedly deserted on a sunny Saturday morning. The playground sits empty, picnic tables are unoccupied, and the usually crowded walking paths are vacant. No closure signs are posted, and there’s no visible construction, damage, or environmental hazards like fallen trees or flooding. Earlier in the week, a local community group’s newsletter had mentioned a possible private event at the park, but the organizers later retracted the announcement without widespread notice. Unbeknownst to most residents, a nearby town unexpectedly rescheduled its popular annual festival to the same day, drawing away the majority of the park’s regular visitors who had eagerly opted to attend the larger event instead.",Qwen3 235B A22B 2507,"hypothesis: The park is deserted because the nearby town’s annual festival was rescheduled to the same day, drawing away regular visitors who preferred the larger event.  
verification: Check local event calendars and social media for announcements about the rescheduled festival and survey residents to confirm attendance.","The park is deserted because the nearby town’s annual festival was rescheduled to the same day, drawing away regular visitors who preferred the larger event.",Check local event calendars and social media for announcements about the rescheduled festival and survey residents to confirm attendance.,ok,
deepseek-r1__philosophy__00,philosophy,100 Philosophy and psychology,DeepSeek-R1,"While walking through a small, historic town renowned for its punctual clock tower chimes, you notice the bells remain silent at noon despite clear skies and no visible maintenance. The clock’s hands display the correct time, and confused townsfolk speculate while glancing upward. A bakery owner recalls technicians servicing the tower’s internal gears just last week, confirming the timing mechanism was meticulously calibrated. However, the council reports no scheduled repairs or outages, and the chimes’ abrupt silence contradicts the tower’s flawless storm-resistant history. Workers insist no parts were replaced during servicing, only inspected, yet the bells now defy their centuries-old rhythm without explanation. What caused the sudden failure of the chimes despite the clock’s accuracy and recent maintenance?  ",Qwen3 235B A22B 2507,"hypothesis: The chime mechanism's electrical power supply or striker linkage was accidentally disconnected during maintenance, preventing the bells from sounding despite the clock's accurate timekeeping.  
verification: Inspect the chime activation system—specifically the electrical connections and mechanical linkages between the clock movement and bell strikers—to confirm whether a component was left disengaged after servicing.","The chime mechanism's electrical power supply or striker linkage was accidentally disconnected during maintenance, preventing the bells from sounding despite the clock's accurate timekeeping.",Inspect the chime activation system—specifically the electrical connections and mechanical linkages between the clock movement and bell strikers—to confirm whether a component was left disengaged after servicing.,ok,
deepseek-r1__psychology__00,psychology,100 Philosophy and psychology,DeepSeek-R1,"On a sunny Thursday evening, a usually bustling neighborhood playground sits empty, its swings swaying unused and slides gleaming under clear skies. Nearby sidewalks and streets are quiet, with no signs of closures, hazards, or construction. The ice cream truck that reliably parks at the corner each afternoon is also missing. Though the weather is mild and no community events are scheduled, the school parking lot across the street is unusually full, and a few adults are seen entering the gym with clipboards. A passerby might suspect a sudden event, but no flyers or public announcements explain the absence of families. The true cause—a regional alert for unexpectedly high pollen levels, discreetly issued via a weather app—led caregivers to keep allergy-prone children indoors, though no visible allergens linger in the air.",Qwen3 235B A22B 2507,"hypothesis: Caregivers kept children indoors due to a recent regional alert about high pollen levels, shared through a weather app, to prevent exacerbating seasonal allergies.  
verification: Check local weather service records or app notification logs for a pollen advisory issued on that Thursday, and cross-reference with user reports of receiving such alerts.","Caregivers kept children indoors due to a recent regional alert about high pollen levels, shared through a weather app, to prevent exacerbating seasonal allergies.","Check local weather service records or app notification logs for a pollen advisory issued on that Thursday, and cross-reference with user reports of receiving such alerts.",ok,
deepseek-r1__dreams__00,dreams,100 Philosophy and psychology,DeepSeek-R1,"The historic downtown square’s tiered stone fountain, known for its automated water recycling system that conserves resources and triggers maintenance alerts via sensors, has flowed uninterrupted for years. Yet one morning, the basin sits eerily dry, its silence stark under mild skies with no construction or restrictions announced. Regulars confirm it functioned the night before, and a faint hum still emanates from underground pipes—suggesting power is active—but no workers, signs, or sensor alerts explain the stoppage. Shopkeepers speculate about system failures, noting the sensors were recently upgraded to detect pump irregularities, yet the city’s maintenance dashboard shows no flagged issues. What caused the water to vanish without a trace?  ",Qwen3 235B A22B 2507,"hypothesis: A recent software update to the sensor system falsely interpreted normal pump operation as a malfunction, triggering a silent fail-safe shutdown that halted water flow without generating an external alert.  
verification: Check the firmware logs of the upgraded sensor system for error codes or automatic shutdown commands issued around the time the fountain stopped, comparing timestamps with the last confirmed operation.","A recent software update to the sensor system falsely interpreted normal pump operation as a malfunction, triggering a silent fail-safe shutdown that halted water flow without generating an external alert.","Check the firmware logs of the upgraded sensor system for error codes or automatic shutdown commands issued around the time the fountain stopped, comparing timestamps with the last confirmed operation.",ok,
deepseek-r1__logic__00,logic,100 Philosophy and psychology,DeepSeek-R1,"A small, independently-owned bookstore known for its consistent weekday hours (10 AM to 7 PM) is unexpectedly closed at 2 PM on a Tuesday. The lights are off, the ""Open"" sign is flipped to ""Closed,"" and a handwritten note taped to the door reads, ""Urgent matter—back soon."" Regular patrons, aware the owner lives alone and rarely takes unplanned breaks, find this unusual. Earlier that morning, the owner was seen restocking shelves with a newly arrived shipment of vintage books, and a local news article recently highlighted a retiring collector in the area liquidating their rare collection. No signs of emergencies, construction, or disruptions (e.g., power outages, leaks) are visible nearby. The store has operated reliably for 15 years, even during minor incidents like street repairs or bad weather, with the owner known for meticulous routine and rarely delegating tasks.  ",Qwen3 235B A22B 2507,"hypothesis: The owner temporarily closed the bookstore to privately meet with the retiring collector regarding the acquisition of their rare collection, prompted by the urgency and exclusivity of the opportunity.  
verification: Contact the retiring collector mentioned in the local news article to confirm whether they arranged a meeting with the bookstore owner on that Tuesday afternoon.","The owner temporarily closed the bookstore to privately meet with the retiring collector regarding the acquisition of their rare collection, prompted by the urgency and exclusivity of the opportunity.",Contact the retiring collector mentioned in the local news article to confirm whether they arranged a meeting with the bookstore owner on that Tuesday afternoon.,ok,
deepseek-r1__ethics__00,ethics,100 Philosophy and psychology,DeepSeek-R1,"A small, community-run library, known for its strict policy of never lending books without a membership card, recently received a large donation of materials. Despite this, a dozen popular novels from its existing collection—identical in edition and condition to those still listed as available in the digital catalog—have been placed on a ""Free to Take"" table near the entrance. Regular patrons are puzzled by this shift, as there are no signs, announcements, or staff available to clarify the change. The library’s longstanding focus on preserving its collection makes the unannounced giveaway particularly confusing, especially since the books show no damage or urgency for removal. Some speculate whether the donation process triggered an error, while others wonder if this signals a secret policy experiment by administrators.",Qwen3 235B A22B 2507,"hypothesis:  
A clerical error during cataloging the new donation mistakenly marked the removed books as still available while physically relocating them to the ""Free to Take"" table for weeding, due to a miscommunication between staff or volunteers.

verification:  
Check the library’s internal inventory logs and staff shift records from the days leading up to the change to identify whether an incomplete or incorrect entry was made during the donation processing and if any team member initiated an undocumented weeding action.","A clerical error during cataloging the new donation mistakenly marked the removed books as still available while physically relocating them to the ""Free to Take"" table for weeding, due to a miscommunication between staff or volunteers.",Check the library’s internal inventory logs and staff shift records from the days leading up to the change to identify whether an incomplete or incorrect entry was made during the donation processing and if any team member initiated an undocumented weeding action.,ok,
deepseek-r1__the-environment__00,the environment,300 Social sciences,DeepSeek-R1,"A small neighborhood park, typically bustling with dog walkers and joggers by 7:00 AM, is eerily empty one weekday morning. Temporary orange fencing blocks access to the grassy areas, though playground equipment and benches remain untouched. A faint chemical odor hangs in the air, but no signage, workers, or vehicles are present to explain the closure. Unbeknownst to residents, the town’s environmental team had recently flagged trace contaminants from a long-buried industrial site under the park, prompting overnight activity. However, the absence of visible soil disturbances or testing equipment has left regular visitors confused, with some recalling a similar closure years ago when a soil stabilizer was applied without warning.",Qwen3 235B A22B 2507,"hypothesis: The park was temporarily closed due to precautionary measures following detection of trace contaminants from a historical industrial site, requiring overnight chemical treatment with minimal visible disruption.  
verification: Confirm with the town’s environmental department whether recent soil vapor extraction or in-situ remediation was conducted, and check public records for notifications about subsurface contamination management.","The park was temporarily closed due to precautionary measures following detection of trace contaminants from a historical industrial site, requiring overnight chemical treatment with minimal visible disruption.","Confirm with the town’s environmental department whether recent soil vapor extraction or in-situ remediation was conducted, and check public records for notifications about subsurface contamination management.",ok,
deepseek-r1__politics__00,politics,300 Social sciences,DeepSeek-R1,"During a contentious city council meeting, all five zoning board members were conspicuously absent, halting debate on a disputed housing development. Their social media accounts, normally active, fell silent two days prior, and the council chair provided no clarity. Public records later showed the board had urgently consulted attorneys about procedural flaws in the proposal review. Given prior accusations of secret dealings between the board and developer, what most likely explains their absence?  ",Qwen3 235B A22B 2507,"hypothesis: The zoning board members recused themselves due to a conflict of interest stemming from undisclosed communications with the developer, prompting legal consultation to avoid liability.  
verification: Review attorney-client privilege logs and examine communication records between board members and the developer during the proposal review period.","The zoning board members recused themselves due to a conflict of interest stemming from undisclosed communications with the developer, prompting legal consultation to avoid liability.",Review attorney-client privilege logs and examine communication records between board members and the developer during the proposal review period.,ok,
deepseek-r1__economics__00,economics,300 Social sciences,DeepSeek-R1,"A small, family-owned hardware store in a suburban neighborhood, known for its reliable stock of building supplies, suddenly experiences a weeks-long shortage of lumber and plywood. This occurs despite no recent local construction booms, storms, or seasonal demand spikes. Customers notice the empty shelves and delayed restock signs but find no supplier trucks parked outside or store renovation notices. However, whispers among staff about delayed shipments from a regional distributor have circulated, though no official statements explain the disruption.  ",Qwen3 235B A22B 2507,"hypothesis: A logistical disruption at the regional distributor—such as a warehouse backlog or transportation delay—has halted timely delivery of lumber and plywood to the store.  
verification: Contact the regional distributor directly to inquire about shipment records and delays for the store’s recent lumber and plywood orders.",A logistical disruption at the regional distributor—such as a warehouse backlog or transportation delay—has halted timely delivery of lumber and plywood to the store.,Contact the regional distributor directly to inquire about shipment records and delays for the store’s recent lumber and plywood orders.,ok,
deepseek-r1__education__00,education,300 Social sciences,DeepSeek-R1,"Students arriving at a high school campus for morning classes find all classroom doors locked, despite staff being present in offices and hallways. The digital bell system continues to ring at scheduled intervals, and administrators direct students to wait in the gymnasium without explanation. No visible signs of maintenance, security alerts, or weather-related disruptions are present. The school had recently upgraded its electronic door-locking system to sync with a new scheduling platform, though staff had not yet announced the completion of testing for time-based protocols. What led to the classrooms being locked during school hours?  ",Qwen3 235B A22B 2507,"hypothesis: The recent upgrade to the electronic door-locking system incorrectly activated a time-based locking protocol still under testing, causing classroom doors to remain locked during normal school hours.  
verification: Review the system logs of the door-locking mechanism and scheduling platform integration to confirm whether an untested or erroneous time-based locking schedule was automatically executed on the morning in question.","The recent upgrade to the electronic door-locking system incorrectly activated a time-based locking protocol still under testing, causing classroom doors to remain locked during normal school hours.",Review the system logs of the door-locking mechanism and scheduling platform integration to confirm whether an untested or erroneous time-based locking schedule was automatically executed on the morning in question.,ok,
deepseek-r1__customs-and-etiquette__00,customs and etiquette,300 Social sciences,DeepSeek-R1,"A traveler arrives in a small coastal town renowned for its bustling midday fish market. Despite it being a Thursday—typically the market’s busiest day—the stalls are empty, and vendors are absent. The harbor is calm, with no signs of adverse weather, construction, or posted notices explaining the closure. Locals stroll casually but avoid the market area entirely. A faint, briny odor lingers near the docks, though the water appears only slightly murkier than usual. Unbeknownst to the traveler, vendors have coordinated a silent boycott of the market to protest newly imposed docking fees from the town council, a decision kept secret to avoid public confrontation. However, the subtle change in water clarity and odor could easily mislead outsiders into suspecting environmental issues.",Qwen3 235B A22B 2507,"hypothesis: The fish market is closed due to a coordinated vendor boycott in protest of newly imposed docking fees, deliberately kept secret from the public.  
verification: Interview a local vendor or council member in confidence to confirm the existence of recent fee increases and organized market closure.","The fish market is closed due to a coordinated vendor boycott in protest of newly imposed docking fees, deliberately kept secret from the public.",Interview a local vendor or council member in confidence to confirm the existence of recent fee increases and organized market closure.,ok,
deepseek-r1__language__00,language,400 Language,DeepSeek-R1,"In a small Canadian town known for its strict bilingual English-French public signage, multiple businesses along the main street have unexpectedly posted handwritten ""Closed"" signs written only in Inuktitut syllabics during peak hours. Patrons note that the closures coincide with recent community discussions about Indigenous language revitalization, and a few shops involved are Inuit-owned—details that fuel speculation about intentional activism. However, no public statements or translated explanations accompany the signs. Unseen by most, the town’s sole print shop, which normally produces bilingual materials, has its lights off, and workers nearby are overheard complaining about delayed technical repairs.",Qwen3 235B A22B 2507,"hypothesis: The businesses posted handwritten Inuktitut ""Closed"" signs unexpectedly because the town’s only print shop—responsible for standard bilingual signage—is temporarily out of commission due to technical repairs, and Inuit-owned shops defaulted to using available materials and staff language skills.  
verification: Confirm the print shop’s current operational status and repair timeline, and interview affected business owners to determine whether signage decisions were driven by necessity rather than activism.","The businesses posted handwritten Inuktitut ""Closed"" signs unexpectedly because the town’s only print shop—responsible for standard bilingual signage—is temporarily out of commission due to technical repairs, and Inuit-owned shops defaulted to using available materials and staff language skills.","Confirm the print shop’s current operational status and repair timeline, and interview affected business owners to determine whether signage decisions were driven by necessity rather than activism.",ok,
deepseek-r1__foreign-languages__00,foreign languages,400 Language,DeepSeek-R1,"A traveler visiting a historic Italian town, reliant on tourism, is puzzled when their regular bakery—known for its bilingual Italian-English menus—suddenly displays signage only in Italian. Though the bakery has catered to tourists for years, there is no visible construction, closure notice, or staff change to explain the shift. Other tourists struggle to order, resorting to translation apps. The traveler recalls a recent anonymous complaint posted online criticizing translation errors in the bakery’s English labels, but the owner had publicly dismissed it as a minor issue. Unbeknownst to patrons, a group of local artisans staged a protest nearby the prior week against the effects of over-tourism on traditional culture, prompting the owner to quietly remove English signage as a gesture of solidarity. No explanation is provided at the site.  ",Qwen3 235B A22B 2507,"hypothesis: The bakery owner removed the English signage as a quiet act of solidarity with local artisans protesting the effects of over-tourism on cultural authenticity.  
verification: Interview the bakery owner or a trusted local source to confirm whether the signage change was intentionally made in support of the recent anti-over-tourism protest.",The bakery owner removed the English signage as a quiet act of solidarity with local artisans protesting the effects of over-tourism on cultural authenticity.,Interview the bakery owner or a trusted local source to confirm whether the signage change was intentionally made in support of the recent anti-over-tourism protest.,ok,
deepseek-r1__classical-languages__00,classical languages,400 Language,DeepSeek-R1,"A philologist examining a 10th-century Latin manuscript at a renowned library notices a single folio with slightly divergent ink and letter spacing, undetectable to the naked eye but revealed by multispectral imaging. The manuscript, cataloged as a 12th-century copy, shows no signs of physical damage or annotations, and its climate-controlled storage since the 1950s rules out modern tampering. Historical records lack any mention of alterations, but analysis confirms the folio was replaced in the 15th century using materials authentic to that era. While potential causes like pest damage or liturgical censorship were initially considered, no archival evidence corroborates these theories. What most likely explains this discrepancy?  ",Qwen3 235B A22B 2507,"hypothesis: A 15th-century scribe replaced the original folio to correct what was perceived as a textual error or orthographic inconsistency, using contemporaneous materials to preserve the manuscript’s integrity.  
verification: Compare the linguistic and paleographic features of the replaced folio with other known 15th-century scholarly corrections in similar manuscripts to identify matching patterns of textual standardization.","A 15th-century scribe replaced the original folio to correct what was perceived as a textual error or orthographic inconsistency, using contemporaneous materials to preserve the manuscript’s integrity.",Compare the linguistic and paleographic features of the replaced folio with other known 15th-century scholarly corrections in similar manuscripts to identify matching patterns of textual standardization.,ok,
deepseek-r1__dictionaries__00,dictionaries,400 Language,DeepSeek-R1,"A librarian discovers that the newest edition of a renowned English dictionary, verified upon delivery against the publisher’s inventory list (which explicitly included ""quasar""), lacks the entry for the term ""quasar"" in both physical and digital formats. Adjacent entries like ""quartz"" and ""quasi-"" appear undamaged and in correct alphabetical order, with no signs of tampering. The omission persists across all copies from the same shipment, and the library’s trusted supplier confirms no post-delivery alterations. Why is the ""quasar"" entry missing despite these assurances?  ",Qwen3 235B A22B 2507,"hypothesis: A production error at the publisher's printing facility resulted in a digital master file glitch that omitted the ""quasar"" entry during typesetting, affecting all copies in the shipment.  
verification: The librarian contacts the publisher to inspect the master digital files and print proofs from the affected edition to confirm whether ""quasar"" was omitted prior to mass production.","A production error at the publisher's printing facility resulted in a digital master file glitch that omitted the ""quasar"" entry during typesetting, affecting all copies in the shipment.","The librarian contacts the publisher to inspect the master digital files and print proofs from the affected edition to confirm whether ""quasar"" was omitted prior to mass production.",ok,
deepseek-r1__grammar__00,grammar,400 Language,DeepSeek-R1,"A small town’s historic clock tower, renowned for its flawless hourly chimes since its restoration a decade ago, unexpectedly falls silent at noon on a weekday. The clock face displays the correct time, and there is no visible damage to the structure, scaffolding, or electrical panels. No maintenance crews or repair notices are present, and the bustling lunchtime crowd in the square proceeds undisturbed. Earlier that morning, the tower chimed reliably at 9 AM and 10 AM. By midday, however, only the faint mechanical ticking of the clock’s hands can be heard. Notably, the town had recently installed surge protectors to safeguard the tower’s upgraded electrical systems after minor power fluctuations were reported in the area—a detail widely discussed in the local newsletter. Despite these precautions, the silence aligns with a covert council initiative to assess urban noise pollution, requiring temporary suspension of the chimes during data collection.",Qwen3 235B A22B 2507,"hypothesis: The clock tower’s chimes were intentionally disabled as part of a covert council initiative to measure baseline urban noise pollution during peak hours.  
verification: Review official council meeting minutes or internal communications to confirm whether a temporary suspension of the chimes was scheduled for noise assessment on that specific day.",The clock tower’s chimes were intentionally disabled as part of a covert council initiative to measure baseline urban noise pollution during peak hours.,Review official council meeting minutes or internal communications to confirm whether a temporary suspension of the chimes was scheduled for noise assessment on that specific day.,ok,
deepseek-r1__natural-science__00,natural science,500 Pure science,DeepSeek-R1,"A community garden's tomato plants, thriving for weeks with healthy green foliage and developing fruit, suddenly exhibit widespread wilting and yellowing leaves overnight, despite regular watering and no visible pests. Nearby plants, including beans and herbs, remain unaffected. The garden, located in a temperate urban area near farmland, is maintained by experienced gardeners using organic practices. They recently applied compost from a local supplier to enrich the soil. Weather has been stable, with moderate temperatures and adequate rainfall, and soil tests confirm normal moisture levels. No chemical treatments were used, but the gardeners note that irrigation water is drawn from a shallow well on-site. What caused the sudden decline in the tomato plants?  ",Qwen3 235B A22B 2507,"hypothesis: The sudden decline in the tomato plants was caused by a soil-borne pathogen, such as *Fusarium* or *Verticillium* wilt, introduced via contaminated compost from the local supplier.  
verification: Test soil and root samples from affected tomato plants for the presence of *Fusarium oxysporum* or *Verticillium* species using laboratory-based PCR or culturing techniques.","The sudden decline in the tomato plants was caused by a soil-borne pathogen, such as Fusarium or Verticillium wilt, introduced via contaminated compost from the local supplier.",Test soil and root samples from affected tomato plants for the presence of Fusarium oxysporum or Verticillium species using laboratory-based PCR or culturing techniques.,ok,
deepseek-r1__mathematics__00,mathematics,500 Pure science,DeepSeek-R1,"A high school math teacher posts the answer key for a calculus problem set online, but several students notice that their correct solutions yield results slightly different from the provided answers. The students double-check their work, verify their arithmetic, and confirm their steps—including using the axis of rotation explicitly labeled in the textbook’s diagrams (e.g., y=0). The problem set involves calculating volumes of solids formed by rotating functions around specified axes, with discrepancies like 15.7 vs. 16.2. The teacher initially suspects an axis misinterpretation (e.g., y=3 instead of y=0) but later discovers the answer key relied on an outdated textbook that misprinted a critical equation in one problem (e.g., \( y = x^2 \) instead of \( y = 2x^2 \)), corrected in the current edition. Though the diagrams in both editions identically depict the axis, the outdated equation led to divergent integrals, unnoticed until the teacher cross-referenced editions.",Qwen3 235B A22B 2507,"hypothesis: The discrepancies arise because the answer key was generated using an outdated textbook edition containing a misprinted function (e.g., \( y = x^2 \) instead of \( y = 2x^2 \)), leading to incorrect integral calculations despite correct axis interpretation.  
verification: The teacher can verify this by comparing the problem equations in the current and outdated textbook editions to identify any differences and recalculate the volume using the correct function from the current edition.","The discrepancies arise because the answer key was generated using an outdated textbook edition containing a misprinted function (e.g., \( y = x^2 \) instead of \( y = 2x^2 \)), leading to incorrect integral calculations despite correct axis interpretation.",The teacher can verify this by comparing the problem equations in the current and outdated textbook editions to identify any differences and recalculate the volume using the correct function from the current edition.,ok,
deepseek-r1__physics__00,physics,500 Pure science,DeepSeek-R1,"You step outside on a cool, clear morning to find your car’s windshield and roof thinly coated in frost, despite the weather app showing the overnight low was 2°C. Nearby cars under trees and vegetation remain frost-free. The night was windless and cloudless, and your car, parked in an open driveway, has a windshield and roof made of glass and bare metal, materials known for high thermal emissivity. However, you recall a brief evening drizzle hours earlier that left faint moisture on your car, while sheltered vehicles stayed dry. The frost appears uneven, concentrated only on the exposed glass and metal surfaces.  ",Qwen3 235B A22B 2507,"hypothesis: Frost formed on your car because radiative cooling of the high-emissivity glass and metal surfaces dropped their temperature below freezing despite the air temperature remaining at 2°C, and the prior light drizzle provided the necessary moisture for deposition.  
verification: Measure the surface temperature of the frosted windshield just before sunrise with an infrared thermometer and compare it to the ambient air temperature recorded by a shaded weather station, confirming the surface was below 0°C.","Frost formed on your car because radiative cooling of the high-emissivity glass and metal surfaces dropped their temperature below freezing despite the air temperature remaining at 2°C, and the prior light drizzle provided the necessary moisture for deposition.","Measure the surface temperature of the frosted windshield just before sunrise with an infrared thermometer and compare it to the ambient air temperature recorded by a shaded weather station, confirming the surface was below 0°C.",ok,
deepseek-r1__chemistry__00,chemistry,500 Pure science,DeepSeek-R1,"A chemistry student prepares a solution of sodium carbonate (Na₂CO₃) in distilled water for a titration experiment, following a standard protocol. Despite precise measurements and proper technique, the solution remains unexpectedly cloudy instead of clear, even after thorough stirring. The student checks the lab’s chemical inventory and confirms the sodium carbonate bottle is correctly labeled, unexpired, and stored in a dry environment upon arrival. No visible contaminants are present in the glassware, which was cleaned and rinsed per lab guidelines. However, the lab’s distilled water supply, stored in an open plastic container, had been left near a window for several days. Though the container was labeled ""distilled,"" the student did not consider potential interactions between the water and its storage vessel.  ",Qwen3 235B A22B 2507,"hypothesis: The distilled water absorbed carbon dioxide from the air, forming carbonic acid, which then reacted with sodium carbonate to precipitate insoluble sodium bicarbonate, causing cloudiness.  
verification: Prepare a fresh solution using recently boiled and cooled distilled water (to remove dissolved CO₂) stored in a sealed container, and observe if the solution remains clear.","The distilled water absorbed carbon dioxide from the air, forming carbonic acid, which then reacted with sodium carbonate to precipitate insoluble sodium bicarbonate, causing cloudiness.","Prepare a fresh solution using recently boiled and cooled distilled water (to remove dissolved CO₂) stored in a sealed container, and observe if the solution remains clear.",ok,
deepseek-r1__biology__00,biology,500 Pure science,DeepSeek-R1,"A community garden's tomato plants, previously thriving with vigorous growth and green fruits, rapidly developed widespread wilting and yellowing leaves despite consistent watering and ideal weather. Nearby zucchini and bean plants showed no symptoms. Careful inspection revealed no aphids, caterpillars, or physical damage to stems or roots. The garden employs shared compost—recently enriched with a nutrient-rich organic batch—and adheres to strict crop rotation. Weather patterns were unremarkable, with no storms or temperature extremes. Initially, gardeners suspected blight but found no dark lesions. Unnoticed by the group, a volunteer had applied a granular product labeled as ""tomato-specific fertilizer"" to the affected beds days before symptoms arose, assuming it would boost yields.  ",Qwen3 235B A22B 2507,"hypothesis: The tomato plants are suffering from fertilizer burn due to overapplication of a concentrated granular ""tomato-specific fertilizer,"" causing root damage and physiological wilting.  
verification: Test soil samples from affected and unaffected beds for elevated levels of soluble salts and nitrogen, and cross-reference application records with the fertilizer’s recommended rates to confirm overuse.","The tomato plants are suffering from fertilizer burn due to overapplication of a concentrated granular ""tomato-specific fertilizer,"" causing root damage and physiological wilting.","Test soil samples from affected and unaffected beds for elevated levels of soluble salts and nitrogen, and cross-reference application records with the fertilizer’s recommended rates to confirm overuse.",ok,
deepseek-r1__health-and-medicine__00,health and medicine,600 Technology,DeepSeek-R1,"A primary care clinic in a suburban area notices an unusual spike in patients over three days presenting with persistent headaches, mild nausea, and fatigue. Initial assessments rule out common causes like dehydration, viral infections, or seasonal allergies. The clinic’s staff checks for obvious environmental factors—air quality, recent changes in cleaning products, or HVAC issues—but finds nothing amiss. Patients live in different neighborhoods and report no shared activities, diets, or exposures. Bloodwork ordered for a subset of patients shows slightly elevated carbon monoxide levels, yet clinic carbon monoxide detectors remain silent, and no gas leaks are found in the building. A nearby industrial facility recently began nighttime operations using combustion-based machinery, prompting speculation about localized emissions, but air quality monitors near the facility show no irregularities. Further investigation reveals that several patients had purchased portable propane heaters from different local retailers over the past month, though purchase dates and store locations varied widely.",Qwen3 235B A22B 2507,"hypothesis: The patients’ symptoms are caused by low-level carbon monoxide exposure from malfunctioning or improperly ventilated portable propane heaters used in their homes.  
verification: Conduct home inspections of affected patients using calibrated carbon monoxide detectors while their propane heaters are in operation to identify emission leaks or inadequate ventilation.",The patients’ symptoms are caused by low-level carbon monoxide exposure from malfunctioning or improperly ventilated portable propane heaters used in their homes.,Conduct home inspections of affected patients using calibrated carbon monoxide detectors while their propane heaters are in operation to identify emission leaks or inadequate ventilation.,ok,
deepseek-r1__engineering__00,engineering,600 Technology,DeepSeek-R1,"A newly constructed residential building experiences intermittent flickering of LED lights in west-facing units every evening between 7:00 PM and 9:00 PM, despite no issues during daytime inspections. The building uses a modern solar system with battery storage, and all wiring passed initial tests. Residents reported the flickering began a week after moving in, coinciding with the activation of a nearby industrial facility’s evening operations. Maintenance found no voltage fluctuations, overloaded circuits, or loose connections. The flickering correlates with peak grid demand hours, when solar generation has ceased but the industrial facility runs high-power machinery. Notably, west-facing units are closer to the building’s exterior wiring pathways, which run adjacent to the industrial zone. Daytime inspections showed stable performance, even when the industrial equipment was inactive.  ",Qwen3 235B A22B 2507,"hypothesis: Electromagnetic interference from the nearby industrial facility’s high-power machinery is inducing transient currents in the building’s exterior electrical conduits serving west-facing units, disrupting LED power supplies during evening operations.  
verification: Use a portable electromagnetic field (EMF) meter to measure RF and magnetic field levels near the west-facing units’ wiring pathways during evening industrial operations and compare them to baseline levels measured during the day when the facility is inactive.","Electromagnetic interference from the nearby industrial facility’s high-power machinery is inducing transient currents in the building’s exterior electrical conduits serving west-facing units, disrupting LED power supplies during evening operations.",Use a portable electromagnetic field (EMF) meter to measure RF and magnetic field levels near the west-facing units’ wiring pathways during evening industrial operations and compare them to baseline levels measured during the day when the facility is inactive.,ok,
deepseek-r1__farming-and-agriculture__00,farming and agriculture,600 Technology,DeepSeek-R1,"A farmer notices a perfectly circular section of wilted soybean plants in an otherwise thriving field. The surrounding crops are unaffected, with no signs of pests, disease, or irrigation issues. Soil tests confirm normal nutrient levels and moisture content, ruling out drought or overwatering. However, the soil within the patch is markedly cooler than the rest of the field, even in direct sunlight. The farmer recalls hearing stories of underground water sources in the region and briefly considers whether natural groundwater movement could explain the anomaly. Further investigation uncovers no signs of standing water, chemical contamination, or equipment damage. A week later, historical farm maps reveal that decades-old drainage infrastructure was installed in a radial pattern across the field, with one segment recently compromised.  ",Qwen3 235B A22B 2507,"hypothesis: A compromised segment of decades-old radial drainage infrastructure is causing localized groundwater seepage, cooling the soil and restricting root-level warmth necessary for soybean health, resulting in the circular wilted patch.  
verification: Conduct a ground-penetrating radar survey to confirm the location and integrity of the subsurface drainage system and monitor soil temperature and moisture gradients over time to correlate with drainage flow patterns.","A compromised segment of decades-old radial drainage infrastructure is causing localized groundwater seepage, cooling the soil and restricting root-level warmth necessary for soybean health, resulting in the circular wilted patch.",Conduct a ground-penetrating radar survey to confirm the location and integrity of the subsurface drainage system and monitor soil temperature and moisture gradients over time to correlate with drainage flow patterns.,ok,
deepseek-r1__management__00,management,600 Technology,DeepSeek-R1,"A regional manager arrives at a retail store for a routine visit and notices that the usual morning shipment of goods, which always arrives by 7:30 AM, is delayed by three hours. The store’s staff confirmed the order was placed correctly, and there are no visible issues like severe weather, local road closures, or delivery vehicle breakdowns. However, the distribution center had recently flagged inconsistencies in inventory records during a routine audit the previous week, though no immediate action was required. The delay is later traced to a temporary staffing shortage at the distribution center during the night shift, which caused a backlog in loading outgoing shipments. The manager only discovers the cause after contacting the logistics team, as no physical or environmental clues at the store hinted at the staffing disruption.  ",Qwen3 235B A22B 2507,"hypothesis: A temporary staffing shortage during the night shift at the distribution center slowed down shipment loading, causing a delay despite correct order placement and absence of external disruptions.  
verification: Cross-check the distribution center’s shift logs and personnel attendance records from the night before the delayed shipment to confirm a staffing shortfall coincided with the backlog in outgoing deliveries.","A temporary staffing shortage during the night shift at the distribution center slowed down shipment loading, causing a delay despite correct order placement and absence of external disruptions.",Cross-check the distribution center’s shift logs and personnel attendance records from the night before the delayed shipment to confirm a staffing shortfall coincided with the backlog in outgoing deliveries.,ok,
deepseek-r1__manufacturing__00,manufacturing,600 Technology,DeepSeek-R1,"Workers at an automotive parts plant notice a faint chemical odor near the assembly line at the start of the morning shift. Production continues, but by midday, several robotic arms intermittently slow down, causing delays. No leaks, error messages, or temperature changes are detected, and maintenance finds no mechanical issues. The odor persists but isn’t traceable to any machinery. The plant recently introduced a new biodegradable cleaning solvent stored in a utility room and adjusted overnight humidity levels in the climate control system to optimize conditions. Unrelated to these changes, a recent batch of lubricant used in the robotic arm joints contained trace impurities. Over time, these impurities accumulated on the motor controllers, subtly disrupting electrical signals and causing the slowdowns. The solvent’s odor, though stronger, inadvertently masked the lubricant’s faint scent during inspections.  ",Qwen3 235B A22B 2507,"hypothesis: Trace impurities in a recent batch of lubricant have accumulated on motor controllers, causing electrical interference that intermittently slows robotic arms, while the new biodegradable cleaning solvent’s odor masks the lubricant’s scent, delaying detection.  
verification: Inspect and clean the motor controllers from affected robotic arms, analyze residue for lubricant impurities, and monitor system performance before and after cleaning to determine if signal stability and speed return to normal.","Trace impurities in a recent batch of lubricant have accumulated on motor controllers, causing electrical interference that intermittently slows robotic arms, while the new biodegradable cleaning solvent’s odor masks the lubricant’s scent, delaying detection.","Inspect and clean the motor controllers from affected robotic arms, analyze residue for lubricant impurities, and monitor system performance before and after cleaning to determine if signal stability and speed return to normal.",ok,
deepseek-r1__architecture__00,architecture,700 Arts and recreation,DeepSeek-R1,"A newly constructed pedestrian plaza with polished granite paving stones, designed to be sleek and modern, remains inexplicably damp in a specific, circular area each morning despite no rainfall or visible water sources nearby. The dampness disappears by midday and doesn’t align with irrigation schedules or nearby fountain operations. Maintenance crews found no leaks in underground pipes, though observers note the damp patch is centered beneath a decorative overhang of the adjacent building’s façade, which features textured, perforated metal cladding. Curiously, the granite in the affected area is slightly thicker and more porous than surrounding stones, leading some to speculate about thermal properties. However, daylight inspections reveal no standing water or structural anomalies, deepening the mystery.",Qwen3 235B A22B 2507,"hypothesis:  
Condensation forms overnight due to temperature differences between the slightly thicker, more porous granite and the cooler air trapped beneath the perforated metal overhang, which reduces airflow and creates a microclimate conducive to dew accumulation.

verification:  
Place temperature and humidity sensors under the overhang and in an open area nearby overnight to measure microclimatic conditions, while monitoring surface moisture with time-lapse photography and thermal imaging to confirm condensation patterns correlate with thermal differential and air stagnation.","Condensation forms overnight due to temperature differences between the slightly thicker, more porous granite and the cooler air trapped beneath the perforated metal overhang, which reduces airflow and creates a microclimate conducive to dew accumulation.","Place temperature and humidity sensors under the overhang and in an open area nearby overnight to measure microclimatic conditions, while monitoring surface moisture with time-lapse photography and thermal imaging to confirm condensation patterns correlate with thermal differential and air stagnation.",ok,
deepseek-r1__painting__00,painting,700 Arts and recreation,DeepSeek-R1,"A muralist arrives at a public park to continue a week-long project, only to discover that a section of the previously painted wall—dried and untouched for two days—now shows faint, irregular streaks of diluted color, as if lightly washed by rain. However, the weather has been dry, and the park’s sprinkler system, which operates overnight, is directed away from the wall. A nearby construction site’s dust-control machinery, visible across the street, had been active the prior evening, but no water trails or equipment disruptions are found near the mural. The mystery deepens when a groundskeeper later spots small, smudged tracks along the wall’s base and recalls recent reports of raccoons digging in a clogged storm drain tucked behind a shrub—a hidden pool of water just steps from the affected area.",Qwen3 235B A22B 2507,"hypothesis: Raccoons accessing water from the clogged storm drain tracked moisture along the wall’s base and transferred it to the mural through contact, causing the streaks of diluted paint.  
verification: Inspect the smudged tracks for paw prints matching raccoon morphology and test for trace water residue or paint transfer on nearby foliage or ground to confirm animal contact with both the water source and the wall.","Raccoons accessing water from the clogged storm drain tracked moisture along the wall’s base and transferred it to the mural through contact, causing the streaks of diluted paint.",Inspect the smudged tracks for paw prints matching raccoon morphology and test for trace water residue or paint transfer on nearby foliage or ground to confirm animal contact with both the water source and the wall.,ok,
deepseek-r1__photography__00,photography,700 Arts and recreation,DeepSeek-R1,"A photographer arrives at a coastal cliffside at sunrise, a location famed for its violent waves, but finds the ocean glassy and still despite clear skies and no recent storms. Local fishermen, usually active at dawn, have docked their boats hours earlier, though no advisories or warnings are posted. The photographer recalls the moon’s phase aligning with a period of weaker tides but dismisses it, unaware that maritime authorities had quietly advised fishing crews to stay ashore. What explains the unnatural calm and the fishermen’s unusual behavior?  ",Qwen3 235B A22B 2507,"hypothesis: An underwater seismic event has occurred nearby, causing a temporary cessation of wave activity due to altered ocean dynamics and prompting maritime authorities to discreetly recall fishing boats over tsunami concerns.  
verification: Check real-time data from regional seismic and tsunami monitoring stations for recorded underwater disturbances, and confirm with local maritime authorities whether non-public safety advisories were issued.","An underwater seismic event has occurred nearby, causing a temporary cessation of wave activity due to altered ocean dynamics and prompting maritime authorities to discreetly recall fishing boats over tsunami concerns.","Check real-time data from regional seismic and tsunami monitoring stations for recorded underwater disturbances, and confirm with local maritime authorities whether non-public safety advisories were issued.",ok,
deepseek-r1__music__00,music,700 Arts and recreation,DeepSeek-R1,"During a classical orchestra performance at a prestigious concert hall, musicians notice their instruments gradually falling out of tune midway through the second movement, despite meticulous tuning before the show. The stage lights are dimmed, and the audience remains unaware as the ensemble subtly adjusts pitch while playing. Backstage, technicians later discover that residual cleaning solvents applied to the stage floor hours earlier evaporated during the performance, creating localized chemical interactions with the instruments’ varnishes and subtly warping their materials. A stagehand also mentions briefly propping open a rear door during intermission to move equipment, though no immediate humidity changes were reported. Attendees only observed musicians exchanging puzzled glances during pauses, unaware of the invisible culprit.",Qwen3 235B A22B 2507,"hypothesis: Evaporating cleaning solvents from the stage floor released volatile organic compounds that chemically interacted with the instruments' wooden components and varnishes, causing slight swelling or distortion that altered their resonant frequencies and led to detuning.  
verification: Analyze the chemical composition of the cleaning solvent and test its vapor’s effect on sample wood and varnish materials under controlled concert hall conditions to observe dimensional changes and pitch deviation in identical instruments.","Evaporating cleaning solvents from the stage floor released volatile organic compounds that chemically interacted with the instruments' wooden components and varnishes, causing slight swelling or distortion that altered their resonant frequencies and led to detuning.",Analyze the chemical composition of the cleaning solvent and test its vapor’s effect on sample wood and varnish materials under controlled concert hall conditions to observe dimensional changes and pitch deviation in identical instruments.,ok,
deepseek-r1__sports__00,sports,700 Arts and recreation,DeepSeek-R1,"During a regional high school track meet, athletes begin noticing that the long jump pit's sand is unusually compact and hard, leading to consistently shorter jumps despite optimal weather conditions. Coaches and officials initially suspect poor technique until multiple competitors from different schools report the issue. Maintenance records confirm the pit was recently renovated with fresh sand, and a contractor had been working on upgrading nearby fields the previous week. Though the pit was properly raked the evening before, faint tire marks were observed near its perimeter the next morning, prompting speculation about equipment mishandling. However, the surface showed no visible depressions, and the sand’s texture resembled a stiff, crumbly mixture rather than typical compacted grains.  ",Qwen3 235B A22B 2507,"hypothesis: The sand in the long jump pit became abnormally compact due to accidental contamination with a soil stabilizer or adhesive residue from construction equipment used during nearby field renovations.  
verification: Test samples of the sand for chemical residues (e.g., polymer binders or latex) commonly found in soil stabilizers by analyzing them in a materials lab, and cross-reference with products used by the contractor.",The sand in the long jump pit became abnormally compact due to accidental contamination with a soil stabilizer or adhesive residue from construction equipment used during nearby field renovations.,"Test samples of the sand for chemical residues (e.g., polymer binders or latex) commonly found in soil stabilizers by analyzing them in a materials lab, and cross-reference with products used by the contractor.",ok,
deepseek-r1__classical-literature__00,classical literature,800 Literature,DeepSeek-R1,"In *Pride and Prejudice*, following a morning of unseasonably warm weather, the Bennet family strolls toward Meryton and encounters an unexpected sight: the main road choked with wagons hauling crates of oranges and lemons stamped with unfamiliar symbols. The drivers converse in a thick, guttural accent peppered with nautical terms like ""hold"" and ""mast,"" while rumors swirl of recent storms battering southern ports. Though no local estate imports citrus, some townsfolk whisper of a Mediterranean trader capitalizing on disrupted shipping lanes. Unbeknownst to them, the cargo was originally destined for a quarantined lord’s estate before being hastily redirected, its crates mislabeled by an obscure English guild and the drivers’ northern dialect—not foreign speech—adding to the confusion. What explains this peculiar convergence?",Qwen3 235B A22B 2507,"hypothesis: The mislabeled citrus cargo, originally bound for a quarantined estate, was redirected due to port disruptions and is being transported by northern English sailors mistaken for foreigners because of their regional dialect and nautical jargon.  
verification: Examine shipping manifests and guild records to trace the cargo’s origin and confirm the drivers’ identities through local maritime registries, comparing dialect patterns with northern English port regions.","The mislabeled citrus cargo, originally bound for a quarantined estate, was redirected due to port disruptions and is being transported by northern English sailors mistaken for foreigners because of their regional dialect and nautical jargon.","Examine shipping manifests and guild records to trace the cargo’s origin and confirm the drivers’ identities through local maritime registries, comparing dialect patterns with northern English port regions.",ok,
deepseek-r1__poetry__00,poetry,800 Literature,DeepSeek-R1,"In the heart of a bustling town square, the ornate public clocktower—a century-old landmark known for its reliability—suddenly stops at 3:07 AM. By dawn, residents notice the frozen hands, though the surrounding streets show no signs of disturbance: no construction crews, storm damage, or posted notices. The clock’s gears, visible through a glass panel, appear intact and undisturbed, and the weather had been calm overnight. Regulars at the adjacent bakery recall hearing a faint, metallic *twang* around midnight, reminiscent of a spring recoiling, though maintenance records indicate the suspension spring was inspected just months prior and deemed functional. With no visible damage to the escapement or pendulum, the town is left puzzling over what unseen flaw could have silenced the timekeeper so abruptly.",Qwen3 235B A22B 2507,"hypothesis: A subtle fatigue fracture in the clock's mainspring occurred overnight, causing it to lose tension and halt the mechanism despite appearing intact through the glass panel.  
verification: Disassemble the movement and inspect the mainspring under magnification or with ultrasonic testing to detect microscopic cracks or deformation consistent with metal fatigue.","A subtle fatigue fracture in the clock's mainspring occurred overnight, causing it to lose tension and halt the mechanism despite appearing intact through the glass panel.",Disassemble the movement and inspect the mainspring under magnification or with ultrasonic testing to detect microscopic cracks or deformation consistent with metal fatigue.,ok,
deepseek-r1__science-fiction__00,science fiction,800 Literature,DeepSeek-R1,"Residents of a coastal town notice that all public and private clocks, including digital devices, are consistently running 12 minutes behind satellite-adjusted global timekeeping systems. The discrepancy began precisely three days prior, but no visible infrastructure damage, hacking alerts, or unusual celestial events have been reported. Tide charts and sunrise/sunset times still align with the original clock readings, suggesting localized temporal distortion. A nearby decommissioned undersea research lab, once used for gravitational wave experiments, shows no outward signs of reactivation—but its corroded access hatch now hums faintly when touched. Investigators note that the lab’s historical experiments involved manipulating spacetime, and recent seawater infiltration into its aging infrastructure has accelerated corrosion in critical systems. What caused the clocks to desynchronize?",Qwen3 235B A22B 2507,"hypothesis: Seawater infiltration into the decommissioned undersea lab has caused a partial reactivation of dormant spacetime-manipulating equipment, generating a localized gravitational field that subtly dilates time, making clocks in the town appear 12 minutes behind satellite time.  
verification: Deploy precision atomic clocks and gravimeters inside and outside the affected area to detect anomalies in timeflow and spacetime curvature, while remotely scanning the lab’s power systems for residual electromagnetic activity linked to the temporal discrepancy.","Seawater infiltration into the decommissioned undersea lab has caused a partial reactivation of dormant spacetime-manipulating equipment, generating a localized gravitational field that subtly dilates time, making clocks in the town appear 12 minutes behind satellite time.","Deploy precision atomic clocks and gravimeters inside and outside the affected area to detect anomalies in timeflow and spacetime curvature, while remotely scanning the lab’s power systems for residual electromagnetic activity linked to the temporal discrepancy.",ok,
deepseek-r1__novels__00,novels,800 Literature,DeepSeek-R1,"A small, historic town library, renowned for its flawless punctuality and decade-long streak of uninterrupted service, remains inexplicably closed at 10:30 AM on a Tuesday. Regular patrons, including a teacher urgently gathering materials for a class, cluster outside in frustration. The library’s website and social media, updated just hours earlier, confirm normal hours, and no closure notices are posted. Through the windows, the lights are off, but a cart of freshly returned books sits unattended near the front desk. The head librarian—a meticulous retiree known for personally overseeing daily operations—was spotted calmly watering her garden two blocks away that morning, sparking whispers that she might have neglected her duties. Unbeknownst to bystanders, a pipe had burst overnight in the basement, flooding the staff area and forcing all hands to address the crisis, leaving no time to alert patrons digitally or physically.",Qwen3 235B A22B 2507,"hypothesis: A burst pipe in the basement flooded the staff area overnight, requiring the library team to focus on emergency response without time to post closure notices or update communications.  
verification: Contact the head librarian or check with local utility services to confirm a recent water leak report or plumbing emergency at the library’s address.","A burst pipe in the basement flooded the staff area overnight, requiring the library team to focus on emergency response without time to post closure notices or update communications.",Contact the head librarian or check with local utility services to confirm a recent water leak report or plumbing emergency at the library’s address.,ok,
deepseek-r1__essays__00,essays,800 Literature,DeepSeek-R1,"A resident steps outside their apartment on a weekday morning to find the usually busy street lined with parked cars mysteriously empty, despite no posted construction signs, events, or parking restrictions. The sidewalks are clear, nearby businesses are open, and traffic flows normally, but the absence of vehicles along the curb—typically packed by 8 a.m.—is puzzling. A faint odor of gas lingered in the air overnight, though no official alerts were issued. Only later does the resident learn that a ransomware attack disabled access systems for multiple nearby private parking garages, forcing overnight users to urgently relocate their vehicles to distant lots, unaware the issue was resolved by dawn.",Qwen3 235B A22B 2507,"hypothesis: A ransomware attack on nearby private parking garages disabled electronic access systems, prompting overnight drivers to prematurely vacate their vehicles to alternative locations before systems were restored by morning.  
verification: Confirm with garage operators or security logs that a ransomware incident occurred, and cross-reference timestamps of system outages and recovery with surveillance footage showing vehicle departures.","A ransomware attack on nearby private parking garages disabled electronic access systems, prompting overnight drivers to prematurely vacate their vehicles to alternative locations before systems were restored by morning.","Confirm with garage operators or security logs that a ransomware incident occurred, and cross-reference timestamps of system outages and recovery with surveillance footage showing vehicle departures.",ok,
deepseek-r1__historical-documents__00,historical documents,900 History and geography,DeepSeek-R1,"A researcher returns to a national archive to re-examine a 19th-century land deed, only to find that a faint marginal note about a disputed boundary now shows a smudged word and an overwritten date. The document had been stored in a climate-controlled vault since their last visit, with no signs of tampering or environmental shifts, though the public log noted a recent routine maintenance check involving humidity system recalibration. Staff had also documented gradual yellowing of the document’s decades-old cellulose acetate storage sleeve months earlier but delayed replacement due to funding shortages. What explains the sudden alteration to the marginalia, given that the vault’s sensors reported stable conditions and no unauthorized access occurred?  ",Qwen3 235B A22B 2507,"hypothesis: The smudged word and overwritten date resulted from chemical degradation of the ink caused by acetic acid emissions from the aging cellulose acetate sleeve, a process accelerated during the humidity system recalibration, which temporarily altered microenvironmental conditions despite overall stable sensor readings.  
verification: Analyze the document and sleeve using non-invasive pH testing and gas chromatography to detect acetic acid residues and correlate ink instability with areas in direct contact with the sleeve, while reviewing recalibration logs for transient humidity fluctuations.","The smudged word and overwritten date resulted from chemical degradation of the ink caused by acetic acid emissions from the aging cellulose acetate sleeve, a process accelerated during the humidity system recalibration, which temporarily altered microenvironmental conditions despite overall stable sensor readings.","Analyze the document and sleeve using non-invasive pH testing and gas chromatography to detect acetic acid residues and correlate ink instability with areas in direct contact with the sleeve, while reviewing recalibration logs for transient humidity fluctuations.",ok,
deepseek-r1__geography-and-travel__00,geography and travel,900 History and geography,DeepSeek-R1,"A group of hikers arrives at a well-known alpine lake in early summer, expecting to refill water bottles and enjoy the view, only to find the lakebed nearly dry, exposing cracked mud and rocks. The surrounding peaks still hold snow, and smaller streams along the trail flow normally. Though minor tremors were detected in the region earlier in the spring, there are no visible signs of construction, landslides, or recent extreme weather. The hikers are baffled, as the lake is typically fed by glacial meltwater, and the snowpack on distant peaks—still visible—suggests a steady water source. Unaware that unseasonably warm spring temperatures caused rapid snowmelt at higher elevations weeks earlier than usual, depleting the snowpack that usually sustains the lake into midsummer, they speculate about hidden causes for the abrupt disappearance.",Qwen3 235B A22B 2507,"hypothesis: Unseasonably warm spring temperatures caused rapid melting of the high-elevation snowpack earlier than usual, depleting the glacial meltwater source that normally sustains the alpine lake into midsummer.  
verification: Analyze local weather station and satellite data from the preceding months to confirm whether above-average temperatures coincided with an accelerated and early snowmelt pattern in the watershed.","Unseasonably warm spring temperatures caused rapid melting of the high-elevation snowpack earlier than usual, depleting the glacial meltwater source that normally sustains the alpine lake into midsummer.",Analyze local weather station and satellite data from the preceding months to confirm whether above-average temperatures coincided with an accelerated and early snowmelt pattern in the watershed.,ok,
deepseek-r1__ancient-history__00,ancient history,900 History and geography,DeepSeek-R1,"In the bustling Mesopotamian city of Ur around 2100 BCE, merchants and locals arrive at the central market at dawn, only to find it eerily quiet. The usual caravans from Dilmun and Meluhha, laden with copper, ivory, and lapis lazuli, are absent, and many stalls remain closed. Traders note that no advance messengers arrived to explain the delay, and scouts sent to check nearby roads report no signs of banditry or flooding. Rumors circulate that envoys from a rival city-state were recently seen negotiating aggressively with Ur’s officials, though no formal conflict was declared. Meanwhile, temple priests quietly share fragmented reports of travelers falling ill at a distant oasis, though these claims are dismissed as superstition.  ",Qwen3 235B A22B 2507,"hypothesis: A disease outbreak at a key trade-route oasis has incapacitated or killed merchants and transport animals, halting the caravans from Dilmun and Meluhha while preventing advance warnings.  
verification: Dispatch a trusted medical envoys and scouts to the distant oasis to examine remains, assess sanitation conditions, and determine if illness correlates with contaminated water or illness among travelers.","A disease outbreak at a key trade-route oasis has incapacitated or killed merchants and transport animals, halting the caravans from Dilmun and Meluhha while preventing advance warnings.","Dispatch a trusted medical envoys and scouts to the distant oasis to examine remains, assess sanitation conditions, and determine if illness correlates with contaminated water or illness among travelers.",ok,
deepseek-r1__biographies__00,biographies,900 History and geography,DeepSeek-R1,"A small, independent bookstore known for its consistent evening hours—open until 9 PM every weekday—is unexpectedly closed and dark at 7:30 PM on a Thursday, despite no posted signage or visible disruptions. Regular patrons, familiar with the owner’s punctuality, note the absence of construction crews, power outages (neighboring businesses are lit), or weather-related issues. Earlier that week, the owner had been overheard discussing a ""time-sensitive opportunity"" involving a literary estate, sparking speculation among staff about a rare manuscript acquisition. However, the true cause of the closure remains unclear, as no updates appear on the store’s social media or voicemail.  ",Qwen3 235B A22B 2507,"hypothesis: The owner temporarily closed the bookstore early to travel to a private, confidential meeting regarding the acquisition of a rare manuscript from a literary estate, necessitated by sudden scheduling demands from the estate's representatives.  
verification: Contact the owner directly via phone or email to inquire about the closure, referencing the mention of a ""time-sensitive opportunity,"" or check travel records (e.g., public transportation logs or GPS data, if permissible and ethical) to confirm movement toward a known location associated with the estate or a literary agent on that evening.","The owner temporarily closed the bookstore early to travel to a private, confidential meeting regarding the acquisition of a rare manuscript from a literary estate, necessitated by sudden scheduling demands from the estate's representatives.","Contact the owner directly via phone or email to inquire about the closure, referencing the mention of a ""time-sensitive opportunity,"" or check travel records (e.g., public transportation logs or GPS data, if permissible and ethical) to confirm movement toward a known location associated with the estate or a literary agent on that evening.",ok,
deepseek-r1__modern-history__00,modern history,900 History and geography,DeepSeek-R1,"A small, family-owned grocery store in a suburban neighborhood, known for its consistent 7:00 AM opening time, remains closed until noon on a weekday. Regular customers notice no posted signs, construction activity, or visible damage to the building, and neighboring businesses are operating as usual. However, a passerby recalls seeing the owners leave abruptly the previous evening, one of them appearing to take a hurried phone call. The store’s security cameras, typically visible through the front window, are inexplicably offline, and the owners are unreachable by phone until midday, when they arrive flustered but refuse to elaborate on the delay.  ",Qwen3 235B A22B 2507,"hypothesis: The store owners were briefly detained or questioned by law enforcement following a police incident the previous evening, possibly due to a false alarm or misunderstanding at the store.  
verification: Contact the local police department to check if any reports or records exist of an interaction with the store owners on the evening in question.","The store owners were briefly detained or questioned by law enforcement following a police incident the previous evening, possibly due to a false alarm or misunderstanding at the store.",Contact the local police department to check if any reports or records exist of an interaction with the store owners on the evening in question.,ok,
qwen3-235b-a22b-2507__computer-programming__00,computer programming,"000 Computer science, information and general works",Qwen3 235B A22B 2507,"A software engineer begins their workday and attempts to run a routine automated test suite that has passed consistently for weeks. The tests now fail due to a timeout when connecting to an internal authentication service, even though the service’s status dashboard shows all systems operational and network connectivity appears normal. The logs indicate no recent deployment or configuration change, and no alerts have been triggered by the monitoring system, making the cause non-obvious and requiring deeper investigation into subtle service dependencies or transient network policies. Further inspection reveals that the authentication service occasionally takes over 30 seconds to respond during token validation, but only for specific user roles, while most health probes—which check basic endpoint reachability—continue to report success. Interestingly, network tracing shows elevated latency specifically between the authentication servers and a backend database cluster, yet infrastructure teams confirm no recent deployments or maintenance activity. Despite the absence of alerts, historical metrics later show a brief period the previous night when one of the database replicas stopped replicating updates, eventually falling out of sync without triggering a failure alert because the primary replica remained responsive and the cluster’s self-healing mechanism marked the stale node as available too soon after a silent failover.",Qwen3 235B A22B 2507,"hypothesis: A stale database replica that briefly fell out of sync during a silent failover is causing increased latency for authentication requests involving specific user roles, which require data reads from the affected replica.  
verification: Compare database replica synchronization timestamps and query response patterns across user roles, correlating slow responses with requests routed to the stale replica during the window of disrupted replication.","A stale database replica that briefly fell out of sync during a silent failover is causing increased latency for authentication requests involving specific user roles, which require data reads from the affected replica.","Compare database replica synchronization timestamps and query response patterns across user roles, correlating slow responses with requests routed to the stale replica during the window of disrupted replication.",ok,
qwen3-235b-a22b-2507__libraries__00,libraries,"000 Computer science, information and general works",Qwen3 235B A22B 2507,"A patron arrives at the public library at 6:30 p.m., well within the posted weekday hours of 9 a.m. to 8 p.m., only to find the main entrance locked, all interior lights off, and no one inside. The digital sign outside still accurately displays the regular operating hours, and the surrounding area is illuminated by already-active streetlights, indicating that dusk has fallen and the library should be open for evening patrons. Nearby visitors confirm that the lights went out and the doors were sealed abruptly about twenty minutes earlier, with no announcements or warning. While the outage appears isolated to the building and might suggest an internal power failure affecting lighting and access controls, there was no flickering or electrical fluctuation reported—instead, emergency responders were seen entering through a side door with medical equipment, though they left without a stretcher or visible patient.",Qwen3 235B A22B 2507,"hypothesis: A medical emergency involving a staff member or visitor occurred inside the library, prompting an immediate evacuation, lockdown, and deactivation of non-essential systems including lights and door controls, while emergency responders assessed the situation.  
verification: Contact the library administration or local fire department to inquire whether a medical incident was reported at the library during that time, which would confirm the reason for the sudden closure and emergency response.","A medical emergency involving a staff member or visitor occurred inside the library, prompting an immediate evacuation, lockdown, and deactivation of non-essential systems including lights and door controls, while emergency responders assessed the situation.","Contact the library administration or local fire department to inquire whether a medical incident was reported at the library during that time, which would confirm the reason for the sudden closure and emergency response.",ok,
qwen3-235b-a22b-2507__artificial-intelligence__00,artificial intelligence,"000 Computer science, information and general works",Qwen3 235B A22B 2507,"During rush hour, a city’s automated traffic light system functions normally across all intersections except one major junction, where northbound traffic faces unusually long red signals while side streets with little to no vehicles routinely receive green lights. The erratic pattern continues for nearly 20 minutes, with no nearby construction crews, power outages, or physical damage detected, and no emergency overrides logged by transportation authorities. Engineers investigating the anomaly discover recent firmware updates had been silently pushed to traffic control units across the city—part of an ongoing effort to improve responsiveness to real-time traffic conditions. While initial analysis points to an external AI-powered construction monitoring system that briefly transmitted a traffic coordination signal after its cameras misidentified a hovering delivery drone as authorized maintenance equipment, deeper diagnostics reveal that the actual fault originated in a timing loop within the junction’s own controller, triggered unpredictably when the new firmware processed conflicting inputs from its embedded vehicle sensors, despite the update having passed all pre-deployment tests.",Qwen3 235B A22B 2507,"hypothesis: A timing loop in the junction's traffic signal controller firmware, introduced by a recent update, causes erratic signal patterns when conflicting sensor inputs are processed simultaneously under high-traffic conditions.  
verification: Reproduce the issue in a controlled test environment by simulating rush-hour sensor data with conflicting signals on a unit running the updated firmware and monitor for the emergence of the timing loop.","A timing loop in the junction's traffic signal controller firmware, introduced by a recent update, causes erratic signal patterns when conflicting sensor inputs are processed simultaneously under high-traffic conditions.",Reproduce the issue in a controlled test environment by simulating rush-hour sensor data with conflicting signals on a unit running the updated firmware and monitor for the emergence of the timing loop.,ok,
qwen3-235b-a22b-2507__magazines__00,magazines,"000 Computer science, information and general works",Qwen3 235B A22B 2507,"On a Tuesday morning, a local resident stops by the corner newsstand to buy a copy of *The Weekly Review*, as she does every week. The newsstand is open, but the usual rack with the latest issue is empty, and no copies are visible behind the counter. The vendor confirms they didn’t receive the delivery that morning, despite it being 10:30 a.m.—well past the usual arrival time. The other magazines are stocked normally, and there’s no sign of weather-related delays or visible disruptions in the area, but the cause of the missing shipment remains unclear. Later that afternoon, a resident from a nearby town mentions casually that they were surprised to see *The Weekly Review* already on display at their local newsstand—an unusual occurrence, since that outlet typically doesn’t carry the publication.",Qwen3 235B A22B 2507,"hypothesis:  
A distribution error redirected the shipment of *The Weekly Review* to an unintended newsstand in a nearby town instead of the usual local outlet.

verification:  
Contact the publisher or distribution center to confirm the intended delivery manifest and track whether the shipment was mistakenly routed to the nearby town’s newsstand.",A distribution error redirected the shipment of The Weekly Review to an unintended newsstand in a nearby town instead of the usual local outlet.,Contact the publisher or distribution center to confirm the intended delivery manifest and track whether the shipment was mistakenly routed to the nearby town’s newsstand.,ok,
qwen3-235b-a22b-2507__news-media__00,news media,"000 Computer science, information and general works",Qwen3 235B A22B 2507,"On a Tuesday morning, commuters arriving at the Westside Metro Station are met with an unusual scene: the typically packed southbound platform is eerily deserted, even though digital signage confirms trains are running on schedule and turnstiles remain fully functional. Station staff, stationed at the platform entrance, silently wave passengers away, offering only vague references to an “operational issue” when questioned. No emergency vehicles, debris, or damage are visible from the main concourse, and despite the presence of operational public address equipment, no announcements clarify the situation—leaving confused travelers to board northbound trains or find alternate transportation. Adding to the confusion, a local news report briefly circulates on social media, citing eyewitness claims of an ambulance seen near the station’s service entrance around midnight, fueling speculation of a medical incident. However, the true cause lies beneath the surface: an automated safety response initiated by a subtle electrical anomaly in the track power supply has silently disabled access to the platform, halting train movements despite no visible hazard or immediate danger.",Qwen3 235B A22B 2507,"hypothesis: An automated safety system has isolated the southbound platform due to a minor electrical fault in the track power supply, preventing train operations despite no visible hazards or manual intervention.  
verification: Review the train control system logs and trackside power subsystem diagnostics from the early morning hours to identify any recorded voltage irregularities or circuit breaker trips that triggered an automatic platform shutdown.","An automated safety system has isolated the southbound platform due to a minor electrical fault in the track power supply, preventing train operations despite no visible hazards or manual intervention.",Review the train control system logs and trackside power subsystem diagnostics from the early morning hours to identify any recorded voltage irregularities or circuit breaker trips that triggered an automatic platform shutdown.,ok,
qwen3-235b-a22b-2507__philosophy__00,philosophy,100 Philosophy and psychology,Qwen3 235B A22B 2507,"On a Tuesday morning, a university philosophy lecturer arrives at the campus lecture hall expecting to find her 10:00 a.m. ethics seminar in progress, but the room is empty and the lights are off. The digital display outside confirms the room is scheduled for her class, and student enrollment records show 32 attendees. No announcements were made about a cancellation, and the department office is closed for an unforeseen staff meeting, leaving no immediate way to determine why the students and teaching assistant never appeared. Further investigation reveals that while the students’ calendars correctly listed the time and location, the teaching assistant—responsible for distributing session materials and unlocking auxiliary equipment—was seen at a café across town just before 10:00 a.m. reviewing notes for a different week’s topic, apparently under the impression the class had been rescheduled to Wednesday, a change that was never officially communicated or logged in the university system, though an email about a guest speaker visiting ""next week"" may have been misinterpreted.",Qwen3 235B A22B 2507,"hypothesis: The teaching assistant misinterpreted an ambiguous email about a guest speaker visiting ""next week"" as a rescheduling of the class to Wednesday, leading them to believe the Tuesday session was canceled, and since the students relied on the TA’s cues for class logistics, they also stayed away despite their calendars being correct.  
verification: Review the content and timestamp of the email about the guest speaker, confirm its recipients and open rates, and interview the students and TA to determine whether the email's wording caused a widespread but unofficial belief that the class had been moved to Wednesday.","The teaching assistant misinterpreted an ambiguous email about a guest speaker visiting ""next week"" as a rescheduling of the class to Wednesday, leading them to believe the Tuesday session was canceled, and since the students relied on the TA’s cues for class logistics, they also stayed away despite their calendars being correct.","Review the content and timestamp of the email about the guest speaker, confirm its recipients and open rates, and interview the students and TA to determine whether the email's wording caused a widespread but unofficial belief that the class had been moved to Wednesday.",ok,
qwen3-235b-a22b-2507__psychology__00,psychology,100 Philosophy and psychology,Qwen3 235B A22B 2507,"On a Tuesday morning at 8:15 AM, a school psychologist arrives at the elementary school where she works, only to find the main entrance locked and a notice posted stating that the counseling office is temporarily relocated to Room 105 due to ""unplanned facility adjustments."" The rest of the school is open, students are arriving normally, and there are no visible signs of maintenance or construction around the building. The usual morning routines are proceeding without disruption elsewhere, and no staff members are discussing the change in the office location in the hallway, leaving the reason for the relocation unclear despite the otherwise typical start to the school day. Earlier that morning, the custodial team was seen using a moisture detector near the original office's baseboards, and a stack of replacement tiles was left outside Room 105—details that suggest water damage might have prompted the move, though no official report was distributed.",Qwen3 235B A22B 2507,"hypothesis: Water damage near the original counseling office, likely from a leak or moisture intrusion, necessitated its temporary closure and relocation to Room 105 for safety and remediation purposes.  
verification: Inspect maintenance logs or speak directly with the custodial staff to confirm recent moisture readings, water damage assessment, or repair activities in the original office area.","Water damage near the original counseling office, likely from a leak or moisture intrusion, necessitated its temporary closure and relocation to Room 105 for safety and remediation purposes.","Inspect maintenance logs or speak directly with the custodial staff to confirm recent moisture readings, water damage assessment, or repair activities in the original office area.",ok,
qwen3-235b-a22b-2507__dreams__00,dreams,100 Philosophy and psychology,Qwen3 235B A22B 2507,"On a clear, windless Tuesday afternoon, you return from lunch to discover a puzzling scene: a thick, localized deposit of fine white sand blanketing your usual parking spot near the office building, clinging to tire wells and coating the lower sections of nearby cars. The surrounding sidewalks and streets are entirely free of debris, with no tracks, recent construction, or overturned vehicles in sight—only this one concentrated patch, deep enough to hold faint impressions from passing tires. Curiously, a routine inspection earlier that morning did reveal a slightly ajar utility access hatch near the foundation of the building, leading some to suspect a slow emergence of long-trapped material from below, especially given the area’s historical proximity to dry, sandy soil formations. Yet, there were no signs of subsidence, moisture, or underground erosion, and neighboring spots just feet away remained completely untouched, as if the sand had fallen from above with unusual precision.",Qwen3 235B A22B 2507,"hypothesis: A maintenance helicopter or drone conducting roof inspections earlier that morning inadvertently spilled or shed a ballast or counterweight reservoir filled with fine white sand while hovering over the parking spot.  
verification: Review building security camera footage from the morning to check for low-flying aircraft above the area and inspect rooftop access logs or maintenance schedules for aerial vehicle usage.",A maintenance helicopter or drone conducting roof inspections earlier that morning inadvertently spilled or shed a ballast or counterweight reservoir filled with fine white sand while hovering over the parking spot.,Review building security camera footage from the morning to check for low-flying aircraft above the area and inspect rooftop access logs or maintenance schedules for aerial vehicle usage.,ok,
qwen3-235b-a22b-2507__logic__00,logic,100 Philosophy and psychology,Qwen3 235B A22B 2507,"On a Tuesday morning, you arrive at your usual subway station at 8:15 a.m., just as you do every weekday, and notice the platform is completely empty. The digital display shows real-time train arrivals, all of which indicate ""Delayed — Next train in 25 min,"" despite no announcements on the public address system and no posted notices at the stairwell or ticket gates. The weather is clear, the trains on adjacent lines are running normally, and there are no visible signs of maintenance work, police activity, or obstructions on the tracks. Earlier that morning, maintenance logs confirm that automated sensors along the route registered a brief, sub-threshold voltage fluctuation in the third rail—well within operational tolerances—which did not trigger any alarms or safety cutoffs but coincided precisely with the onset of the delay. However, this electrical reading was later determined to be a routine variation, not requiring intervention. The actual cause of the delay—undetectable without access to internal transit control information—was a background maintenance process that, due to a timing overlap, initiated an unplanned synchronization cycle between the signaling system and central dispatch, placing the entire line into a silent diagnostic hold mode for system recalibration.",Qwen3 235B A22B 2507,"hypothesis: A background maintenance process triggered an unplanned synchronization cycle between the signaling system and central dispatch, placing the line into a silent diagnostic hold mode that paused train operations without generating public alerts or alarms.  
verification: Access internal transit control logs during the delay period to confirm the unintended initiation of a system-wide diagnostic recalibration that temporarily suspended train movements while remaining invisible to passengers and standard monitoring systems.","A background maintenance process triggered an unplanned synchronization cycle between the signaling system and central dispatch, placing the line into a silent diagnostic hold mode that paused train operations without generating public alerts or alarms.",Access internal transit control logs during the delay period to confirm the unintended initiation of a system-wide diagnostic recalibration that temporarily suspended train movements while remaining invisible to passengers and standard monitoring systems.,ok,
qwen3-235b-a22b-2507__ethics__00,ethics,100 Philosophy and psychology,Qwen3 235B A22B 2507,"On a Tuesday morning at 8:15 a.m., a delivery driver arrives at a suburban medical clinic to drop off a shipment of temperature-sensitive vaccines, as scheduled. The clinic’s exterior lights are off, the front door is locked, and the posted hours—open daily 7:00 a.m. to 6:00 p.m.—are clearly visible. A sign in the window reads “Open,” but no staff are visible through the windows, and the security system appears to be active, suggesting the building was not opened normally that day. There are no signs of emergency vehicles, damage, or public notices explaining the unusual closure, and nearby businesses are operating as usual, offering no obvious clues about what caused the deviation. Later, it is discovered that the circuit breaker for the clinic's main electrical panel had tripped the previous night — the same event that caused the door locks to engage automatically, disabled the alarm system from disarming remotely, and cut power to internal communications, preventing staff from coordinating after arriving. Despite these systemic failures, no one on-site activated emergency protocols or contacted external support, leaving the facility closed all morning without explanation.",Qwen3 235B A22B 2507,"hypothesis: The clinic remained closed because the tripped circuit breaker caused a cascade of system failures—including locked doors, disabled alarms, and nonfunctional internal communications—preventing staff from entering or coordinating a response, and no one initiated emergency protocols to address the outage.  
verification: Review security footage and power system logs from the day of the incident to confirm the timing of the breaker trip, assess staff arrival and actions upon finding the systems down, and determine whether emergency contacts or procedures were attempted.","The clinic remained closed because the tripped circuit breaker caused a cascade of system failures—including locked doors, disabled alarms, and nonfunctional internal communications—preventing staff from entering or coordinating a response, and no one initiated emergency protocols to address the outage.","Review security footage and power system logs from the day of the incident to confirm the timing of the breaker trip, assess staff arrival and actions upon finding the systems down, and determine whether emergency contacts or procedures were attempted.",ok,
qwen3-235b-a22b-2507__the-environment__00,the environment,300 Social sciences,Qwen3 235B A22B 2507,"On a Tuesday morning, you arrive at your usual bus stop downtown and notice that the electronic display, which normally shows real-time arrival times for all routes, is completely blank—no error message, no power indicator, just black. The other digital signs along the platform are working fine, and the buses themselves are running on schedule, arriving and departing without visible delay. The transit authority’s website shows no service alerts, and there’s no construction or visible damage near the kiosk. You observe several other passengers glancing at the dark screen before checking their phones. A transit employee passes by shortly after and briefly inspects the unit, nodding to himself as if confirming an expected status, but makes no attempt to open the casing or perform repairs, instead jotting something on a clipboard and leaving promptly. Despite the outward appearance of a hardware malfunction, the system's data feed remains active—verified when a nearby passenger mentions that their transit app updated seconds ago with an approaching bus—yet the display stays dark, unaffected by the surrounding infrastructure's functionality.",Qwen3 235B A22B 2507,"hypothesis: The bus stop's electronic display is experiencing a localized power failure to the screen itself, possibly due to a tripped internal fuse or failed power converter, while the data receiver and processing unit remain operational and connected to the network.  
verification: A technician can use a multimeter to test for voltage output at the display's power supply unit within the kiosk to confirm whether power is being delivered to the screen.","The bus stop's electronic display is experiencing a localized power failure to the screen itself, possibly due to a tripped internal fuse or failed power converter, while the data receiver and processing unit remain operational and connected to the network.",A technician can use a multimeter to test for voltage output at the display's power supply unit within the kiosk to confirm whether power is being delivered to the screen.,ok,
qwen3-235b-a22b-2507__politics__00,politics,300 Social sciences,Qwen3 235B A22B 2507,"On a Wednesday morning in early October, the state capitol's legislative office building opens nearly an hour later than its usual 7:00 a.m. start, despite clear weather and no public notice of delays. Security teams are stationed at the entrances, offering no explanation but redirecting staff to a temporary check-in point just inside the main doors. Inside, portions of the second floor remain dimly lit, and several key committee rooms are unexpectedly locked—even though no meetings or maintenance were scheduled—while IT personnel are seen moving discreetly between server closets and the administrative wing. Although rumors circulate about a potential data breach involving sensitive legislative records, no evidence of intrusion is later confirmed, and no official statement cites security concerns. Normal access gradually resumes by mid-morning, but the administrative office issues no clarification, leaving staff speculating about the cause of the disruption.",Qwen3 235B A22B 2507,"hypothesis: A routine but high-priority internal systems audit or failover test was conducted on the building’s IT infrastructure, requiring restricted access, temporary server room lockdowns, and delayed building operations without public disclosure.  
verification: Review internal IT department logs and schedules from that morning to confirm whether a pre-planned system audit, network failover test, or security protocol drill was executed, which would explain the restricted access and presence of technical staff without indicating an actual breach.","A routine but high-priority internal systems audit or failover test was conducted on the building’s IT infrastructure, requiring restricted access, temporary server room lockdowns, and delayed building operations without public disclosure.","Review internal IT department logs and schedules from that morning to confirm whether a pre-planned system audit, network failover test, or security protocol drill was executed, which would explain the restricted access and presence of technical staff without indicating an actual breach.",ok,
qwen3-235b-a22b-2507__economics__00,economics,300 Social sciences,Qwen3 235B A22B 2507,"A commuter arrives at the subway station just before 8:30 a.m., during the peak workday rush, and finds an unusual delay alert displayed: Line 4 trains are running every 12 minutes instead of the usual 4-minute intervals. The station is fully staffed, no visible maintenance work is underway, and no accident reports have been issued. Though other lines are operating normally and the weather is clear, the reduced frequency persists for over an hour, affecting hundreds of passengers. The delay is particularly puzzling because system monitors at the station show no faults, and supervisors initially suspect a temporary hardware failover—later confirmed by logs showing that a redundant signaling processor at a critical junction had switched to backup mode during the outage, a fail-safe response typically triggered by electrical anomalies. However, investigators ultimately discover that no actual power fluctuation occurred; instead, an innocuous software update deployed overnight contained a latent bug that created an undetected timing loop in the train调度 algorithm, causing scheduled headways to incorrectly stretch from 4 to 12 minutes until the next routine system synchronization automatically corrected the cycle.",Qwen3 235B A22B 2507,"hypothesis: A latent software bug in an overnight update caused a timing loop in the train scheduling algorithm, erroneously extending the scheduled headway from 4 to 12 minutes without triggering fault alerts.  
verification: Analyze the version-controlled software logs and scheduler output from the signaling system to identify the timing discrepancy introduced by the updated code, correlating its activation with the onset of delayed intervals.","A latent software bug in an overnight update caused a timing loop in the train scheduling algorithm, erroneously extending the scheduled headway from 4 to 12 minutes without triggering fault alerts.","Analyze the version-controlled software logs and scheduler output from the signaling system to identify the timing discrepancy introduced by the updated code, correlating its activation with the onset of delayed intervals.",ok,
qwen3-235b-a22b-2507__education__00,education,300 Social sciences,Qwen3 235B A22B 2507,"A high school math teacher arrives at school one Tuesday morning to discover that all the classroom computers, including the interactive whiteboard, are offline, despite the district’s reliable network and no prior announcements of planned maintenance. Other teachers in adjacent classrooms report the same issue, but the school’s main office remains operational with full internet access, and no alarms or visible hardware failures are present in the IT closet near the second-floor wing. The school’s daily schedule proceeds as usual, but digital lesson plans and online testing must be postponed, and the technician says the cause won’t be known until the end of the day when logs from the internal network switches are analyzed. Earlier that week, the district’s IT team performed a scheduled security update focused on network access controls, and preliminary inspection shows that classroom VLAN settings appear unchanged—yet traffic from instructional zones is not reaching the core router, suggesting a segmentation error. However, what ultimately emerges from the log analysis is that a recently installed motion-activated power conservation system on the second floor, intended to reduce energy use after school hours, had cut power to the network switches during the night and, despite motion being detected when staff arrived, failed to fully restore power to all units, leaving the switches in a powered-down state that mimicked a configuration failure even though the physical infrastructure was intact.",Qwen3 235B A22B 2507,"hypothesis: A motion-activated power conservation system on the second floor inadvertently failed to restore full power to the network switches after school hours, leaving them in a powered-down state that disrupted connectivity for classrooms but not the main office, which is on a separate circuit.  
verification: Check the power logs of the motion-activated system and the network switches to confirm that power was cut during off-hours and not fully restored upon motion detection, correlating the timing of power loss with the outage.","A motion-activated power conservation system on the second floor inadvertently failed to restore full power to the network switches after school hours, leaving them in a powered-down state that disrupted connectivity for classrooms but not the main office, which is on a separate circuit.","Check the power logs of the motion-activated system and the network switches to confirm that power was cut during off-hours and not fully restored upon motion detection, correlating the timing of power loss with the outage.",ok,
qwen3-235b-a22b-2507__customs-and-etiquette__00,customs and etiquette,300 Social sciences,Qwen3 235B A22B 2507,"On a Tuesday morning at 7:45 AM, a commuter arrives at her regular bus stop to find an unusually large crowd of passengers and no sign of the usual bus. The digital display at the stop reads “On Schedule,” with no detour notices or visible disruptions nearby, and traffic flows smoothly along the route. Fellow commuters exchange knowing glances but offer no explanations, suggesting awareness of the issue—yet no official information is available. Although the system’s public-facing indicators show no delays, and no incidents have been reported along the roadway, the absence of the first bus of the day has caused a ripple effect, leaving subsequent buses to arrive in clusters much later than expected, with passengers accumulating at stops that rely on consistent timing. This disruption originated not from a roadway incident, but from an internal operational delay at the terminal that never made it into the real-time tracking system.",Qwen3 235B A22B 2507,"hypothesis: A failure in communication between the terminal operations team and the real-time tracking system caused the first bus to depart late without triggering any schedule updates or alerts, creating an undetected gap in service.  
verification: Review internal dispatch logs and GPS timestamp data from the first bus to confirm a departure delay from the terminal that is not reflected in the public-facing schedule or digital displays.","A failure in communication between the terminal operations team and the real-time tracking system caused the first bus to depart late without triggering any schedule updates or alerts, creating an undetected gap in service.",Review internal dispatch logs and GPS timestamp data from the first bus to confirm a departure delay from the terminal that is not reflected in the public-facing schedule or digital displays.,ok,
qwen3-235b-a22b-2507__language__00,language,400 Language,Qwen3 235B A22B 2507,"On a Tuesday morning, a commuter arrives at the usual bus stop downtown at 8:15 a.m., only to find that the bus bench is missing and has been replaced with fresh concrete footings, though no construction signs or workers are present. The bus schedule posted at the stop still lists normal service, and the surrounding sidewalks show no recent excavation or disruption. By the time the next bus arrives ten minutes later, the temporary shelter panel has also been removed, but no one nearby seems to know when or why the changes were made. City transit logs confirm no scheduled upgrades or maintenance in the area, yet a local news brief from the previous evening mentions an abrupt power outage affecting several downtown blocks resolved by midnight—repairs that, according to internal utility records, required immediate access to a subterranean junction box directly beneath the bus stop, prompting a contractor to remove the fixtures overnight and conceal all signs of work before morning rush hour.",Qwen3 235B A22B 2507,"hypothesis: The bus bench and shelter were temporarily removed to allow emergency access to an underground junction box during overnight power outage repairs, and the fixtures were not reinstalled before morning due to time constraints or miscommunication.  
verification: Cross-reference the utility company’s repair logs and contractor activity reports from the night of the outage with delivery and installation schedules for the bus stop fixtures to confirm whether reinstallation was delayed.","The bus bench and shelter were temporarily removed to allow emergency access to an underground junction box during overnight power outage repairs, and the fixtures were not reinstalled before morning due to time constraints or miscommunication.",Cross-reference the utility company’s repair logs and contractor activity reports from the night of the outage with delivery and installation schedules for the bus stop fixtures to confirm whether reinstallation was delayed.,ok,
qwen3-235b-a22b-2507__foreign-languages__00,foreign languages,400 Language,Qwen3 235B A22B 2507,"You arrive at the small language school in Lyon just after 10:15 a.m. on a Wednesday for your scheduled French tutoring session, only to find the classroom building locked without warning. A printed notice in French taped to the door explains that all in-person classes are canceled for the day due to an unscheduled internal staff training session. Surprisingly, no emails, text alerts, or social media updates were sent to inform students—none of which are visible even upon checking the website and online accounts—despite the school’s usual practice of sending timely notifications for such changes. Nearby shops and cafes are open, public transit is running normally, and there are no local news reports about city-wide issues or emergencies. One of the cleaning staff mentions overhearing teachers hurriedly gathering in the conference room earlier that morning, and you recall the school recently underwent a routine inspection by regional education officials the previous month, though no problems were officially reported at the time.",Qwen3 235B A22B 2507,"hypothesis: The school administration canceled classes abruptly for an unannounced internal staff training or emergency meeting, possibly prompted by issues uncovered during the recent inspection, but failed to notify students due to disorganized communication protocols.  
verification: Contact the school directly by phone or email to inquire about the cancellation reason and check with regional education authorities whether any post-inspection directives were issued that might have required immediate staff action.","The school administration canceled classes abruptly for an unannounced internal staff training or emergency meeting, possibly prompted by issues uncovered during the recent inspection, but failed to notify students due to disorganized communication protocols.",Contact the school directly by phone or email to inquire about the cancellation reason and check with regional education authorities whether any post-inspection directives were issued that might have required immediate staff action.,ok,
qwen3-235b-a22b-2507__classical-languages__00,classical languages,400 Language,Qwen3 235B A22B 2507,"On a Tuesday morning in a small Italian town, a Latin teacher arrives at the public library at 9:00 AM, as she has every Tuesday for the past three years, to access rare 16th-century editions of Cicero’s works. The library door is locked, and the posted hours—8:30 AM to 6:00 PM weekdays—are clearly displayed. A handwritten note in Italian is taped to the glass, stating the library will reopen at noon, but no reason is given. All lights inside are off, no staff are visible, and no construction or obvious disruption is apparent in the surrounding area. A neighbor later mentions seeing the head librarian rush into the building briefly around 8:15 AM with a look of distress before leaving again moments later, calling urgently into a mobile phone. Surveillance footage, though not publicly available, confirms no staff entered after that time and no signs of illness, injury, or emergency response activity ever reached the site. The silence and lack of any external clues make it impossible to determine whether the closure is due to a staff emergency, a power issue affecting only the building, or an administrative decision not evident to passersby.",Qwen3 235B A22B 2507,"hypothesis: The head librarian discovered a critical security threat—such as a gas leak, electrical fault, or structural issue—inside the library upon early morning inspection, prompting an immediate but temporary evacuation and closure without public announcement to avoid panic.  
verification: Review internal maintenance logs and building safety inspection records from the library’s administrative office or local utility providers for entries indicating an anomalous reading or service call between 8:15 and 9:00 AM on that Tuesday.","The head librarian discovered a critical security threat—such as a gas leak, electrical fault, or structural issue—inside the library upon early morning inspection, prompting an immediate but temporary evacuation and closure without public announcement to avoid panic.",Review internal maintenance logs and building safety inspection records from the library’s administrative office or local utility providers for entries indicating an anomalous reading or service call between 8:15 and 9:00 AM on that Tuesday.,ok,
qwen3-235b-a22b-2507__dictionaries__00,dictionaries,400 Language,Qwen3 235B A22B 2507,"On a quiet weekday morning, as you pass the public library, you pause at the entrance to find the large rotating dictionary display—usually filled with well-kept reference volumes—completely empty. The glass case remains intact, no alarms have been triggered, and no warning signs or notices are posted nearby. Library staff move about inside, attending to their usual tasks without apparent concern, yet no explanation for the sudden absence is visible. Interestingly, near the display, you spot a stack of pamphlets previewing a new “Future of Learning” exhibition featuring digital research stations, set to launch next week, though no formal upgrades have been publicly advertised yet. The removal appears deliberate, but not urgent—no tools or barricades are present, and the base of the display shows faint scuff marks, as if the books were recently lifted away with care.",Qwen3 235B A22B 2507,"hypothesis: The library staff removed the books from the rotating dictionary display as part of a planned transition to the upcoming “Future of Learning” exhibition, replacing physical references with digital equivalents to symbolize the shift in educational tools.  
verification: Ask a library staff member whether the empty display is part of the preparation for the new exhibition and if the books will be reintegrated, digitized, or permanently removed.","The library staff removed the books from the rotating dictionary display as part of a planned transition to the upcoming “Future of Learning” exhibition, replacing physical references with digital equivalents to symbolize the shift in educational tools.","Ask a library staff member whether the empty display is part of the preparation for the new exhibition and if the books will be reintegrated, digitized, or permanently removed.",ok,
qwen3-235b-a22b-2507__grammar__00,grammar,400 Language,Qwen3 235B A22B 2507,"A local public library typically opens at 9:00 a.m. and remains open until 5:00 p.m., Monday through Friday. On a given Tuesday morning, several regular patrons arrive at 9:15 a.m. to find the doors still locked and the interior lights off, despite no posted notices about closures or holidays, and the sign in the window still displaying normal hours. The automated phone system also continues to list standard operating times, and no weather event or public emergency has occurred that might explain the delay—yet staff are unseen, and there is no obvious indication of why the library has not opened on time. Security footage later shows that the head librarian arrived at 8:52 a.m., swiped their access card at the staff entrance, and entered the building without issue, but no lights were turned on and the public doors remained locked. While reviewing internal systems, technicians discover that although the backup generator cycle completed normally and no circuit breakers had tripped, the central access control panel is displaying an outdated scheduled lock state, and a manual override is required to restore automatic operations.",Qwen3 235B A22B 2507,"hypothesis: A software glitch in the central access control system failed to update the scheduled lock state after a time change or system reboot, causing the doors to remain locked and lights off despite the building being physically accessible.  
verification: Check the system logs of the central access control panel for timestamp discrepancies or failed schedule updates, and confirm whether recent time changes or reboots coincide with the onset of the malfunction.","A software glitch in the central access control system failed to update the scheduled lock state after a time change or system reboot, causing the doors to remain locked and lights off despite the building being physically accessible.","Check the system logs of the central access control panel for timestamp discrepancies or failed schedule updates, and confirm whether recent time changes or reboots coincide with the onset of the malfunction.",ok,
qwen3-235b-a22b-2507__natural-science__00,natural science,500 Pure science,Qwen3 235B A22B 2507,"On a clear summer morning in a suburban neighborhood, a homeowner discovers that the swimming pool cover is partially ajar and water has spilled onto the deck, forming a wide, shallow puddle that glistens in the sunlight. There has been no recent rainfall, the weather has been calm, and evaporation would have lowered the water level, not raised it. The automatic pool cleaner ran its usual overnight cycle, and the home security system shows no entry into the pool area. A quick inspection reveals no cracks in the pool, no sign of a backed-up hose, and the refill valve appears to be in proper working order, with no immediate evidence of external water influx. However, municipal records later confirm a brief but intense pressure spike in the local water system during the night—around the same time the pool cleaner was most active—suggesting the surge may have forced the refill valve open. Despite this, the real cause lies in a subtle internal disruption: the repeated motion of the pool cleaner inadvertently jostled a deteriorating seal in the skimmer box, creating a minor but persistent recirculation loop that slowly inflated the perceived water volume until it breached the pool’s edge, a flaw that only becomes evident upon dismantling the filtration housing.",Qwen3 235B A22B 2507,"hypothesis: The pool cleaner's repeated motion loosened a deteriorating seal in the skimmer box, creating a hidden recirculation loop that gradually increased water displacement until it overflowed the pool edge.  
verification: Dismantle and inspect the skimmer box and filtration housing to identify wear or misalignment in the seal that could allow internal water recirculation and overflow.","The pool cleaner's repeated motion loosened a deteriorating seal in the skimmer box, creating a hidden recirculation loop that gradually increased water displacement until it overflowed the pool edge.",Dismantle and inspect the skimmer box and filtration housing to identify wear or misalignment in the seal that could allow internal water recirculation and overflow.,ok,
qwen3-235b-a22b-2507__mathematics__00,mathematics,500 Pure science,Qwen3 235B A22B 2507,"A mathematics professor arrives at the university lecture hall ten minutes before a scheduled exam to discover the room locked and the exam materials absent from the designated cabinet, despite having confirmed with the department secretary that they were properly submitted for copying and placement. The building is otherwise operational, with classes underway in nearby rooms, and the master key log indicates no access to the lecture hall that day. The facilities staff insists no maintenance was performed, though a partially emptied cleaning cart was found just around the corner the previous evening, labeled with a room number adjacent to the lecture hall—an apparent coincidence, as no maintenance had been scheduled for that area. The teaching assistant, who usually handles distribution, claims no responsibility, and security footage from the night before shows an obscured figure near the cabinet before a sudden, unexplained corruption in the recording. What neither the custodial logs nor the security team can clarify is why the exams were found two days later in a fire-safe archival office downtown, a facility used by only a few senior faculty for emergency document storage, none of whom reported moving them.",Qwen3 235B A22B 2507,"hypothesis:  
A malicious insider with access to the master key and knowledge of security blind spots deliberately intercepted the exam materials, staged misdirection using the cleaning cart, exploited a vulnerability in the security camera system to obscure their identity, and stored the exams in the remote fire-safe office to delay discovery without permanently concealing them, possibly to sabotage the exam or extort academic leverage.

verification:  
Cross-correlate electronic access logs for the fire-safe archival office, master key sign-out records, and custodial staff shift logs during the incident window, while conducting a forensic analysis of the corrupted security footage to recover metadata or partial timestamps that may identify the individual responsible.","A malicious insider with access to the master key and knowledge of security blind spots deliberately intercepted the exam materials, staged misdirection using the cleaning cart, exploited a vulnerability in the security camera system to obscure their identity, and stored the exams in the remote fire-safe office to delay discovery without permanently concealing them, possibly to sabotage the exam or extort academic leverage.","Cross-correlate electronic access logs for the fire-safe archival office, master key sign-out records, and custodial staff shift logs during the incident window, while conducting a forensic analysis of the corrupted security footage to recover metadata or partial timestamps that may identify the individual responsible.",ok,
qwen3-235b-a22b-2507__physics__00,physics,500 Pure science,Qwen3 235B A22B 2507,"One morning, a homeowner finds that their electric kettle, which had worked flawlessly the previous evening, no longer heats water despite appearing to turn on normally—the indicator light glows, the power switch clicks into place, and the outlet is confirmed live with a multimeter. All other kitchen appliances operate without issue, and the circuit breaker remains in the ""on"" position, showing no signs of tripping. Curiously, when the kettle is placed on the base, it emits a faint buzzing sound, and the base feels slightly warm to the touch after repeated attempts, suggesting some electrical activity is occurring. The kettle’s heating element had been replaced six months earlier during a routine repair, and since then, the device has been used daily without incident. Though the exterior shows no signs of damage, the persistent lack of heating despite the powered indicator light points to a hidden fault that affects only the high-current function of the device.",Qwen3 235B A22B 2507,"hypothesis: A loose or corroded connection between the kettle and its base is preventing proper electrical contact, causing high resistance that disrupts current flow to the heating element while allowing enough power for the indicator light and producing heat and buzzing at the faulty junction.  
verification: Inspect and clean the electrical contacts on both the kettle’s base and the bottom of the kettle, then test continuity with a multimeter under pressure to confirm a stable connection.","A loose or corroded connection between the kettle and its base is preventing proper electrical contact, causing high resistance that disrupts current flow to the heating element while allowing enough power for the indicator light and producing heat and buzzing at the faulty junction.","Inspect and clean the electrical contacts on both the kettle’s base and the bottom of the kettle, then test continuity with a multimeter under pressure to confirm a stable connection.",ok,
qwen3-235b-a22b-2507__chemistry__00,chemistry,500 Pure science,Qwen3 235B A22B 2507,"A high school chemistry teacher prepares her usual demonstration of copper(II) sulfate crystallization, dissolving 40 grams of the vivid blue crystals in 100 mL of near-boiling water to create a saturated solution—a procedure she has executed successfully for years. She covers the beaker with a watch glass she believes to be clean and leaves it undisturbed overnight in the classroom, expecting to see large, well-formed crystals the next morning. To her surprise, only a thin crust forms along the rim, with little to no crystal development in the bulk solution. There were no drafts, open windows, or fluctuations in room temperature, and the classroom’s newly optimized HVAC system had maintained exceptionally stable air conditions, seemingly ideal for slow crystallization. Notably, the school had recently switched to a different water source for maintenance reasons, prompting rumors of altered mineral content in the tap water, which many suspect could disrupt sensitive chemical processes. Despite these environmental controls and water changes, the real issue was not in the air or the water, but at the surface: the watch glass, though visually spotless, had been wiped with a cloth previously used with a silicone-based polish, leaving behind an invisible film that reduced surface tension and evaporation, effectively stifling the nucleation process crucial for crystal growth.",Qwen3 235B A22B 2507,"hypothesis: The invisible silicone residue on the watch glass reduced surface tension and inhibited evaporation, suppressing nucleation and preventing significant crystal growth.  
verification: Repeat the experiment using a new, uncontaminated watch glass cleaned with detergent and rinsed with distilled water, while keeping all other conditions identical, to observe if normal crystallization resumes.","The invisible silicone residue on the watch glass reduced surface tension and inhibited evaporation, suppressing nucleation and preventing significant crystal growth.","Repeat the experiment using a new, uncontaminated watch glass cleaned with detergent and rinsed with distilled water, while keeping all other conditions identical, to observe if normal crystallization resumes.",ok,
qwen3-235b-a22b-2507__biology__00,biology,500 Pure science,Qwen3 235B A22B 2507,"On a typical spring morning, a biology researcher arrives at a university greenhouse to collect leaf samples from a controlled cohort of *Arabidopsis thaliana* plants grown under identical light, temperature, and watering conditions. The plants in one growth chamber show significantly higher rates of stomatal opening compared to those in the other chambers, despite all environmental parameters being logged as uniform. The automated monitoring system shows no anomalies in light intensity, humidity, or CO₂ levels for that chamber, and there are no visible signs of equipment malfunction or human interference, making the cause of the physiological difference unclear without further diagnostic testing. Notably, the CO₂ sensors in that chamber have consistently recorded stable levels, though detailed analysis later reveals that the data logs average readings over 15-minute intervals, potentially masking short-term fluctuations that could influence plant physiology—yet no physical damage or disconnections are found in the gas delivery system, and recalibration confirms the sensors were functioning accurately throughout the experiment.",Qwen3 235B A22B 2507,"hypothesis:  
Transient, sub-minute fluctuations in CO₂ concentration—undetected due to 15-minute averaging in sensor logging—are triggering enhanced stomatal opening in the affected chamber.  

verification:  
Deploy high-frequency CO₂ sensors that record second-by-second concentration changes over a 24-hour period in both the affected and control chambers to detect any short-term fluctuations correlated with stomatal conductance patterns.","Transient, sub-minute fluctuations in CO₂ concentration—undetected due to 15-minute averaging in sensor logging—are triggering enhanced stomatal opening in the affected chamber.",Deploy high-frequency CO₂ sensors that record second-by-second concentration changes over a 24-hour period in both the affected and control chambers to detect any short-term fluctuations correlated with stomatal conductance patterns.,ok,
qwen3-235b-a22b-2507__health-and-medicine__00,health and medicine,600 Technology,Qwen3 235B A22B 2507,"A 45-year-old patient arrives at a primary care clinic for a scheduled cholesterol follow-up, expecting to have a standard blood draw as part of routine monitoring. The phlebotomy lab informs her that her test cannot be processed that day, despite normal operating hours and staffing. No other patients appear to be affected, and the equipment shows no visible malfunctions. When staff review the electronic health record, the lab order appears complete and authorized, with no alerts or error messages visible in the user interface. A technician notes that the system logs show the order was received but marked with a research protocol designation, which automatically routes it outside the standard processing workflow. The patient recalls participating in a diabetes prevention study nearly five years ago but was told her involvement ended with no ongoing data use. It is later discovered that during an overnight data maintenance cycle, legacy metadata from that expired study—previously dormant—was reactivated due to an incomplete archival flag, which reassociated her records with the defunct research protocol in a way that only surfaced during backend processing and required direct database intervention to correct.",Qwen3 235B A22B 2507,"hypothesis: An incomplete archival flag from a defunct research protocol was unintentionally reactivated during a routine data maintenance cycle, causing the patient's lab order to be misrouted due to residual backend metadata associations.  
verification: Query the database audit logs for metadata changes during the most recent maintenance window to confirm reactivation of the expired research protocol flag on the patient’s record.","An incomplete archival flag from a defunct research protocol was unintentionally reactivated during a routine data maintenance cycle, causing the patient's lab order to be misrouted due to residual backend metadata associations.",Query the database audit logs for metadata changes during the most recent maintenance window to confirm reactivation of the expired research protocol flag on the patient’s record.,ok,
qwen3-235b-a22b-2507__engineering__00,engineering,600 Technology,Qwen3 235B A22B 2507,"A civil engineer arrives at a construction site in the early afternoon to inspect the foundation work on a new building. The site was fully drained and dry during the morning inspection, with no forecasted rain and no recent precipitation. The surrounding terrain shows no signs of surface runoff, and adjacent storm drains remain empty and inactive. However, the engineer finds several inches of standing water in the excavation pit, submerging the previously functional sump pumps, which now sit idle but undamaged—power lines intact and no visible blockages. The water is clear, lacks sediment, and shows no evidence of flowing in from nearby sources or overland discharge. Nearby utility records indicate the presence of an underground stormwater retention system installed beneath a neighboring park, designed to release stored water during off-peak hours via subsurface piping; however, a geotechnical survey from last month had noted elevated pore pressures in a deep clay-confined aquifer beneath the site, a condition previously considered stable and isolated from construction activities. Despite this, monitoring wells in the vicinity show unchanged water levels, and there is no sign of ground heave or fracturing at the surface.",Qwen3 235B A22B 2507,"hypothesis:  
Water from the deep clay-confined aquifer, pressurized due to undetected connectivity or delayed response from the neighboring stormwater retention system’s subsurface release, has migrated upward through localized preferential pathways, bypassing monitoring wells and surfacing in the excavation pit.

verification:  
Install vibrating wire piezometers at multiple depths within the excavation and adjacent monitoring wells to detect transient changes in pore water pressure and confirm vertical hydraulic connectivity between the confined aquifer and the stormwater system during scheduled release cycles.","Water from the deep clay-confined aquifer, pressurized due to undetected connectivity or delayed response from the neighboring stormwater retention system’s subsurface release, has migrated upward through localized preferential pathways, bypassing monitoring wells and surfacing in the excavation pit.",Install vibrating wire piezometers at multiple depths within the excavation and adjacent monitoring wells to detect transient changes in pore water pressure and confirm vertical hydraulic connectivity between the confined aquifer and the stormwater system during scheduled release cycles.,ok,
qwen3-235b-a22b-2507__farming-and-agriculture__00,farming and agriculture,600 Technology,Qwen3 235B A22B 2507,"A dairy farmer arrives at the milking parlor at 6:00 a.m., as usual, only to find that the automated milking system has not recorded any milking sessions from the previous evening, despite the cows having been brought in on time and the system appearing to power on normally. The control panel shows no error messages, and the vacuum pressure and milk line appear intact upon initial inspection. The barn’s security camera footage later reveals that the system briefly lost power for exactly 12 minutes during the evening milking, but the main electrical panel shows no tripped breakers, and neighboring equipment on the same circuit operated without interruption. Notably, a power quality monitor on the main grid feed detected a minor voltage fluctuation at nearly the same time, though it was within acceptable tolerance for most farm equipment and did not affect other devices—yet the milking system's control unit rebooted silently and failed to resume logging or initiate milking cycles after the event, leaving no internal fault codes despite the complete absence of recorded data.",Qwen3 235B A22B 2507,"hypothesis: The automated milking system's control unit experienced a transient voltage sag that was sufficient to cause a silent reboot without triggering fault codes, and due to a firmware limitation, it failed to automatically resume scheduled milking operations after the power interruption.  
verification: Reproduce the issue by simulating a similar voltage fluctuation using a power conditioner or variac on a test unit of the same model and confirm whether the control unit reboots and fails to resume milking cycles or log data without generating error messages.","The automated milking system's control unit experienced a transient voltage sag that was sufficient to cause a silent reboot without triggering fault codes, and due to a firmware limitation, it failed to automatically resume scheduled milking operations after the power interruption.",Reproduce the issue by simulating a similar voltage fluctuation using a power conditioner or variac on a test unit of the same model and confirm whether the control unit reboots and fails to resume milking cycles or log data without generating error messages.,ok,
qwen3-235b-a22b-2507__management__00,management,600 Technology,Qwen3 235B A22B 2507,"A manager arrives at the office at 8:15 a.m. to prepare for a scheduled team meeting at 9:00 a.m., only to find that the conference room’s video conferencing system is offline—despite having been tested and functioning properly the previous day and no reports of technical issues overnight. The router lights are normal, all cables appear securely connected, and other devices on the same network are operating without disruption. A quick review of system logs reveals no alerts or errors related to reboots, connectivity drops, or authentication failures, and there is no record of recent firmware updates in the device’s management console. However, a technician later discovers that although the Ethernet cable is plugged into the wall port, the other end had been disconnected from the back of the conferencing unit and left dangling, with no obvious signs of forced tampering or disturbance to the equipment cabinet. The system resumes normal operation immediately upon reconnection.",Qwen3 235B A22B 2507,"hypothesis: The video conferencing system was inadvertently disconnected when someone accidentally unplugged the Ethernet cable from the device during routine office activity or cleaning.  
verification: Review security camera footage from the conference room area overnight and during early morning hours to confirm whether maintenance staff or others approached the equipment cabinet and disturbed the connection.",The video conferencing system was inadvertently disconnected when someone accidentally unplugged the Ethernet cable from the device during routine office activity or cleaning.,Review security camera footage from the conference room area overnight and during early morning hours to confirm whether maintenance staff or others approached the equipment cabinet and disturbed the connection.,ok,
qwen3-235b-a22b-2507__manufacturing__00,manufacturing,600 Technology,Qwen3 235B A22B 2507,"At a precision machining facility, an operator begins their shift and discovers that several CNC machines are offline, even though the factory started operations as usual. The control panel indicates no active alarms, and power levels appear normal across the board. The production schedule was confirmed the previous day, all operators are present, and there are no visible signs of maintenance work or equipment failure—yet the machines remain unresponsive, with no immediate explanation apparent from inspecting the floor or control systems. Notably, the machines display up-to-date status information and respond to ping requests from the network, suggesting connectivity is intact, and the IT department confirms that no recent software patches or configuration changes were authorized—however, a deeper check reveals that while diagnostic data flows freely, command packets from the central controller never reach their intended targets, leaving the machines in a standby state they cannot exit despite appearing ready.",Qwen3 235B A22B 2507,"hypothesis: A network access control (NAC) policy update or misconfiguration is silently dropping command packets from the central controller to the CNC machines based on device authentication or timing rules, despite preserving diagnostic traffic.  
verification: Use a packet analyzer (e.g., Wireshark) at both the central controller and a CNC machine to compare transmitted command packets with received traffic, checking for packet drops and inspecting network infrastructure (switches, firewalls, NAC systems) logs for access control decisions.","A network access control (NAC) policy update or misconfiguration is silently dropping command packets from the central controller to the CNC machines based on device authentication or timing rules, despite preserving diagnostic traffic.","Use a packet analyzer (e.g., Wireshark) at both the central controller and a CNC machine to compare transmitted command packets with received traffic, checking for packet drops and inspecting network infrastructure (switches, firewalls, NAC systems) logs for access control decisions.",ok,
qwen3-235b-a22b-2507__architecture__00,architecture,700 Arts and recreation,Qwen3 235B A22B 2507,"On a Tuesday morning at 9:15 AM, a cyclist approaching the newly constructed riverfront footbridge notices that one of the two automated glass entrance doors remains shut and unresponsive, despite the other operating normally. The building’s façade shows no visible damage, no construction signage is posted, and the digital display above the door indicates “Operational,” yet repeated attempts to use the inactive door trigger no sensor response. Maintenance logs later reveal that during a routine overnight system update, a software conflict temporarily disrupted one door’s motion detection system—though both doors ran the same firmware and received identical updates, only the faulty door exhibited this issue, likely due to a timing vulnerability in the code specific to individual units. However, the root cause traces back further: during the previous day’s scheduled maintenance, a technician adjusted several access settings through the central building management interface, accidentally disabling the motion sensor for the malfunctioning door due to a mislabeled control—“Door A Sensor Enable” was incorrectly mapped to the inactive door’s system ID. The error did not trigger any alarms, as the status monitoring system only flags full hardware failures or complete shutdowns, not subtle configuration changes, making the door appear fully functional from both external observation and dashboard reporting.",Qwen3 235B A22B 2507,"hypothesis: A technician accidentally disabled the motion sensor of the inactive door during routine maintenance due to a mislabeled control in the building management interface, which prevented the door from responding to users despite appearing operational.  
verification: Review access logs and configuration changes in the building management system from the previous day’s maintenance to confirm an erroneous sensor disable action linked to the specific door’s system ID via the mislabeled control.","A technician accidentally disabled the motion sensor of the inactive door during routine maintenance due to a mislabeled control in the building management interface, which prevented the door from responding to users despite appearing operational.",Review access logs and configuration changes in the building management system from the previous day’s maintenance to confirm an erroneous sensor disable action linked to the specific door’s system ID via the mislabeled control.,ok,
qwen3-235b-a22b-2507__painting__00,painting,700 Arts and recreation,Qwen3 235B A22B 2507,"On a crisp Tuesday morning, a painter arrives at a historic townhouse to continue restoring a fresco in the entryway, as scheduled. The previous day, the interior walls were dry and ready for another layer of pigment. However, upon entering, he finds the lower third of the fresco damp, with water droplets glistening faintly on the surface, though no leaks are visible in the ceiling, the windows are closed, and there is no sign of recent cleaning activity. The building manager confirms that the HVAC system was operational overnight and no plumbing work was reported, leaving the source of the moisture unclear. Notably, the hygrometer reading from the security log shows a sharp increase in relative humidity between 3 and 5 a.m., coinciding with the coolest hours of the night, and the stone foundation in that section of the house is known to remain several degrees colder than the upper walls, creating a thermal gradient that might encourage surface condensation. Yet, further inspection reveals that humidity levels in adjacent rooms—exposed to the same temperature drop—remained stable, and no condensation formed elsewhere, while a subsequent moisture probe detects a gradient increasing downward into the foundation, indicating a subsurface source rather than airborne accumulation.",Qwen3 235B A22B 2507,"hypothesis:  
Capillary action is drawing groundwater through microscopic cracks or porous masonry in the stone foundation, causing moisture to wick upward and dampen the lower portion of the fresco despite no visible leaks or airborne condensation.

verification:  
Inject a traceable, non-damaging dye into the soil near the foundation's base and monitor the fresco over several nights to see if the dye appears in the damp area, confirming subsurface moisture migration.","Capillary action is drawing groundwater through microscopic cracks or porous masonry in the stone foundation, causing moisture to wick upward and dampen the lower portion of the fresco despite no visible leaks or airborne condensation.","Inject a traceable, non-damaging dye into the soil near the foundation's base and monitor the fresco over several nights to see if the dye appears in the damp area, confirming subsurface moisture migration.",ok,
qwen3-235b-a22b-2507__photography__00,photography,700 Arts and recreation,Qwen3 235B A22B 2507,"On a Sunday morning in early autumn, a photographer arrives at a popular city park to capture the golden-hour light filtering through the trees, a routine shoot they’ve done weekly for months. The paths are damp and puddles linger in low areas, particularly along the east path, despite the forecast showing clear skies overnight and no recent precipitation. Nearby benches and foliage appear dry, and there is no visible sign of recent park maintenance, active sprinklers, or storm drains overflowing—leaving the source of the moisture unexplained by casual observation. The ground remains inconsistently wet, mostly near the east path, with no foot traffic or animal activity sufficient to account for it. An inspection by park staff the previous evening had confirmed all irrigation systems were operating normally, but unbeknownst to them, a temporary override in the automated underground drainage system—installed to support a newly planted tree bed—had been active for several nights, saturating the soil before being silently deactivated, while the effects of excess moisture continued to surface due to the area’s poor drainage and compacted clay soil.",Qwen3 235B A22B 2507,"hypothesis: The dampness on the east path is due to residual groundwater seepage from a recently deactivated temporary override in the underground drainage system, which over-irrigated a new tree bed and saturated the poorly draining clay soil.  
verification: Review the automated drainage system's activity logs for the past week to confirm the timing and duration of the temporary override, and correlate this data with soil moisture readings taken from the affected area.","The dampness on the east path is due to residual groundwater seepage from a recently deactivated temporary override in the underground drainage system, which over-irrigated a new tree bed and saturated the poorly draining clay soil.","Review the automated drainage system's activity logs for the past week to confirm the timing and duration of the temporary override, and correlate this data with soil moisture readings taken from the affected area.",ok,
qwen3-235b-a22b-2507__music__00,music,700 Arts and recreation,Qwen3 235B A22B 2507,"During a live outdoor chamber music performance in a city park at 6:30 PM, the audience observes that the string musicians are repeatedly pausing to retune their instruments—an odd occurrence given the time of year. The weather is unusually calm: the temperature is steady in the mid-70s, there is no wind, and no recent rain. Park staff confirm that the recently upgraded underground irrigation system has been operating normally for weeks, maintaining consistent moisture levels in the grass without any leaks or unusual activity, making environmental humidity seem unlikely. The instruments appear to be in excellent condition, and all musicians arrived well before the concert with their cases closed. However, one violinist had rushed from a rehearsal in a basement studio that morning, where the dehumidifier had malfunctioned overnight, and though they believed the case was secure, a faint dampness was later detected near the seals—suggesting the instrument absorbed enough moisture before the performance to cause gradual dimensional shifts in the wood, leading to persistent tuning issues despite the current stable environment.",Qwen3 235B A22B 2507,"hypothesis: The violinist's instrument absorbed excess moisture in the poorly climate-controlled basement studio overnight, causing subtle swelling of the wooden components that gradually altered the string tension and led to persistent tuning instability during the performance.  
verification: Measure the moisture content of the violin's wood using a non-invasive hygrometer and compare it to baseline readings from the same instrument under normal conditions to confirm elevated moisture levels.","The violinist's instrument absorbed excess moisture in the poorly climate-controlled basement studio overnight, causing subtle swelling of the wooden components that gradually altered the string tension and led to persistent tuning instability during the performance.",Measure the moisture content of the violin's wood using a non-invasive hygrometer and compare it to baseline readings from the same instrument under normal conditions to confirm elevated moisture levels.,ok,
qwen3-235b-a22b-2507__sports__00,sports,700 Arts and recreation,Qwen3 235B A22B 2507,"On a clear Saturday morning at Riverside Park, youth soccer teams arrived to find multiple fields unexpectedly barricaded and posted with ""Closed for Safety Inspection"" signs, despite dry conditions and no visible damage or ongoing maintenance work. The closures came without prior notice, and no park staff were present to explain the sudden decision, leaving parents and coaches puzzled. Park officials later confirmed that no surface-level issues—such as pooling water or torn turf—were present, but the fields had been shut down due to a detected issue with the underground irrigation system, which operated normally the previous evening. Although it appeared as though an automated sensor might have reacted to hidden moisture buildup beneath the surface, the actual cause was a flagged anomaly during a scheduled remote monitoring session of the park’s utility network, which registered a sharp decline in water pressure across the irrigation lines—prompting a precautionary hold until a technician could verify the integrity of the subsurface infrastructure.",Qwen3 235B A22B 2507,"hypothesis: A remote monitoring system detected a sudden drop in water pressure in the underground irrigation network, triggering an automatic safety protocol that closed the fields pending inspection.  
verification: Review the utility network's diagnostic logs from the scheduled monitoring session to confirm the recorded pressure anomaly and corresponding activation of the safety protocol.","A remote monitoring system detected a sudden drop in water pressure in the underground irrigation network, triggering an automatic safety protocol that closed the fields pending inspection.",Review the utility network's diagnostic logs from the scheduled monitoring session to confirm the recorded pressure anomaly and corresponding activation of the safety protocol.,ok,
qwen3-235b-a22b-2507__classical-literature__00,classical literature,800 Literature,Qwen3 235B A22B 2507,"On a quiet Tuesday morning in May, the vicar of the rural parish of Longworth arrived at the 18th-century church as usual at 8:15 a.m. to prepare for the weekly choir rehearsal, only to find the heavy oak door unlocked—an unusual state, since the church was always secured overnight and the custodian was not due until 9:00 a.m. The key, which typically rested in the vicar’s study, was confirmed to be in its usual drawer, and there were no visible signs of forced entry or disturbance inside; the hymnals remained neatly stacked, and the bell rope hung undisturbed in the belfry. Notably, the local wildlife research team had been renting a cottage on the edge of the parish grounds for a badger population study, and their equipment shed used old-fashioned iron keys nearly identical to the church’s, which had been remarked upon during a recent village meeting. Despite a thorough inspection of the grounds and immediate neighborhood, no explanation emerged for how the lock had been disengaged or who might have opened it.",Qwen3 235B A22B 2507,"hypothesis: A member of the wildlife research team accidentally used their nearly identical iron key to unlock the church door, possibly while disoriented during early fieldwork or while taking a shortcut across the grounds, then left without realizing their mistake.  
verification: Interview each member of the research team individually to determine if anyone was near the church that morning and check whether any of their keys show signs of being used in a different lock, such as fresh scratches or misalignment marks.","A member of the wildlife research team accidentally used their nearly identical iron key to unlock the church door, possibly while disoriented during early fieldwork or while taking a shortcut across the grounds, then left without realizing their mistake.","Interview each member of the research team individually to determine if anyone was near the church that morning and check whether any of their keys show signs of being used in a different lock, such as fresh scratches or misalignment marks.",ok,
qwen3-235b-a22b-2507__poetry__00,poetry,800 Literature,Qwen3 235B A22B 2507,"On a crisp Tuesday morning, mail carrier Luis noticed that the small red mailbox at 412 Sycamore Avenue—usually tucked neatly against the white picket fence—was now standing open, its flag raised, though no delivery had occurred yet. The house’s front curtain was still drawn, no footprints marked the dry gravel path, and the newspaper had not been collected from the driveway. The mailbox flag hadn’t been up the day before, and the household typically only raised it when expecting a package, yet no delivery truck had passed through the neighborhood that morning. Luis recalled that just last week, Mrs. Callahan from two doors down had complained about raccoons tipping over her bird feeder, and he’d since seen scattered seeds near the mailbox’s base, along with faint claw-like scratches on the bottom panel—signs that small animals had been active in the area recently. Still, he couldn’t ignore the neatly folded piece of packing tape caught in the hinge, the kind used by courier services, or the faint tire marks on the adjacent lawn that didn’t match the usual postal van.",Qwen3 235B A22B 2507,"hypothesis: A courier made an unscheduled drop-off at the mailbox early that morning, likely delivering a package, which triggered the flag to rise, and fled hastily, leaving tire marks and tape, possibly due to a mistaken address or illicit activity.  
verification: Check surveillance footage from nearby homes or street cameras, and confirm with the resident at 412 Sycamore Avenue whether they received an unexpected package or have knowledge of a non-postal delivery.","A courier made an unscheduled drop-off at the mailbox early that morning, likely delivering a package, which triggered the flag to rise, and fled hastily, leaving tire marks and tape, possibly due to a mistaken address or illicit activity.","Check surveillance footage from nearby homes or street cameras, and confirm with the resident at 412 Sycamore Avenue whether they received an unexpected package or have knowledge of a non-postal delivery.",ok,
qwen3-235b-a22b-2507__science-fiction__00,science fiction,800 Literature,Qwen3 235B A22B 2507,"On Tuesday morning, Dr. Lena Patel walked her son to his usual bus stop near the edge of the Oakridge residential complex, where a network of underground quantum research facilities lies beneath several city blocks. That afternoon, when she returned along the same route to pick up groceries, she noticed that the public information kiosk at the bus stop—one that continuously displays transit times, weather, and local news—was instead cycling through sequences of abstract geometric patterns in silence, with no error message or power indicator. The screens on nearby kiosks, just 50 meters apart, operated normally, and no maintenance crews or warning signs were visible, nor was there any evidence of tampering, yet the anomalous display persisted for over an hour before abruptly resuming regular function. The city’s transit logs later confirmed no service outages or technical alerts were filed for that unit during the incident. Engineers reviewing the kiosk’s power integrity found a brief but unusual voltage fluctuation in the local grid segment coinciding with the start of the malfunction, suggesting a possible surge from nearby infrastructure, though the building-level backup systems showed no anomalies—while deeper forensic analysis of the kiosk’s firmware eventually revealed faint encryption traces linked to an experimental transmission protocol active only during a scheduled, low-power calibration test in the subterranean lab network that morning.",Qwen3 235B A22B 2507,"hypothesis: A localized electromagnetic interference pulse from the underground quantum research facility's calibration test induced a temporary firmware-level anomaly in the kiosk's display system, causing it to misinterpret an embedded experimental transmission signal as display instructions.  
verification: Reproduce the anomaly by simulating the same calibration signal in a controlled environment and monitor whether the kiosk’s firmware decodes and renders the experimental protocol as visual output.","A localized electromagnetic interference pulse from the underground quantum research facility's calibration test induced a temporary firmware-level anomaly in the kiosk's display system, causing it to misinterpret an embedded experimental transmission signal as display instructions.",Reproduce the anomaly by simulating the same calibration signal in a controlled environment and monitor whether the kiosk’s firmware decodes and renders the experimental protocol as visual output.,ok,
qwen3-235b-a22b-2507__novels__00,novels,800 Literature,Qwen3 235B A22B 2507,"On a quiet Tuesday morning in late September, the librarian arrives at the Cedar Hollow Public Library to open for the day and finds the front door ajar, though she distinctly remembers locking it the previous evening. The interior lights are off, nothing appears to be missing or disturbed, and the security alarm did not trigger overnight—confirmed by a check of the system log, which shows no breaches. Outside, the sky is clear and the small town is just waking up, with no signs of forced entry or nearby activity, leaving the open door an unexplained interruption of routine. Surveillance footage reviewed later shows no one entering or exiting the building between closing and opening, and the volunteer log indicates no scheduled visits, yet a staff member recalls that one of the regular volunteers had mentioned the night before how they had forgotten their jacket in the reading room, something they’ve done occasionally in the past and would likely return to retrieve without formal notice. Despite this, the electronic access records confirm no key usage during the night, and further investigation reveals that the building experienced a brief power flicker at 3:17 a.m., coinciding with the HVAC system restarting and producing a sudden rush of air through the vestibule.",Qwen3 235B A22B 2507,"hypothesis: A brief power flicker caused the HVAC system to restart abruptly, generating a strong gust of air through the vestibule that pushed the already-latched but improperly locked front door open.  
verification: Reproduce the effect by simulating a power restart of the HVAC system during a controlled test to observe if airflow alone can unlatch and open the door under similar conditions.","A brief power flicker caused the HVAC system to restart abruptly, generating a strong gust of air through the vestibule that pushed the already-latched but improperly locked front door open.",Reproduce the effect by simulating a power restart of the HVAC system during a controlled test to observe if airflow alone can unlatch and open the door under similar conditions.,ok,
qwen3-235b-a22b-2507__essays__00,essays,800 Literature,Qwen3 235B A22B 2507,"On a Tuesday morning, a university student arrives at the library to print a last-minute essay before class and discovers that all the printers on the second floor, which were functioning normally the previous evening, are offline and displaying an ""Error: Print Job Pending"" message. The computer workstations show no network connectivity issues, and other students are trying repeatedly to release their documents without success. The campus IT service desk is closed for a holiday, and there is no posted notice explaining the outage, leaving the cause—whether a server delay, network configuration issue, or centralized print queue failure—unclear from simple inspection. Campus IT later reveals that a system log shows an unusually large job—over 10,000 pages—from a departmental account was flagged for printing at 2:17 a.m., but instead of printing or failing cleanly, it began cycling repeatedly through the queue, each iteration spawning duplicate requests that overwhelmed the server's processing capacity, yet no configuration changes or updates were deployed during the night, and the print spooler itself remained within normal operational parameters according to automated health checks.",Qwen3 235B A22B 2507,"hypothesis: A corrupted, self-replicating print job from a departmental account entered the print spooler and triggered a recursive loop, generating thousands of duplicate jobs that saturated the queue without crashing the spooler service, thereby blocking all other print requests.  
verification: Examine the print server's detailed job history and spooler logs to identify repeated job entries with identical identifiers and timestamps clustering around 2:17 a.m., confirming the recursive pattern and source account.","A corrupted, self-replicating print job from a departmental account entered the print spooler and triggered a recursive loop, generating thousands of duplicate jobs that saturated the queue without crashing the spooler service, thereby blocking all other print requests.","Examine the print server's detailed job history and spooler logs to identify repeated job entries with identical identifiers and timestamps clustering around 2:17 a.m., confirming the recursive pattern and source account.",ok,
qwen3-235b-a22b-2507__historical-documents__00,historical documents,900 History and geography,Qwen3 235B A22B 2507,"In 1923, a researcher consulting land records at the county courthouse in Lexington, Kentucky, discovers that the property deed for a downtown commercial lot is missing from the bound volume where it should appear, despite the sequential numbering of entries remaining uninterrupted. The adjacent deeds—indexed and present—are from the same month and involve neighboring plots, suggesting no clerical gap, and there is no notation indicating removal or cross-reference. The courthouse staff, after checking storage logs and auxiliary files, confirms the deed was last seen during a routine inventory in 1918 but cannot determine whether it was misplaced, withdrawn for a private transaction that was never documented, or possibly removed temporarily for legal proceedings now lost to incomplete archives. Notably, a retired law clerk recalls handling a similar deed in 1919 for a high-profile boundary case involving one of the city’s most prominent attorneys, whose firm often conducted off-the-record consultations and occasionally borrowed documents for short periods with informal verbal permission from clerical staff—though no official checkout log exists for that year, and the firm’s own records from that time were destroyed in a fire. Despite this, no subsequent filings or legal actions were ever linked to the missing deed, and the surrounding properties quietly changed hands multiple times over the next decade through seemingly legitimate sales, though later investigations into some of those transfers revealed suspiciously low valuations and inconsistent survey descriptions.",Qwen3 235B A22B 2507,"hypothesis: The missing deed was informally borrowed by a prominent attorney for a confidential boundary dispute around 1919 and never returned, likely because the matter was settled privately and the document was either lost, retained deliberately, or destroyed after use.  
verification: Cross-reference personal papers, correspondence, or case notes from the prominent attorney’s firm or estate—especially those preserved in local historical societies or university archives—for any mention of the disputed lot, legal strategy, or documentation matching the missing deed’s details.","The missing deed was informally borrowed by a prominent attorney for a confidential boundary dispute around 1919 and never returned, likely because the matter was settled privately and the document was either lost, retained deliberately, or destroyed after use.","Cross-reference personal papers, correspondence, or case notes from the prominent attorney’s firm or estate—especially those preserved in local historical societies or university archives—for any mention of the disputed lot, legal strategy, or documentation matching the missing deed’s details.",ok,
qwen3-235b-a22b-2507__geography-and-travel__00,geography and travel,900 History and geography,Qwen3 235B A22B 2507,"While driving through a rural area of northern Italy along a mountain pass near Lake Como in late spring, a traveler notices that several alpine meadows on the southern slope of the valley are covered in an unexpected layer of frost, despite the air temperature reading 8°C on the car display and clear skies overhead. The nearby streams are flowing normally, and there is no sign of recent snowfall or freezing rain. The frost is patchy and localized only to specific high-altitude meadows sheltered from wind, and the cause—residual moisture in the soil from recent rainfall froze during the night as radiative cooling at the surface caused ground temperatures to drop below freezing, even though the air just above remained at 8°C—cannot be deduced without meteorological data or knowledge of local microclimates. Although the terrain's shape and cold air drainage patterns might suggest that chilled air flowed down from higher elevations and pooled in the hollows, making that explanation seem plausible, no significant temperature drop occurred at higher altitudes, and upper slopes show no signs of frost or frozen ground, indicating that the cooling was confined to the surface layer of certain meadows.",Qwen3 235B A22B 2507,"hypothesis: Radiative cooling during the clear, calm night caused the ground surface in sheltered, moist alpine meadows to drop below freezing, forming frost even though the air temperature at car-height (8°C) remained above freezing.  
verification: Measure surface and air temperatures at multiple heights (e.g., 2 cm, 1 m, 2 m above ground) overnight in the affected meadows using thermocouples or infrared sensors to confirm that ground-level temperatures fell below 0°C despite above-ground air temperatures staying above freezing.","Radiative cooling during the clear, calm night caused the ground surface in sheltered, moist alpine meadows to drop below freezing, forming frost even though the air temperature at car-height (8°C) remained above freezing.","Measure surface and air temperatures at multiple heights (e.g., 2 cm, 1 m, 2 m above ground) overnight in the affected meadows using thermocouples or infrared sensors to confirm that ground-level temperatures fell below 0°C despite above-ground air temperatures staying above freezing.",ok,
qwen3-235b-a22b-2507__ancient-history__00,ancient history,900 History and geography,Qwen3 235B A22B 2507,"In the spring of 48 BCE, a Roman grain merchant arriving at the docks of Puteoli in the early afternoon finds the massive stone warehouse doors shut, though it is well past the usual opening hour and no public holiday is being observed. Barges from Sardinia, expected to unload a vital shipment of wheat, sit idly at the wharf, their crews lounging nearby but making no move to dock. No storm warning flags fly, the roads leading to the warehouse are undamaged, and there is no sign of fire, protest, or official seal barring entry—yet all activity has ceased without explanation. Local dockworkers mutter uneasily about a fever spreading through the warehouse staff the previous night, and the merchant notices several senior clerks absent, while a nervous junior overseer refuses to authorize unloading, insisting that ""orders are pending."" Though no physician has been summoned and no quarantine notice posted, the sense of containment is palpable, and the absence of official communication only deepens the confusion.",Qwen3 235B A22B 2507,"hypothesis: A contagious illness has silently taken hold among the warehouse workers, prompting informal quarantine by senior officials who are isolating the site to prevent widespread outbreak, despite the absence of formal decrees or public announcements.  
verification: Interview household members or attendants of the absent senior clerks and feverish staff to confirm recent severe illnesses, and check whether any bodies were quietly removed from the warehouse or nearby residences during the night.","A contagious illness has silently taken hold among the warehouse workers, prompting informal quarantine by senior officials who are isolating the site to prevent widespread outbreak, despite the absence of formal decrees or public announcements.","Interview household members or attendants of the absent senior clerks and feverish staff to confirm recent severe illnesses, and check whether any bodies were quietly removed from the warehouse or nearby residences during the night.",ok,
qwen3-235b-a22b-2507__biographies__00,biographies,900 History and geography,Qwen3 235B A22B 2507,"On a Tuesday morning, Maria arrived at the public library where she had volunteered for three years, only to find the main entrance locked and the lights off throughout the building, despite the posted hours indicating it should be open from 9:00 a.m. to 8:00 p.m. A note was taped to the door stating the closure was due to an ""unexpected operational issue,"" but there were no signs of construction, power outage indicators, or staff present to clarify the situation. The parking lot was empty except for a single maintenance van with no visible markings, and nearby storefronts were operating normally, offering no contextual clues about the library’s sudden, unexplained shutdown. Later that day, a librarian confided that the climate control logs showed a sudden spike in humidity levels overnight, which would typically require immediate action to protect rare books and historical documents stored in the basement, yet no emergency contractors were seen on-site, and no dehumidifiers or protective equipment were visible through the windows—only maintenance workers methodically checking doors and surveillance systems, as if conducting a security sweep following a classified incident.",Qwen3 235B A22B 2507,"hypothesis: The library was secretly closed due to a security breach or unauthorized access incident involving the rare books collection, prompting a covert internal investigation under the guise of an environmental issue.  
verification: Review the library’s security camera footage and access logs from the previous night to confirm unauthorized entry or suspicious activity in the basement storage area.","The library was secretly closed due to a security breach or unauthorized access incident involving the rare books collection, prompting a covert internal investigation under the guise of an environmental issue.",Review the library’s security camera footage and access logs from the previous night to confirm unauthorized entry or suspicious activity in the basement storage area.,ok,
qwen3-235b-a22b-2507__modern-history__00,modern history,900 History and geography,Qwen3 235B A22B 2507,"On a typical Tuesday morning in September 2018, employees at the central post office in Lyon, France, arrived to find the main sorting hall unexpectedly dark and silent. The facility, usually bustling by 6:00 a.m., showed no signs of activity—security logs indicated staff had entered, but all automated sorting machines were powered down and the incoming mail was still unopened in its transport containers. No alarm had been triggered, and no signage or announcement explained the halt; local news reported no power outage in the area, and weather conditions were normal. A review of system logs later revealed that the shutdown coincided with a scheduled diagnostic cycle in the newly upgraded surveillance network, which briefly registered anomalous internal signals. Technicians initially suspected a software flaw, as the system had previously misfired during testing when processing maintenance data, raising concerns about an unpatched bug affecting its threat-detection logic. However, the full investigation concluded that the shutdown was not due to malfunction, but rather a controlled activation of emergency protocols from an external command—part of a nationally coordinated, unannounced drill designed to test response to sabotage threats, though the local team never received the expected alert that such a simulation was underway.",Qwen3 235B A22B 2507,"hypothesis: The post office sorting hall was shut down by a covert, externally initiated emergency protocol during a national unannounced drill to test responses to infrastructure sabotage, which failed to communicate its activation to local personnel.  
verification: Cross-reference the system logs with official national security exercise records from September 2018 to confirm whether the timing, command source, and protocol match a documented drill.","The post office sorting hall was shut down by a covert, externally initiated emergency protocol during a national unannounced drill to test responses to infrastructure sabotage, which failed to communicate its activation to local personnel.","Cross-reference the system logs with official national security exercise records from September 2018 to confirm whether the timing, command source, and protocol match a documented drill.",ok,
claude-opus-4.5__computer-programming__00,computer programming,"000 Computer science, information and general works",Claude Opus 4.5,"During a routine morning on the e-commerce platform team, you push a minor CSS adjustment to a button's padding after confirming all 847 tests pass locally with green checkmarks. Within minutes, the continuous integration server reports 12 failures in the payment processing module—tests completely unrelated to your CSS change and code you haven't touched in months. You pull down the exact same commit and run tests locally; they pass. Your colleague across the office does the same on her machine; they pass for her too. Yet the CI server fails those same 12 tests on every subsequent run. The test output shows only that expected values don't match actual values, with no stack traces or obvious errors. The CI logs reveal no infrastructure warnings, resource issues, or dependency resolution problems—all packages appear to be installing correctly and the payment gateway mock service shows successful initialization in the logs. Frustrated, you examine the failing assertions more closely and notice that several involve computed totals and validation checks, with the actual values consistently off in ways that don't correspond to any code logic you can identify. What is the origin of this situation where the same tests consistently pass on all local development machines but fail on the CI server?",Qwen3 235B A22B 2507,"hypothesis: The CI server and local machines have different locale settings causing discrepancies in number formatting (e.g., decimal separators), leading to incorrect parsing of monetary values in payment calculations.  
verification: Run the local tests inside a Docker container configured with the CI server’s exact environment, including its locale settings, and observe if the same 12 tests fail.","The CI server and local machines have different locale settings causing discrepancies in number formatting (e.g., decimal separators), leading to incorrect parsing of monetary values in payment calculations.","Run the local tests inside a Docker container configured with the CI server’s exact environment, including its locale settings, and observe if the same 12 tests fail.",ok,
claude-opus-4.5__libraries__00,libraries,"000 Computer science, information and general works",Claude Opus 4.5,"Sarah had been eagerly anticipating the popular new novel she reserved three weeks ago, and her excitement peaked when she received the automated email notification yesterday confirming it was ready for pickup at her local library branch. Arriving during regular hours, she headed straight to the well-organized holds shelf where items are arranged alphabetically by patron last name. She searched methodically through her section multiple times, even checking a few letters on either side, but the book was nowhere to be found. The library was operating normally with several other patrons successfully retrieving their holds, and when Sarah scanned her card at the self-checkout kiosk, the system confirmed she still had an active hold on the book. A librarian mentioned that earlier in the day, a patron named ""Sara"" with a nearly identical last name—differing by only one letter—had picked up several items from the same section of the shelf. However, another staff member recalled that the morning shift had been working through a backlog of maintenance tasks using an internal report that had been generating incorrectly due to a recent software update, causing some items to be flagged for processing before patrons had actually retrieved them. Why was Sarah unable to find her reserved book on the holds shelf?",Qwen3 235B A22B 2507,"hypothesis: Sarah's book was mistakenly removed from the holds shelf by a staff member who misinterpreted the flawed internal report generated by the recent software update, which incorrectly flagged her held item as needing processing.  
verification: Review the library's internal processing logs and surveillance footage from the morning shift to confirm whether staff accessed the holds shelf and removed Sarah’s book based on the erroneous report.","Sarah's book was mistakenly removed from the holds shelf by a staff member who misinterpreted the flawed internal report generated by the recent software update, which incorrectly flagged her held item as needing processing.",Review the library's internal processing logs and surveillance footage from the morning shift to confirm whether staff accessed the holds shelf and removed Sarah’s book based on the erroneous report.,ok,
claude-opus-4.5__artificial-intelligence__00,artificial intelligence,"000 Computer science, information and general works",Claude Opus 4.5,"Sarah returns home at 6:15 PM after a routine workday to find her smart home behaving strangely. The automated porch light, which normally activates when she approaches, stays dark. Inside, her voice commands to the AI assistant go completely unanswered. Yet everything appears normal at first glance: the WiFi router displays all green status lights, her phone connects to the network without issue, and the smart thermostat screen glows with the correct temperature reading. The smart speaker's indicator light confirms it has power. Through her window, she notices her neighbor's identical smart home setup working perfectly, their automated lights responding as expected. Sarah checks her email and finds no payment failure notifications or billing alerts from the smart home provider—her credit card was updated just last month after she received a new card with an extended expiration date, and she specifically remembers updating all her subscription services at that time. However, she does recall setting up an experimental automation routine several months ago that would trigger multiple device commands simultaneously whenever certain obscure conditions were met, though she had forgotten about it entirely until now.",Qwen3 235B A22B 2507,"hypothesis: The experimental automation routine contains a logic error or dormant trigger condition that has inadvertently disabled the voice assistant and porch light while leaving other smart devices operational.  
verification: Review the configuration of the experimental automation routine in the smart home app to identify any active triggers or actions that could suppress responses from the voice assistant and porch light.",The experimental automation routine contains a logic error or dormant trigger condition that has inadvertently disabled the voice assistant and porch light while leaving other smart devices operational.,Review the configuration of the experimental automation routine in the smart home app to identify any active triggers or actions that could suppress responses from the voice assistant and porch light.,ok,
claude-opus-4.5__magazines__00,magazines,"000 Computer science, information and general works",Claude Opus 4.5,"For three years, you have subscribed to a monthly photography magazine that reliably arrives between the 15th and 18th of each month. This month, by the 25th, it still hasn't appeared. When you check your subscription status online, everything shows as active with no problems, and the system even displays a confirmation that your address was ""verified during the last mailing cycle update."" Your other mail—including a postcard from a friend in another state that traveled through multiple sorting facilities—has been arriving without any delays or issues. There have been no reports of package theft in your neighborhood. The magazine's website confirms the current issue was published on schedule, and you spot copies of that same issue sitting on the shelf at your local bookstore. Despite all indicators suggesting everything is functioning properly on both the postal and subscription ends, your magazine simply never arrived. What is the origin of this situation?",Qwen3 235B A22B 2507,"hypothesis: A processing or routing error at the magazine’s distribution center caused your copy to be misdirected or omitted during mailing, despite correct subscription and address data.  
verification: Contact the magazine’s customer service to request a delivery confirmation or tracking inquiry specific to your copy, and ask if there are records of batch mailing errors for your region during that month.","A processing or routing error at the magazine’s distribution center caused your copy to be misdirected or omitted during mailing, despite correct subscription and address data.","Contact the magazine’s customer service to request a delivery confirmation or tracking inquiry specific to your copy, and ask if there are records of batch mailing errors for your region during that month.",ok,
claude-opus-4.5__news-media__00,news media,"000 Computer science, information and general works",Claude Opus 4.5,"You tune into your local television news channel at 6:00 PM, as you have done routinely for years, expecting the familiar evening news program. Instead, the screen displays a nature documentary that typically airs on weekend mornings. There is no scrolling text explanation, no technical difficulty message, and no announcement. The channel's website still lists the evening news in its schedule for today, and when you check social media, you find no trending discussions about the change. Your television is functioning normally, other channels are broadcasting their expected programming, and your cable subscription is active and current. The documentary simply plays on as if nothing is unusual. Earlier that afternoon, a maintenance technician had been seen entering the control room to perform scheduled updates on the broadcast management system, though station veterans noted that the automation software had been glitching intermittently for several weeks prior to this incident. What caused the wrong program to air during the evening news timeslot?",Qwen3 235B A22B 2507,"hypothesis: A software glitch in the broadcast automation system, possibly triggered or exacerbated by recent maintenance updates, caused the system to revert to a default or outdated playlist, resulting in the unintended airing of a weekend morning nature documentary during the evening news timeslot.

verification: Review the broadcast automation system logs and playback schedule files from the day of the incident to identify any discrepancies, error messages, or fallback triggers that correlate with the incorrect program being loaded.","A software glitch in the broadcast automation system, possibly triggered or exacerbated by recent maintenance updates, caused the system to revert to a default or outdated playlist, resulting in the unintended airing of a weekend morning nature documentary during the evening news timeslot.","Review the broadcast automation system logs and playback schedule files from the day of the incident to identify any discrepancies, error messages, or fallback triggers that correlate with the incorrect program being loaded.",ok,
claude-opus-4.5__philosophy__00,philosophy,100 Philosophy and psychology,Claude Opus 4.5,"For three months, you have visited the local public library every Tuesday afternoon, always finding the same worn, twelve-year-old copy of Marcus Aurelius's *Meditations* on the second shelf of the philosophy section with its spine facing out—never once has it been missing from this spot. Today, however, the book is gone, yet the library's computer system shows it hasn't been checked out and no hold has been placed on it. The librarian confirms the reshelving cart doesn't contain it, and curiously, the philosophy section appears completely undisturbed: the neighboring books sit normally on the shelf with no visible gap where the volume should rest, as though the space has already been closed. You recall that last week a patron at a nearby table mentioned to a friend how much she enjoyed that same translation of *Meditations* and planned to spend more time with it soon. What explains the book's disappearance?",Qwen3 235B A22B 2507,"hypothesis: A staff member or regular patron has discreetly set aside the book for the mentioned patron who expressed interest in it, bypassing the official checkout system to reserve it informally.  
verification: Speak privately with the librarian to discreetly inspect the staff-only areas or reserve shelves to see if the book was set aside without being logged in the system.","A staff member or regular patron has discreetly set aside the book for the mentioned patron who expressed interest in it, bypassing the official checkout system to reserve it informally.",Speak privately with the librarian to discreetly inspect the staff-only areas or reserve shelves to see if the book was set aside without being logged in the system.,ok,
claude-opus-4.5__psychology__00,psychology,100 Philosophy and psychology,Claude Opus 4.5,"You work in a small marketing firm and sit at the same desk each day. For the past eight months, a healthy pothos plant has sat on the filing cabinet next to your workspace—it belongs to the company and has always been there since you started. You arrive Monday morning after a regular weekend, and the plant is simply gone. The filing cabinet is otherwise undisturbed, nothing else in the office appears moved or changed, and there's no note or explanation. Your coworkers who arrive around the same time seem equally unaware of what happened to it. There's no visible sign of a spill, damage, or any reason it would need removal, and the cleaning crew doesn't typically move or discard office items. You recall that last Friday afternoon, you overheard the facilities manager mention something about ""taking care of some things this weekend,"" though you didn't catch the full context of the conversation. Later that day, you also noticed that Derek from accounting—who works a shifted schedule and often comes in on Saturdays—had commented weeks ago that the plant looked neglected and that ""someone should really give it a proper home."" What caused the plant to disappear from the filing cabinet?",Qwen3 235B A22B 2507,"hypothesis: The facilities manager removed the plant over the weekend, possibly relocating it to a more suitable environment, based on Derek’s prior comment about the plant needing a proper home and the manager’s vague reference to handling tasks.  
verification: Ask the facilities manager directly whether they moved or disposed of the plant and, if so, for what reason, while checking common areas or other departments to see if the plant was relocated.","The facilities manager removed the plant over the weekend, possibly relocating it to a more suitable environment, based on Derek’s prior comment about the plant needing a proper home and the manager’s vague reference to handling tasks.","Ask the facilities manager directly whether they moved or disposed of the plant and, if so, for what reason, while checking common areas or other departments to see if the plant was relocated.",ok,
claude-opus-4.5__dreams__00,dreams,100 Philosophy and psychology,Claude Opus 4.5,"You visit your local library on a Tuesday afternoon, a place you've frequented for years. You head to the back corner where the history section has always been located—three tall shelves against the wall near the emergency exit. Today, you find the science fiction collection there instead. The history books are nowhere in sight from where you're standing, and there are no signs indicating a renovation or reorganization. The carpet shows no drag marks, the shelves appear permanently fixed, and no staff members are nearby to ask. Everything else about the library looks exactly as you remember it. You recall that you last visited three weeks ago, when you returned a biography of Napoleon and specifically browsed the history shelves in that same back corner without any issue.",Qwen3 235B A22B 2507,"hypothesis: The library has quietly reorganized its book sections, relocating the history collection to a different area while moving science fiction to the former history section, without updating signage or notifying patrons.  
verification: Check the library’s online catalog or ask a staff member where the current location of the history books is to confirm if they have been moved to a new section.","The library has quietly reorganized its book sections, relocating the history collection to a different area while moving science fiction to the former history section, without updating signage or notifying patrons.",Check the library’s online catalog or ask a staff member where the current location of the history books is to confirm if they have been moved to a new section.,ok,
claude-opus-4.5__logic__00,logic,100 Philosophy and psychology,Claude Opus 4.5,"You ordered a book online three days ago and received a confirmation email stating it was delivered yesterday at 2:47 PM to your front door. When you arrived home from work at 6 PM yesterday, there was no package, and you checked again this morning with the same result. Your doorbell camera, which has been functioning perfectly and captured the mail carrier's visit at 1:15 PM and a neighbor walking their dog at 3:30 PM, shows no footage of any delivery person approaching your house between those times. The tracking system maintains the package was successfully delivered and provides GPS coordinates matching your address. When you contacted customer service, the representative mentioned that their system had experienced a brief outage yesterday afternoon during a software update, though she assured you this ""wouldn't affect delivery records."" You also learned that another customer in a town thirty miles away received their identical book order at exactly 2:47 PM yesterday, confirmed by their own doorbell footage showing the driver scanning the package at their door. What caused the delivery confirmation to appear in your account despite no package arriving at your home?",Qwen3 235B A22B 2507,"hypothesis:  
The delivery driver mistakenly scanned your package at the wrong address (the other customer’s location thirty miles away), triggering a false delivery confirmation in the system due to a scanner sync error during the software update outage.

verification:  
Compare the GPS timestamp and scanner log metadata from the driver’s device during the delivery window to confirm whether the scan occurred near the other customer’s address rather than yours.","The delivery driver mistakenly scanned your package at the wrong address (the other customer’s location thirty miles away), triggering a false delivery confirmation in the system due to a scanner sync error during the software update outage.",Compare the GPS timestamp and scanner log metadata from the driver’s device during the delivery window to confirm whether the scan occurred near the other customer’s address rather than yours.,ok,
claude-opus-4.5__ethics__00,ethics,100 Philosophy and psychology,Claude Opus 4.5,"Sarah has picked up her elderly mother's blood pressure medication from the same reputable chain pharmacy for three years without incident, collecting this exact prescription dozens of times. Today, when she arrives home and counts the small, uniform tablets in the properly sealed bottle, she finds only 28 instead of the 30 shown on the label. There is no visible damage to the packaging, and the pharmacy's automated dispensing system, which counts pills electronically before a technician performs a final visual verification, had processed this prescription like any other. Sarah recalls that the pharmacy seemed unusually busy when she arrived, with several customers waiting and phones ringing constantly, though the technician who handed her the sealed bag appeared calm and unhurried. What caused Sarah to receive fewer tablets than prescribed?",Qwen3 235B A22B 2507,"hypothesis: A momentary distraction during the technician's final visual verification, caused by the high-stress environment of the busy pharmacy, led to an unnoticed counting error despite the automated system's accuracy.  
verification: Review the pharmacy's dispensing logs and security footage from the filling area to confirm the automated counter registered 30 pills and to observe whether the technician's verification process was interrupted or rushed.","A momentary distraction during the technician's final visual verification, caused by the high-stress environment of the busy pharmacy, led to an unnoticed counting error despite the automated system's accuracy.",Review the pharmacy's dispensing logs and security footage from the filling area to confirm the automated counter registered 30 pills and to observe whether the technician's verification process was interrupted or rushed.,ok,
claude-opus-4.5__the-environment__00,the environment,300 Social sciences,Claude Opus 4.5,"You arrive at work on a Tuesday morning at your usual time of 8:30 AM to find the office printer completely cold and its output tray empty, even though it is powered on and displaying no error messages. Your coworkers are at their desks working as normal, and you notice the cleaning crew's supply cart is still parked near the printer station—unusual, since they typically finish and leave hours before staff arrive. The office cleaning log posted on the break room wall shows they signed out at 11:47 PM, much later than their standard 9:00 PM departure time. Nothing else in the office appears different from any other day, and when you ask a colleague who arrived at 7:00 AM if she printed anything this morning, she mentions she's been preparing for the 8:00 AM all-hands virtual budget review that most of the early shift attended, so she hadn't needed to print anything yet. What caused the printer to be cold and the output tray to be empty when you arrived?",Qwen3 235B A22B 2507,"hypothesis: The cleaning crew accidentally turned off the printer while cleaning around it the previous night and failed to notice or report it, leaving it off until someone later powered it back on without printing anything.  
verification: Check the printer’s power cycle log or usage history (if available) to confirm a shutdown occurred during the cleaning crew’s extended shift and remained off until after 8:30 AM.","The cleaning crew accidentally turned off the printer while cleaning around it the previous night and failed to notice or report it, leaving it off until someone later powered it back on without printing anything.",Check the printer’s power cycle log or usage history (if available) to confirm a shutdown occurred during the cleaning crew’s extended shift and remained off until after 8:30 AM.,ok,
claude-opus-4.5__politics__00,politics,300 Social sciences,Claude Opus 4.5,"You have been following the congressional subcommittee's weekly public hearings on infrastructure spending with keen interest, attending every Thursday at 10 AM for the past three months without incident. When you arrive at 9:45 AM this Thursday, having confirmed the schedule on the official website just the previous evening, you find the hearing room unlocked and fully illuminated. The subcommittee's nameplate remains mounted outside the door, and inside, the witness table stands prepared with microphones positioned and water pitchers filled—the standard arrangement you have come to recognize. Yet the chamber is completely deserted: no congressional staff shuffling papers, no legislators taking their seats, no scheduled witnesses reviewing testimony, and no press corps setting up cameras. No notice has been posted on the door, and when you peer down the hallway, other congressional offices appear to be functioning normally with staffers and visitors moving about their usual business. There is no holiday today, no alarm sounding, and no indication of any building emergency or evacuation. You recall that last month, a colleague mentioned hearing rumors about facilities problems in several hearing rooms requiring last-minute relocations, though you never experienced such a disruption yourself. Standing alone in the silent, prepared chamber, you wonder what could explain why a hearing that has run like clockwork for twelve consecutive weeks has seemingly vanished without explanation or announcement.",Qwen3 235B A22B 2507,"hypothesis: The hearing was abruptly relocated at the last minute due to an undetected technical issue in the room, such as a security-related malfunction in audiovisual systems or surveillance, which required the subcommittee to convene elsewhere without time to update public notices.  
verification: Contact the subcommittee’s administrative office directly to inquire about the hearing’s status and location change, and request confirmation of any internal alerts or technical logs indicating a last-minute room reassignment.","The hearing was abruptly relocated at the last minute due to an undetected technical issue in the room, such as a security-related malfunction in audiovisual systems or surveillance, which required the subcommittee to convene elsewhere without time to update public notices.","Contact the subcommittee’s administrative office directly to inquire about the hearing’s status and location change, and request confirmation of any internal alerts or technical logs indicating a last-minute room reassignment.",ok,
claude-opus-4.5__economics__00,economics,300 Social sciences,Claude Opus 4.5,"Sarah visits her local grocery store on a Wednesday afternoon to buy eggs, as she does every week, but finds the egg section completely empty despite the store operating normally with customers shopping and employees actively stocking shelves in various sections. The adjacent milk and butter products are fully stocked, the refrigeration unit shows no visible damage, price tags for eggs remain displayed as usual, and the shelf appears clean and undamaged. Other shoppers in the aisle seem equally puzzled, picking up other dairy items without comment. This store has consistently maintained egg inventory throughout her years of shopping there, and the mid-month Wednesday timing rules out holiday-related demand. Sarah recalls that earlier in the week, she noticed a local catering company's van parked outside the store during her morning commute, and she remembers the store manager mentioning last month that they had recently upgraded to a new computerized ordering system to improve efficiency. What caused the egg shelves to be empty when Sarah arrived?",Qwen3 235B A22B 2507,"hypothesis: A local catering company placed a large, unexpected bulk order for eggs that was processed through the store’s new computerized ordering system, depleting the weekly egg inventory before regular shoppers arrived.  
verification: Check the store’s sales and inventory logs from the new ordering system to confirm if an unusually large order for eggs was fulfilled earlier that day, and inquire with management about recent bulk purchases by the catering company.","A local catering company placed a large, unexpected bulk order for eggs that was processed through the store’s new computerized ordering system, depleting the weekly egg inventory before regular shoppers arrived.","Check the store’s sales and inventory logs from the new ordering system to confirm if an unusually large order for eggs was fulfilled earlier that day, and inquire with management about recent bulk purchases by the catering company.",ok,
claude-opus-4.5__education__00,education,300 Social sciences,Claude Opus 4.5,"Professor Martinez arrives at Room 204 for her 2:00 PM Introduction to Psychology lecture, as she has every Tuesday and Thursday for the past semester. The classroom is unlocked and the lights are on, but only three students are sitting in a room that typically holds forty-five. The projector is working, the schedule posted outside the door confirms this is the correct time and location, and she received no emails about cancellations, and the department listserv she subscribes to contained no announcements about schedule conflicts or competing events. Her phone shows no emergency alerts, and the hallway outside has normal foot traffic with students walking to other classes. The three students present seem equally puzzled, confirm they haven't heard anything unusual, and mention they only learned they were still enrolled when they checked their registration status that morning after receiving a strange automated email overnight. What is the origin of this situation?",Qwen3 235B A22B 2507,"hypothesis: A glitch in the university’s course management system incorrectly dropped the majority of students from the class roster the night before, leading them to believe they were no longer enrolled.  
verification: Check the student enrollment logs in the university’s academic system to confirm an unauthorized mass unenrollment occurred shortly after the automated email was sent.","A glitch in the university’s course management system incorrectly dropped the majority of students from the class roster the night before, leading them to believe they were no longer enrolled.",Check the student enrollment logs in the university’s academic system to confirm an unauthorized mass unenrollment occurred shortly after the automated email was sent.,ok,
claude-opus-4.5__customs-and-etiquette__00,customs and etiquette,300 Social sciences,Claude Opus 4.5,"You arrive at work on a Tuesday morning at your usual time of 8:45 AM to find the office kitchen completely empty, despite it typically bustling with coworkers making coffee and chatting at this hour. The coffee pot is cold and hasn't been started, and none of the usual breakfast items or lunch bags are in the refrigerator. Your desk area appears normal, and you don't recall any company-wide announcements about schedule changes or meetings. The lights are on throughout the office, and a few personal belongings are visible at other workstations—including jackets draped over chairs and computers that appear to be logged in—but you don't see or hear any colleagues in the immediate vicinity. As you stand puzzled in the doorway, you notice what looks like a maintenance cart parked near the stairwell at the far end of the hallway. What led to this unusual situation in the kitchen this morning?",Qwen3 235B A22B 2507,"hypothesis: A scheduled building maintenance or safety inspection earlier that morning prompted coworkers to enter and leave before the usual kitchen activity time, leaving personal items behind while avoiding the common area during the procedure.  
verification: Check with facility management or review building access logs to confirm whether a maintenance or inspection event occurred early Tuesday morning that required temporary staff coordination or restricted kitchen use.","A scheduled building maintenance or safety inspection earlier that morning prompted coworkers to enter and leave before the usual kitchen activity time, leaving personal items behind while avoiding the common area during the procedure.",Check with facility management or review building access logs to confirm whether a maintenance or inspection event occurred early Tuesday morning that required temporary staff coordination or restricted kitchen use.,ok,
claude-opus-4.5__language__00,language,400 Language,Claude Opus 4.5,"Sarah has worked alongside Tom in their mid-sized accounting firm for three years, and without fail, every Monday morning his department-wide email summarizing the week's deadlines has landed in her inbox. This Monday, she arrives at 9 AM to find her inbox conspicuously empty of Tom's message. She glances over and sees him working normally at his desk just two spaces away—typing steadily, sipping his usual coffee, and participating in the morning huddle as always. What strikes her as odd is that Tom seems completely at ease, checking his sent folder once and nodding to himself with apparent satisfaction before returning to his regular tasks, never once looking concerned or attempting to resend anything. By noon, the email still hasn't appeared, and Tom remains oblivious to any problem while several confused colleagues quietly wonder what happened to the familiar Monday summary. What caused this situation where Tom's weekly email failed to reach anyone despite his normal behavior and apparent confidence that he had completed his routine task?",Qwen3 235B A22B 2507,"hypothesis: Tom's email was silently failing to send due to a misconfigured mail rule that automatically moved or deleted outgoing messages to the department group, leaving no error notification and making it appear in his sent folder incorrectly.  
verification: Check Tom's email client's outbox, server logs, and rule settings to confirm whether a rule or sync error caused the message to be suppressed after being marked as ""sent"" locally.","Tom's email was silently failing to send due to a misconfigured mail rule that automatically moved or deleted outgoing messages to the department group, leaving no error notification and making it appear in his sent folder incorrectly.","Check Tom's email client's outbox, server logs, and rule settings to confirm whether a rule or sync error caused the message to be suppressed after being marked as ""sent"" locally.",ok,
claude-opus-4.5__foreign-languages__00,foreign languages,400 Language,Claude Opus 4.5,"You've been attending an intermediate Spanish class at a local community center every Tuesday evening for the past three months. The instructor, María, has always conducted the entire class exclusively in Spanish, as stated in the course description. Tonight, when you arrive and take your seat, María begins the lesson but is speaking primarily in English, only occasionally switching to Spanish for vocabulary words. The classroom setup is the same, the same students are present, and María appears to be in her usual demeanor—nothing visibly different about the environment or her behavior suggests why the teaching language has suddenly changed. Earlier in the week, you overheard two classmates mentioning that they had spoken with the community center's program coordinator about finding certain lessons challenging, though you didn't hear the full conversation. Throughout tonight's class, you notice María occasionally pausing mid-sentence as if searching for words, and once she repeats the same instruction twice within a few minutes without seeming to realize it.",Qwen3 235B A22B 2507,"hypothesis: María is experiencing temporary cognitive or linguistic difficulty, possibly due to stress, fatigue, or a mild health issue, which is impairing her ability to speak Spanish fluently and prompting her to rely more on English to ensure comprehension.  
verification: After class, privately and respectfully ask María if she is feeling well or if there is anything different affecting her use of Spanish, observing her response and clarity in both languages to assess potential cognitive or linguistic strain.","María is experiencing temporary cognitive or linguistic difficulty, possibly due to stress, fatigue, or a mild health issue, which is impairing her ability to speak Spanish fluently and prompting her to rely more on English to ensure comprehension.","After class, privately and respectfully ask María if she is feeling well or if there is anything different affecting her use of Spanish, observing her response and clarity in both languages to assess potential cognitive or linguistic strain.",ok,
claude-opus-4.5__classical-languages__00,classical languages,400 Language,Claude Opus 4.5,"During your research on Cicero's letters for your graduate thesis, you visited the university's rare books collection to consult a 17th-century commentary that the library catalog confirmed was available. When the archivist retrieved the volume, you discovered that several pages discussing *Ad Atticum* Book V had been carefully removed with a razor—clean cuts along the binding that had gone unnoticed during previous inspections. The book showed no other damage, the protective case remained intact, and checkout records indicated no loans in over eighteen months. A retired professor in your department mentioned that this particular volume contains a unique textual interpretation of Book V that contradicted a widely-cited scholarly thesis published forty years ago, and that the interpretation had mysteriously disappeared from academic discourse around that time. However, you also learned that the rare books collection underwent an extensive conservation assessment eight years ago to address widespread foxing damage throughout the 17th-century holdings, during which volumes were examined page by page by staff members who have since left the institution, and that the archive maintains a substantial backlog of uncatalogued materials from various preservation efforts stored in climate-controlled cabinets awaiting proper documentation and refiling. What caused the pages to be missing from this volume?",Qwen3 235B A22B 2507,"hypothesis: The pages were removed during the conservation assessment eight years ago by a staff member aware of the controversial interpretation, who either deliberately excised them to suppress the dissenting view or inadvertently failed to document their loss during handling.  
verification: Cross-reference the original conservation logs, staff records, and any retained photography or notes from the assessment period to determine whether the pages were present at that time and whether their removal or absence was recorded.","The pages were removed during the conservation assessment eight years ago by a staff member aware of the controversial interpretation, who either deliberately excised them to suppress the dissenting view or inadvertently failed to document their loss during handling.","Cross-reference the original conservation logs, staff records, and any retained photography or notes from the assessment period to determine whether the pages were present at that time and whether their removal or absence was recorded.",ok,
claude-opus-4.5__dictionaries__00,dictionaries,400 Language,Claude Opus 4.5,"While writing your thesis on 19th-century British literature, you realize that the entry for ""senescent"" is completely missing from your Oxford English Dictionary—a word you're certain you looked up just two weeks ago when analyzing a passage describing an aging character. The pages skip from ""senescence"" directly to ""senhor,"" yet the binding is pristine, page numbers run consecutively, and you've kept this same volume on your desk for months without anyone else touching it. You recall the moment vividly: sitting at your desk late one evening, tracing your finger down the page to find the precise definition of ""senescent"" to distinguish it from related terms in your analysis. How did this situation come about?",Qwen3 235B A22B 2507,"hypothesis:  
A printing error in your specific copy of the Oxford English Dictionary resulted in the accidental omission of the page containing ""senescent"" during the original production, which you only noticed upon revisiting the entry.

verification:  
Compare the pagination and content of your volume with another identical edition of the same printing in a library or owned by a colleague to confirm whether the missing entry is consistent across copies or unique to yours.","A printing error in your specific copy of the Oxford English Dictionary resulted in the accidental omission of the page containing ""senescent"" during the original production, which you only noticed upon revisiting the entry.",Compare the pagination and content of your volume with another identical edition of the same printing in a library or owned by a colleague to confirm whether the missing entry is consistent across copies or unique to yours.,ok,
claude-opus-4.5__grammar__00,grammar,400 Language,Claude Opus 4.5,"Margaret visits her elderly neighbor Dorothy every Sunday afternoon for tea, a tradition they have shared for three years. Dorothy, a retired piano teacher, has always played a short piece before they sit down to chat—never once missing this ritual. Today, when Margaret arrives at 2 PM as usual, Dorothy welcomes her warmly and serves tea, but the piano remains untouched. The instrument sits in its usual spot by the window, lid open, sheet music arranged on the stand exactly as always. Dorothy moves about the room without any visible difficulty or discomfort, chatting pleasantly about the weather and asking after Margaret's garden. At one point, Dorothy glances toward the piano and mentions how she received a letter yesterday from the family of her former star pupil, a young woman who had moved abroad years ago to pursue a concert career. Dorothy smiles fondly at the memory but says nothing more, and the afternoon proceeds normally in every other respect. When Margaret gently asks if Dorothy might play something today, Dorothy looks momentarily puzzled, then brightens and says, ""Oh, what a lovely idea! I haven't thought to do that in ages."" What caused Dorothy to leave the piano unplayed during Margaret's visit?",Qwen3 235B A22B 2507,"hypothesis: Dorothy has recently experienced a mild cognitive lapse or early memory disruption, possibly due to age-related cognitive decline, which caused her to forget the piano-playing ritual despite being emotionally connected to music and her past.  
verification: Administer a brief cognitive screening test (such as the Mini-Mental State Exam or MoCA) to assess Dorothy’s memory, attention, and executive function, and compare results with prior medical history if available.","Dorothy has recently experienced a mild cognitive lapse or early memory disruption, possibly due to age-related cognitive decline, which caused her to forget the piano-playing ritual despite being emotionally connected to music and her past.","Administer a brief cognitive screening test (such as the Mini-Mental State Exam or MoCA) to assess Dorothy’s memory, attention, and executive function, and compare results with prior medical history if available.",ok,
claude-opus-4.5__natural-science__00,natural science,500 Pure science,Claude Opus 4.5,"For three years, your morning commute past the small neighborhood pond has been accompanied by the familiar chorus of frogs each spring and summer, with their croaking particularly vibrant during warm, humid mornings. This Tuesday in mid-June, despite conditions that should produce peak frog activity, the pond is eerily silent—no frogs visible on the banks or lily pads, no croaking to be heard. The pond itself appears unchanged: same water level, same algae along the edges, same cattails swaying gently. Birds continue visiting the water's edge as usual, and the water remains clear with no visible disturbance. You recall that this past spring was notably warmer than previous years, with temperatures in March and April running well above average, which you remember because the neighborhood gardens bloomed unusually early. A retired biology teacher who lives nearby mentioned weeks ago that the warm weather might affect local wildlife patterns. However, you also noticed last weekend that your neighbor two houses up had been treating his large sloped lawn, which borders the small creek feeding into the pond, though the grass there now looks lush and healthy. What caused the sudden and complete disappearance of the frogs from this pond?",Qwen3 235B A22B 2507,"hypothesis: The sudden disappearance of the frogs is most likely due to the application of lawn pesticides or herbicides on the neighboring property, which ran off into the pond via the connecting creek and caused acute toxicity or mass mortality among the frog population.  
verification: Test water samples from the pond and creek for common pesticides or herbicides, particularly systemic ones like glyphosate or neonicotinoids, and compare concentrations to known lethal levels for amphibians.","The sudden disappearance of the frogs is most likely due to the application of lawn pesticides or herbicides on the neighboring property, which ran off into the pond via the connecting creek and caused acute toxicity or mass mortality among the frog population.","Test water samples from the pond and creek for common pesticides or herbicides, particularly systemic ones like glyphosate or neonicotinoids, and compare concentrations to known lethal levels for amphibians.",ok,
claude-opus-4.5__mathematics__00,mathematics,500 Pure science,Claude Opus 4.5,"Dr. Whitmore has served as a part-time assistant at the university mathematics library for eight months, meticulously verifying each morning that the Number Theory section remains arranged by ascending call number. Arriving for her Tuesday shift, she discovers an unusual anomaly: three consecutive books in the middle of the section maintain their correct order relative to one another but have collectively shifted one slot to the right, leaving an unexplained gap on the left where no book sits. The dust patterns on the shelf appear undisturbed, eliminating the possibility that books were removed and replaced, and nothing suggests any volumes fell. The library's checkout system confirms none of these three books were borrowed. The evening staff member who closed the previous night left no notes about reshelving or incidents, though campus security footage from the reading area shows a graduate student spending two hours at a nearby table with multiple Number Theory texts spread before her, carefully cross-referencing theorems before returning everything to the shelves. What caused the three books to be displaced one position to the right while remaining in correct order relative to each other?",Qwen3 235B A22B 2507,"hypothesis: The graduate student accidentally pushed the three books to the right while reshelving adjacent volumes, creating a gap on the left, due to misjudging the correct positions of neighboring books without fully removing the trio.  
verification: Review the security footage frame by frame to observe the graduate student’s reshelving actions, focusing on whether she slid or displaced the three books while handling books immediately to their left.","The graduate student accidentally pushed the three books to the right while reshelving adjacent volumes, creating a gap on the left, due to misjudging the correct positions of neighboring books without fully removing the trio.","Review the security footage frame by frame to observe the graduate student’s reshelving actions, focusing on whether she slid or displaced the three books while handling books immediately to their left.",ok,
claude-opus-4.5__physics__00,physics,500 Pure science,Claude Opus 4.5,"Walking home from work along the same route you've taken for three years, you notice that the streetlight at the corner of Maple and 5th Street—which has reliably illuminated that intersection every evening—is now flickering erratically, staying on for a few seconds, going dark, then buzzing back to life. The bulb appears intact, the fixture shows no visible damage, and all the other streetlights on the block are functioning normally. There's no storm damage, no maintenance crew nearby, and no obvious external interference. You recall that heavy construction vehicles have been using this route for the past several months while the new apartment complex was being built nearby, and the base of the light pole shows faint signs of vibration wear. The temperature today was mild, similar to previous days, and the flickering follows no discernible pattern—though you notice it seems slightly worse when you first arrive during the transitional light of early evening, with the sky still holding that ambiguous glow between day and night. What caused this streetlight to begin flickering?",Qwen3 235B A22B 2507,"hypothesis: Repeated vibrations from heavy construction vehicles have gradually loosened internal electrical connections in the streetlight’s ballast or photocell, causing intermittent power flow that worsens during twilight when the light’s sensors are most sensitive to threshold changes in ambient light.  
verification: A maintenance technician inspects and tightens electrical components within the fixture and base of the pole, then monitors the light’s performance—especially at dawn and dusk—over several days to see if the flickering ceases.","Repeated vibrations from heavy construction vehicles have gradually loosened internal electrical connections in the streetlight’s ballast or photocell, causing intermittent power flow that worsens during twilight when the light’s sensors are most sensitive to threshold changes in ambient light.","A maintenance technician inspects and tightens electrical components within the fixture and base of the pole, then monitors the light’s performance—especially at dawn and dusk—over several days to see if the flickering ceases.",ok,
claude-opus-4.5__chemistry__00,chemistry,500 Pure science,Claude Opus 4.5,"During a routine preparation for an afternoon organic chemistry lab, a university teaching assistant retrieved a bottle of glacial acetic acid from the stockroom—the same bottle the department had been using all semester—and diluted it to prepare a 0.1 M solution for a titration exercise, following her standard procedure exactly. When she tested the solution with a pH meter that had been calibrated with fresh buffer solutions that morning and was giving correct readings for other standards, she obtained a reading of 3.2 instead of the expected value around 2.9. The bottle appeared completely normal with an intact label matching inventory records, and the liquid looked and smelled exactly like acetic acid. She noticed the stockroom had been particularly humid lately due to a malfunctioning ventilation system, and the bottle's cap showed subtle wear from months of frequent opening and closing. Puzzled by the discrepancy, she prepared a second solution using the same acetic acid bottle but with distilled water from a different source in the building, and this time the pH reading came out at the expected 2.9. What caused the original pH reading to be higher than expected?",Qwen3 235B A22B 2507,"hypothesis: The original higher pH was caused by partial neutralization of the acetic acid due to carbon dioxide absorption from humid air into the distilled water used for dilution, forming carbonic acid that altered the ionic equilibrium and reduced acidity.  
verification: Test the pH of the original distilled water source after exposure to the humid stockroom air and measure its carbonate/bicarbonate content using titration or ion chromatography to confirm CO₂ dissolution.","The original higher pH was caused by partial neutralization of the acetic acid due to carbon dioxide absorption from humid air into the distilled water used for dilution, forming carbonic acid that altered the ionic equilibrium and reduced acidity.",Test the pH of the original distilled water source after exposure to the humid stockroom air and measure its carbonate/bicarbonate content using titration or ion chromatography to confirm CO₂ dissolution.,ok,
claude-opus-4.5__health-and-medicine__00,health and medicine,600 Technology,Claude Opus 4.5,"Margaret, a 58-year-old woman with well-controlled hypertension, has been taking the same medication at the same dose for three years and monitors her blood pressure every morning before breakfast, where it consistently reads around 125/80. Today, following her exact routine—same time, same arm, same seated position after five minutes of rest—her home monitor displays 145/92, and a repeat reading confirms the result. She feels completely normal with no fever, chills, body aches, or fatigue, experienced no obvious stress, slept her usual seven hours, and ate her regular dinner the night before. The device batteries were recently replaced, and the cuff fits properly. She did pick up her monthly prescription refill four days ago and noticed the pills looked slightly different in color, but her pharmacist had assured her it was the same medication. What is the origin of Margaret's unexpectedly elevated blood pressure reading?",Qwen3 235B A22B 2507,"hypothesis: The change in the appearance of Margaret’s medication suggests a switch to a different manufacturer or formulation, potentially resulting in altered bioavailability or reduced efficacy despite being the same generic drug.  
verification: Compare the active and inactive ingredients of the new prescription with the previous one by obtaining lot-specific information from the pharmacist or manufacturer to confirm whether a formulation change could affect drug absorption or effectiveness.","The change in the appearance of Margaret’s medication suggests a switch to a different manufacturer or formulation, potentially resulting in altered bioavailability or reduced efficacy despite being the same generic drug.",Compare the active and inactive ingredients of the new prescription with the previous one by obtaining lot-specific information from the pharmacist or manufacturer to confirm whether a formulation change could affect drug absorption or effectiveness.,ok,
claude-opus-4.5__engineering__00,engineering,600 Technology,Claude Opus 4.5,"A facilities engineer arrives at a 15-year-old office building on a Tuesday morning to find that water pressure on the 6th floor has dropped noticeably compared to the previous week, with faucets running slower and restroom sensors taking longer to activate full flow. There are no visible leaks, no scheduled maintenance, no overnight fire system tests, and the municipal supply reports normal pressure at the street connection. The basement pressure gauge shows the booster pumps operating within normal parameters, and no alarms have been triggered in the building management system. Upon initial inspection, the engineer notes that several fixture aerators on the 6th floor show visible white calcium deposits around their edges, consistent with the building's history of hard water issues that have required periodic descaling of equipment. However, when the engineer checks pressure readings at multiple floors, she discovers that the 7th and 8th floors are experiencing even greater pressure reduction than the 6th floor, with the problem worsening progressively at higher elevations in the building—a pattern that only emerged after the engineer expanded her investigation beyond the floor where complaints originated. What is the origin of this situation?",Qwen3 235B A22B 2507,"hypothesis: A partial blockage has developed in the vertical riser supplying water to the upper floors, likely due to accumulated mineral deposits from hard water, which restricts flow more severely at higher elevations due to reduced residual pressure.  
verification: Isolate the riser serving the affected floors and perform a flow test at multiple levels to measure differential flow rates, then inspect the riser interior with a borescope to confirm the presence and location of mineral buildup.","A partial blockage has developed in the vertical riser supplying water to the upper floors, likely due to accumulated mineral deposits from hard water, which restricts flow more severely at higher elevations due to reduced residual pressure.","Isolate the riser serving the affected floors and perform a flow test at multiple levels to measure differential flow rates, then inspect the riser interior with a borescope to confirm the presence and location of mineral buildup.",ok,
claude-opus-4.5__farming-and-agriculture__00,farming and agriculture,600 Technology,Claude Opus 4.5,"Marcus arrives at his family's tomato farm at 6 AM as he does every morning during growing season, expecting to see the dark, moist soil that typically greets him after the automated drip irrigation system completes its scheduled 4 AM to 5:30 AM run. Today, however, the soil appears uniformly dry across the entire three-acre plot, identical to how it looked when he left yesterday evening. The irrigation control panel shows green lights indicating normal operation, the water pump house is humming as usual, and the main valve appears to be in the open position—everything suggests the system functioned perfectly. When Marcus checks the pressure gauge at the pump house, he notices it reads slightly lower than the typical operating range, and he recalls that his neighbor mentioned having filter problems last month that caused similar low-pressure readings. The weather has been consistently dry for the past week, ruling out rainfall, and none of the neighboring farms share the same water source. Walking back toward the field, Marcus notices an unusual patch of saturated ground near the fence line about fifty yards from the pump house, in an area where no irrigation lines should be delivering water, surrounded by small disturbed mounds of earth he hadn't seen before. What caused the irrigation system to fail to water the tomato plants despite all visible indicators showing normal operation?",Qwen3 235B A22B 2507,"hypothesis: A ruptured or dislodged underground irrigation line near the fence line has diverted water away from the main field, causing the dry soil despite normal-looking system indicators and resulting in a localized leak that explains the saturated ground and soil disturbance.  
verification: Excavate the saturated area near the fence line to inspect for damaged or displaced irrigation piping, confirming the presence of a leak that would reduce system pressure and prevent adequate water delivery to the crops.","A ruptured or dislodged underground irrigation line near the fence line has diverted water away from the main field, causing the dry soil despite normal-looking system indicators and resulting in a localized leak that explains the saturated ground and soil disturbance.","Excavate the saturated area near the fence line to inspect for damaged or displaced irrigation piping, confirming the presence of a leak that would reduce system pressure and prevent adequate water delivery to the crops.",ok,
claude-opus-4.5__management__00,management,600 Technology,Claude Opus 4.5,"You arrive at your company's regional office for a scheduled 2 PM meeting with the branch manager on a Tuesday in mid-March. This office typically has around 40 employees and a consistently full parking lot during business hours, but today the lot is only about one-quarter full. The building lights are on, the front door is unlocked, and a receptionist greets you normally at the front desk. Your meeting proceeds as planned, and nothing appears visibly different inside—desks are set up, computers are running, and the few employees present are working quietly. You've visited this office monthly for the past year, always finding it bustling with activity, and there are no visible signs, notices, or construction explaining the reduced attendance. You recall that during your last visit four weeks ago, the branch manager mentioned the company was ""rolling out some new workplace flexibility initiatives across all regional locations,"" though she didn't elaborate on the details. The receptionist doesn't mention anything unusual when you check in. What is the origin of this situation?",Qwen3 235B A22B 2507,"hypothesis: The reduced attendance is due to the implementation of a new flexible work policy, such as hybrid work schedules or staggered office days, allowing employees to work remotely part-time.  
verification: Ask the branch manager or HR representative directly about the details of the recently rolled out workplace flexibility initiatives to confirm changes in office attendance policies.","The reduced attendance is due to the implementation of a new flexible work policy, such as hybrid work schedules or staggered office days, allowing employees to work remotely part-time.",Ask the branch manager or HR representative directly about the details of the recently rolled out workplace flexibility initiatives to confirm changes in office attendance policies.,ok,
claude-opus-4.5__manufacturing__00,manufacturing,600 Technology,Claude Opus 4.5,"A CNC machinist has been producing identical aluminum bracket parts all week using material stock from the same supplier lot, with cutting parameters, coolant flow, and machine settings remaining unchanged throughout production. On Thursday afternoon, during a routine dimensional check, the machinist discovers that the last batch of parts is consistently measuring 0.05mm undersize on a critical diameter—still within tolerance but noticeably different from the tight consistency achieved earlier in the week. The cutting tool, which had shown minor signs of edge wear during a visual inspection on Wednesday morning, still has 40% of its expected life remaining according to the tool management system. The material appears identical, the machine displays no error codes, and the ambient shop temperature has remained stable. The hydraulic workholding fixture, which was serviced three months ago and has been performing reliably, continues to clamp parts without any visible issues or audible changes. Yet something has shifted in the process, producing this small but measurable deviation from the established pattern. What is the origin of this dimensional inconsistency?",Qwen3 235B A22B 2507,"hypothesis: The gradual accumulation of tool wear beyond a critical threshold has begun to affect cutting forces and elastic deformation in the system, leading to a consistent but subtle undersizing despite the tool still having remaining life according to the management system.  
verification: Replace the cutting tool with a new one of the same specification and measure the critical diameter on the next batch; if dimensions return to the original nominal size, tool wear was the primary cause.","The gradual accumulation of tool wear beyond a critical threshold has begun to affect cutting forces and elastic deformation in the system, leading to a consistent but subtle undersizing despite the tool still having remaining life according to the management system.","Replace the cutting tool with a new one of the same specification and measure the critical diameter on the next batch; if dimensions return to the original nominal size, tool wear was the primary cause.",ok,
claude-opus-4.5__architecture__00,architecture,700 Arts and recreation,Claude Opus 4.5,"You're visiting a recently completed office building for a meeting when you notice that one of the double glass doors at the main entrance doesn't sit flush with its frame—there's a visible gap of about 5 millimeters along the top edge, while the bottom appears properly seated. The adjacent door fits perfectly within its frame. The building passed its final inspection just two months ago, and as you enter, you feel a distinct rush of air pushing outward from the climate-controlled lobby, noticeably warmer than the cool autumn air outside. A facilities worker mentions offhandedly that they keep the interior pressure slightly elevated to prevent dust infiltration. Despite this, you observe no visible cracks in the floor tiles, walls, or surrounding concrete, and the gap affects only the single door rather than both entrance doors uniformly. What caused the misalignment of this door?",Qwen3 235B A22B 2507,"hypothesis: The elevated interior air pressure in the building is exerting uneven force on the imperfectly balanced door, causing it to warp slightly upward over time, leading to the gap at the top.  
verification: Measure the pressure differential between the interior and exterior of the building and assess the door’s alignment before and after temporarily equalizing the pressure to determine if the gap diminishes.","The elevated interior air pressure in the building is exerting uneven force on the imperfectly balanced door, causing it to warp slightly upward over time, leading to the gap at the top.",Measure the pressure differential between the interior and exterior of the building and assess the door’s alignment before and after temporarily equalizing the pressure to determine if the gap diminishes.,ok,
claude-opus-4.5__painting__00,painting,700 Arts and recreation,Claude Opus 4.5,"During your weekend painting session, you squeeze titanium white from a freshly purchased tube onto your palette and immediately notice the paint is unusually thin and runny—nothing like the familiar consistency you've relied on for years with this brand. The tube was properly sealed, stored at room temperature in your climate-controlled studio, and shows an expiration date well into next year. Puzzled, you shake it vigorously and try again, but the watery texture persists. You recall reading on an artist forum last month that this manufacturer had been quietly reformulating several colors to improve brush flow and reduce production costs, which made you briefly consider switching brands before deciding to stay loyal. The color itself appears identical to what you expect, and the packaging shows no indication of any changes. When you check online reviews from the past week, you find three other customers reporting the same issue with titanium white tubes bearing sequential lot numbers, all purchased from different retailers across the country, while tubes from other lot numbers seem completely normal. What is the origin of this unexpected paint consistency?",Qwen3 235B A22B 2507,"hypothesis: The manufacturer has reformulated this specific batch of titanium white paint to improve brush flow and reduce production costs, resulting in a thinner consistency despite identical packaging and labeling.  
verification: Contact the manufacturer directly and request the formulation details or batch records for the specific lot numbers in question to confirm whether a recent change was implemented.","The manufacturer has reformulated this specific batch of titanium white paint to improve brush flow and reduce production costs, resulting in a thinner consistency despite identical packaging and labeling.",Contact the manufacturer directly and request the formulation details or batch records for the specific lot numbers in question to confirm whether a recent change was implemented.,ok,
claude-opus-4.5__photography__00,photography,700 Arts and recreation,Claude Opus 4.5,"The night before a scheduled sunrise photo walk, you followed your usual routine: fully charging your camera battery until the charger's indicator light turned green, then placing the camera in your bag at room temperature. You purchased this battery just four months ago as a replacement for your original one, and it has performed flawlessly since. You distinctly remember the camera displaying 100% when you briefly checked it before bed. The camera remained untouched in your bag overnight—no wireless features enabled, no accidental power-ons. When you arrive at the location and turn on the camera, the battery indicator reads only 60%. The camera body feels normal, and the battery contacts show no corrosion or damage. Puzzled, you recall that your camera received an automatic firmware update three days ago that promised ""improved performance optimizations,"" though you hadn't noticed any changes in operation since then. What caused nearly half of your battery's charge to disappear overnight despite the camera appearing to be completely off?",Qwen3 235B A22B 2507,"hypothesis: The automatic firmware update introduced a power management bug that causes the camera to intermittently draw battery power even when powered off, leading to unexpected discharge overnight.  
verification: Test the battery drain by repeating the overnight rest with the camera on the previous firmware version (if recoverable) or monitor the camera's current draw with a multimeter while off to detect any abnormal power consumption.","The automatic firmware update introduced a power management bug that causes the camera to intermittently draw battery power even when powered off, leading to unexpected discharge overnight.",Test the battery drain by repeating the overnight rest with the camera on the previous firmware version (if recoverable) or monitor the camera's current draw with a multimeter while off to detect any abnormal power consumption.,ok,
claude-opus-4.5__music__00,music,700 Arts and recreation,Claude Opus 4.5,"You arrive at a symphony orchestra performance venue 30 minutes before the scheduled evening concert, as you always do. The lobby is open, staff members are at their positions, programs are stacked at the entrance, and other patrons are milling about in formal attire. However, when you check the large digital display board that normally shows the evening's program and performer names, it simply reads ""This Evening's Performance"" with the conductor and soloist fields left blank. The printed programs have a small paper insert covering the original conductor's name with a different name printed on it. You overhear a staff member quietly mention to a colleague that ""the call came in just this morning,"" and you notice the substitute conductor's name belongs to someone locally based who regularly works with this orchestra as an assistant conductor. A small, discrete sign near the box office mentions that the venue follows ""enhanced health and safety protocols for all performers,"" and you recall reading that this particular orchestra implemented comprehensive pre-performance screening procedures following industry-wide changes in recent years. The concert will clearly proceed with full orchestra, and nothing appears cancelled—the musicians warming up backstage sound as prepared as ever, suggesting whoever is now conducting was already intimately familiar with tonight's program. What circumstances most likely led to this last-minute substitution?",Qwen3 235B A22B 2507,"hypothesis: The originally scheduled conductor was suddenly unable to perform due to a health issue detected through the orchestra’s pre-performance screening, necessitating a last-minute substitution by the locally based assistant conductor.  
verification: Confirm with orchestra management or a public statement whether the named conductor was cleared to perform, or if health protocol records indicate a positive screening or medical disqualification earlier that day.","The originally scheduled conductor was suddenly unable to perform due to a health issue detected through the orchestra’s pre-performance screening, necessitating a last-minute substitution by the locally based assistant conductor.","Confirm with orchestra management or a public statement whether the named conductor was cleared to perform, or if health protocol records indicate a positive screening or medical disqualification earlier that day.",ok,
claude-opus-4.5__sports__00,sports,700 Arts and recreation,Claude Opus 4.5,"During a Saturday afternoon college football game, Marcus notices that the large scoreboard clock has been frozen at 8:47 remaining in the third quarter for several minutes, even though play continues normally on the field. The rest of the scoreboard functions perfectly—team scores update after each touchdown, the down and distance markers change with every play, and the possession indicator switches correctly between teams. Earlier in the quarter, Marcus had noticed the scoreboard briefly flicker when stadium staff appeared to be making adjustments to the display brightness, after which everything seemed to resume normally except for the clock. The referees continue managing the game using their own timing equipment, the coaches show no concern, and the public address announcer hasn't mentioned any issues. What caused the stadium clock to stop displaying the correct time while all other scoreboard elements continued functioning properly?",Qwen3 235B A22B 2507,"hypothesis: A software glitch in the scoreboard's clock module occurred after a power fluctuation or adjustment during the brightness change, causing the timer display to freeze while other functions remained operational due to separate processing channels.  
verification: Inspect the scoreboard control system logs for error messages or reset events around the time of the flicker, particularly focusing on the timekeeping subsystem.","A software glitch in the scoreboard's clock module occurred after a power fluctuation or adjustment during the brightness change, causing the timer display to freeze while other functions remained operational due to separate processing channels.","Inspect the scoreboard control system logs for error messages or reset events around the time of the flicker, particularly focusing on the timekeeping subsystem.",ok,
claude-opus-4.5__classical-literature__00,classical literature,800 Literature,Claude Opus 4.5,"Mrs. Whitmore returned home Thursday evening to find her parlor impeccably cleaned as expected—the piano top gleamed with its usual polish, and the familiar scent of lemon oil lingered in the air, just as it had every Thursday for the past twelve years since Agnes began working as her housekeeper. Yet something made her pause: the small porcelain dog sat exactly where she had placed it the previous Friday, on the left side of the piano, completely undisturbed. For over a decade, Agnes had unconsciously moved this figurine to the right side while dusting, never once remembering to return it despite Mrs. Whitmore's early attempts at correction; it had become such a reliable occurrence that Mrs. Whitmore had incorporated moving it back into her own Friday morning routine. She recalled that just last week, Agnes had mentioned feeling embarrassed about her ""silly absent-minded habits"" and had asked Mrs. Whitmore to point out anything she consistently overlooked so she could improve her work. The room showed every other sign of Agnes's thorough attention—the cushions plumped in her distinctive style, the curtains tied back at their usual angle—yet that porcelain dog, unmoved for the first time in twelve years, suggested something had changed about who cleaned the parlor that day.",Qwen3 235B A22B 2507,"hypothesis: Agnes did not clean the parlor this week, and someone else performed the cleaning in her place, carefully replicating her typical methods but unaware of her habitual quirk of moving the porcelain dog.  
verification: Confirm the identity of the person who cleaned the parlor by reviewing security footage from Thursday afternoon or by directly asking Agnes or her employer whether she completed her duties as scheduled.","Agnes did not clean the parlor this week, and someone else performed the cleaning in her place, carefully replicating her typical methods but unaware of her habitual quirk of moving the porcelain dog.",Confirm the identity of the person who cleaned the parlor by reviewing security footage from Thursday afternoon or by directly asking Agnes or her employer whether she completed her duties as scheduled.,ok,
claude-opus-4.5__poetry__00,poetry,800 Literature,Claude Opus 4.5,"After years of Tuesday evening visits to your local library, you know every corner of the building intimately, including the small framed photograph near the entrance that you've walked past hundreds of times. Tonight, as you head toward the poetry section in the back corner, you discover the entire contemporary poetry shelf has been relocated three rows over, now occupying the space where biographies stood just last week. The books remain in perfect alphabetical order, the shelf labels have been correctly updated, and you notice no signs of renovation anywhere—no dust, no equipment, no disruption. The carpet shows no drag marks from furniture being moved, and the fluorescent lighting hums with its familiar monotony. At the front desk sits an unfamiliar librarian, busy with other patrons. You recall the library recently announced an expansion of its biography collection, which would reasonably require shifting sections around, yet something feels subtly off—the entrance photograph, you now realize, depicts a different local landmark than the one you've absently glanced at for years. Why has the poetry section moved from its usual location?",Qwen3 235B A22B 2507,"hypothesis: The library implemented a planned reorganization of its collections to accommodate the expanded biography section, which included relocating the poetry shelf and updating signage and reference materials like the entrance photograph to reflect a revised local history exhibit.  
verification: Confirm the changes with the library’s official floor plan or recent announcements, and ask the staff—particularly the familiar librarian when available—if the reorganization was part of a scheduled update that included both shelf realignment and display modifications.","The library implemented a planned reorganization of its collections to accommodate the expanded biography section, which included relocating the poetry shelf and updating signage and reference materials like the entrance photograph to reflect a revised local history exhibit.","Confirm the changes with the library’s official floor plan or recent announcements, and ask the staff—particularly the familiar librarian when available—if the reorganization was part of a scheduled update that included both shelf realignment and display modifications.",ok,
claude-opus-4.5__science-fiction__00,science fiction,800 Literature,Claude Opus 4.5,"Dr. Elena Vasquez conducts her weekly inspection at Agricultural Research Station 7 on the lunar colony, where the experimental wheat crops in Greenhouse Module 4 have only grown 2.3 centimeters instead of the projected 4.1 centimeters. The automated climate systems show all parameters—temperature, humidity, CO2 levels, and light cycles—registering as optimal, and the plants appear completely healthy with no signs of disease, discoloration, or pest damage. The irrigation logs confirm scheduled water delivery, nutrient reservoirs are at expected levels, and the monitoring console's last sensor recalibration was performed just three days ago following standard maintenance protocols. What puzzles Dr. Vasquez most is that the neighboring greenhouse module, running an identical experiment with the same seed batch planted on the same date, shows growth perfectly consistent with projections at 4.0 centimeters. She pulls up the station layout and notices that Module 4 shares a wall with the newly installed atmospheric processors that began operations last month, while the control module is located on the opposite side of the research station. Why are the wheat crops in Module 4 growing at nearly half the expected rate despite all monitored conditions appearing normal?",Qwen3 235B A22B 2507,"hypothesis: Subtle vibrations or low-frequency noise from the newly installed atmospheric processors are disrupting root development or cellular processes in Module 4, despite optimal recorded environmental conditions.  
verification: Temporarily shut down the atmospheric processors for a controlled period and monitor growth rate changes in Module 4 while using vibration-dampening sensors to measure mechanical interference.","Subtle vibrations or low-frequency noise from the newly installed atmospheric processors are disrupting root development or cellular processes in Module 4, despite optimal recorded environmental conditions.",Temporarily shut down the atmospheric processors for a controlled period and monitor growth rate changes in Module 4 while using vibration-dampening sensors to measure mechanical interference.,ok,
claude-opus-4.5__novels__00,novels,800 Literature,Claude Opus 4.5,"Sarah had been reading the same paperback novel on her nightstand for the past two weeks, always placing it on the left side next to her lamp after her nightly reading sessions. This morning, when she reached for it to pack in her bag for a lunch break read, she found it on the right side of the nightstand, tucked partially under a magazine she hadn't touched in days. Her apartment door had been locked as usual, nothing else appeared disturbed, and she lived alone. The bookmark was still on the correct page. Sarah recalled waking briefly around 3 AM feeling thirsty but couldn't remember much else, though she did notice that the small decorative vase on her nightstand—which she never moved—had also shifted slightly closer to the edge. How did the book end up in its new position?",Qwen3 235B A22B 2507,"hypothesis: Sarah likely moved the book herself during a brief episode of sleepwalking triggered by partial arousal from deep sleep, explaining the displacement of both the book and the vase without conscious memory.  
verification: Install a motion-activated camera aimed at the nightstand overnight to capture any nocturnal activity, particularly around 3 AM, to confirm whether Sarah sleepwalks and relocates the objects.","Sarah likely moved the book herself during a brief episode of sleepwalking triggered by partial arousal from deep sleep, explaining the displacement of both the book and the vase without conscious memory.","Install a motion-activated camera aimed at the nightstand overnight to capture any nocturnal activity, particularly around 3 AM, to confirm whether Sarah sleepwalks and relocates the objects.",ok,
claude-opus-4.5__essays__00,essays,800 Literature,Claude Opus 4.5,"You've been corresponding with a colleague named Marcus about a joint project, exchanging emails every day or two for the past week. Your communication has been seamless—he typically responds within hours, often with detailed, enthusiastic messages. After sending a detailed question on Tuesday evening about budget allocations and vendor selection criteria you'd noticed in some shared documents, you check your inbox Wednesday morning and see no reply. By Thursday afternoon, there's still no response. Marcus's email hasn't bounced back, his out-of-office auto-reply hasn't activated, and you can see from your company's messaging platform that he was online earlier today and even responded quickly to a group chat about lunch plans. You recall that Marcus mentioned last week how overwhelmed he's been with emails lately, joking that he has ""hundreds of unread messages"" piling up and that he sometimes misses things when checking his phone between meetings. The email simply sits there, unanswered, breaking the established pattern of prompt communication without any visible explanation.",Qwen3 235B A22B 2507,"hypothesis: Marcus overlooked your email because it was buried among the high volume of unread messages in his inbox, despite being active on other communication platforms.  
verification: Send a polite follow-up message via the company's messaging platform asking if he saw your email about budget and vendor criteria, and whether he needs any clarification to respond.","Marcus overlooked your email because it was buried among the high volume of unread messages in his inbox, despite being active on other communication platforms.","Send a polite follow-up message via the company's messaging platform asking if he saw your email about budget and vendor criteria, and whether he needs any clarification to respond.",ok,
claude-opus-4.5__historical-documents__00,historical documents,900 History and geography,Claude Opus 4.5,"A graduate student researching 18th-century colonial trade agreements discovers a puzzling inconsistency while examining a collection of merchant contracts at a regional archive. Among dozens of documents from the same period, all stored in identical conditions within the same archival box, one particular contract from 1762 displays a signature noticeably more faded than all the others—including documents dated several years earlier. The paper quality, ink type, and storage history appear consistent across the entire collection, yet this single document shows disproportionate degradation confined specifically to the signature area while the body text remains comparable to its companions. The archivist's intake records indicate the collection was acquired as a complete set from the estate of a wealthy family whose patriarch had been a prominent merchant in the colonial trade network, and inventory notes mention that several documents bore signatures from well-known figures of the era, including this particular contract signed by a merchant who later became locally celebrated for negotiating a favorable treaty. Interestingly, the student also notes that the signatory on this contract was known to travel extensively between port cities conducting business, unlike the other merchants whose signatures appear on the remaining documents in the collection. What caused the signature on this specific 1762 contract to fade more severely than comparable documents stored alongside it for decades?",Qwen3 235B A22B 2507,"hypothesis: The signature was written in a different, less stable ink—such as iron gall ink with an altered formulation or higher acidity—that degraded the paper’s fibers locally over time, accelerating fading specifically in that area despite uniform storage.  
verification: Conduct non-invasive ink analysis using Raman spectroscopy or X-ray fluorescence on the signature and adjacent text to detect chemical differences in ink composition that would explain differential degradation.","The signature was written in a different, less stable ink—such as iron gall ink with an altered formulation or higher acidity—that degraded the paper’s fibers locally over time, accelerating fading specifically in that area despite uniform storage.",Conduct non-invasive ink analysis using Raman spectroscopy or X-ray fluorescence on the signature and adjacent text to detect chemical differences in ink composition that would explain differential degradation.,ok,
claude-opus-4.5__geography-and-travel__00,geography and travel,900 History and geography,Claude Opus 4.5,"During a summer hiking trip in the Canadian Rockies, you visit a remote alpine lake that guidebooks describe as ""frigidly cold year-round, fed by glacial meltwater."" When you arrive, you're surprised to find the water is noticeably temperate—warm enough that other hikers are swimming comfortably without the usual gasping reactions typical of glacial lakes. The lake appears completely normal otherwise: crystal-clear water with the characteristic blue-green color shown in photographs, surrounded by rocky terrain and sparse vegetation. You notice the summer has been particularly hot, with several consecutive weeks of intense sunshine and above-average temperatures that have left the surrounding rocks warm to the touch even in the shade. However, when you hike higher to get a better view of the landscape, you observe that the glacier visible in older photographs from the trailhead information board appears dramatically smaller than depicted, with the ice now terminating much farther up the mountainside and exposing bare rock where flowing meltwater streams once cascaded down toward the lake. What is the origin of this situation?",Qwen3 235B A22B 2507,"hypothesis: The alpine lake is now being primarily warmed by direct solar radiation and inflow from non-glacial surface runoff due to the significant retreat of the glacier, which has reduced the volume of cold meltwater feeding the lake.  
verification: Measure the lake's temperature and compare it with historical data while using satellite imagery and time-lapse photos to correlate the glacier's retreat and reduced meltwater input with the observed warming trend.","The alpine lake is now being primarily warmed by direct solar radiation and inflow from non-glacial surface runoff due to the significant retreat of the glacier, which has reduced the volume of cold meltwater feeding the lake.",Measure the lake's temperature and compare it with historical data while using satellite imagery and time-lapse photos to correlate the glacier's retreat and reduced meltwater input with the observed warming trend.,ok,
claude-opus-4.5__ancient-history__00,ancient history,900 History and geography,Claude Opus 4.5,"A farmer in ancient Mesopotamia, around 1750 BCE, walks out to his barley field one spring morning to begin planting and discovers that the carved boundary stone marking the division between his property and his neighbor's land now stands about two cubits further into what he has always considered his own field. The stone appears completely undisturbed in its current position—the earth around its base is settled and firmly packed, showing no signs of recent digging. His neighbor has been away trading goods in a distant city for several weeks, and the neighbor's field beyond shows no obvious signs of recent activity. The farmer recalls that this past winter brought particularly heavy rains that caused the nearby river to overflow its banks multiple times, leaving visible flood deposits across many low-lying fields in the region, including silt lines still faintly visible along the edges of his own property. He struggles to explain how the stone came to rest in this new location, as he is certain of where it stood when his father first showed him the property boundaries years ago. What caused the boundary stone to be in its current position?",Qwen3 235B A22B 2507,"hypothesis: The boundary stone was gradually displaced over time by soil liquefaction and lateral spreading during repeated river flooding, which temporarily softened the saturated ground and allowed the stone to slowly sink and shift downhill due to gravity, followed by sediment deposition that stabilized it in its new position.

verification: Excavation around the stone and analysis of soil stratigraphy would reveal disturbed sediment layers and evidence of past liquefaction, such as sand boils or tilted strata, consistent with flood-induced ground movement.","The boundary stone was gradually displaced over time by soil liquefaction and lateral spreading during repeated river flooding, which temporarily softened the saturated ground and allowed the stone to slowly sink and shift downhill due to gravity, followed by sediment deposition that stabilized it in its new position.","Excavation around the stone and analysis of soil stratigraphy would reveal disturbed sediment layers and evidence of past liquefaction, such as sand boils or tilted strata, consistent with flood-induced ground movement.",ok,
claude-opus-4.5__biographies__00,biographies,900 History and geography,Claude Opus 4.5,"Sarah had been reading the same paperback novel on her nightstand for the past two weeks, always placing it in the same spot before turning off the lamp each night. When she woke up on a Tuesday morning, the book was on her dresser across the room, positioned neatly with a different page bookmarked than where she had left off. She lived alone, had no pets, and her apartment door was still locked from the inside with the chain fastened. The windows were also secured. Sarah had experienced occasional sleep disturbances in the past, sometimes waking in different positions than she remembered falling asleep. The book had simply moved approximately six feet overnight, now open to a chapter she hadn't yet reached—a chapter containing a handwritten annotation in the margin that was definitely not her handwriting. How did the book end up on Sarah's dresser with a new bookmark and unfamiliar writing inside?",Qwen3 235B A22B 2507,"hypothesis: Sarah likely experienced a sleepwalking episode during which she unconsciously moved the book to the dresser, turned to a new page, and wrote the marginal annotation herself without any memory of the event.  
verification: Install a motion-activated camera in the bedroom to record nighttime activity and determine whether Sarah gets out of bed and interacts with the book while asleep.","Sarah likely experienced a sleepwalking episode during which she unconsciously moved the book to the dresser, turned to a new page, and wrote the marginal annotation herself without any memory of the event.",Install a motion-activated camera in the bedroom to record nighttime activity and determine whether Sarah gets out of bed and interacts with the book while asleep.,ok,
claude-opus-4.5__modern-history__00,modern history,900 History and geography,Claude Opus 4.5,"Upon arriving at your local public library on a Tuesday at 2 PM—well within its posted hours of 9 AM to 8 PM—you find the doors locked despite lights being on inside and staff members clearly visible moving around. Several confused patrons stand outside checking their phones, and the library's website and social media show no planned closures. Through the glass doors, you notice that the self-checkout stations appear dark and the computer terminals at the front desk seem inactive, with staff members clustered near the back of the building rather than at their usual stations. The book drop remains accessible, staff vehicles fill the parking lot, and the building shows no signs of damage, emergency vehicles, or construction work—yet no explanation has been posted for why this library, which you visited without issue just last week, now stands inaccessible. What caused this unexpected closure?",Qwen3 235B A22B 2507,"hypothesis: The library is experiencing a network or system-wide technical outage that disabled public access systems like self-checkout and computer terminals, prompting staff to lock the doors and focus on internal operations while awaiting IT support.  
verification: Contact the library’s administrative office by phone or check nearby branch locations for announcements regarding a known technical issue or internal service disruption.","The library is experiencing a network or system-wide technical outage that disabled public access systems like self-checkout and computer terminals, prompting staff to lock the doors and focus on internal operations while awaiting IT support.",Contact the library’s administrative office by phone or check nearby branch locations for announcements regarding a known technical issue or internal service disruption.,ok,
gpt-5.2-pro__computer-programming__00,computer programming,"000 Computer science, information and general works",GPT-5.2 Pro,"On a Tuesday afternoon, a developer pulls the latest code and reruns the project’s automated tests that normally complete in ~5 minutes, but now a handful of integration tests intermittently fail with “connection refused” when hitting a local service that the test runner launches; the odd part is that the same commit was green in CI that morning, and although the developer recently installed a background VPN/dev tool that *seems* like it could be meddling with local ports (making a port-grab conflict feel plausible), repeated checks show the service never logs “address already in use,” `lsof`/`netstat` consistently show the port is free before launch, and the service always eventually binds and prints “listening” — just much later than usual — while the machine is visibly under load (fans spinning, high CPU from an indexing job, heavy disk I/O, occasional swapping), and the failures cluster when the tests try to connect immediately after startup; given these clues, what is the most likely origin of the intermittent “connection refused” errors?",Qwen3 235B A22B 2507,"hypothesis: The intermittent ""connection refused"" errors are caused by the local service taking longer to become fully responsive (beyond just binding the port) due to system resource contention from background processes, leading integration tests to connect too early when the event loop or worker threads are not yet ready.  
verification: Introduce a small delay or implement a retry-with-backoff health check between service startup and test execution, and observe if failure rates drop significantly under the same system load conditions.","The intermittent ""connection refused"" errors are caused by the local service taking longer to become fully responsive (beyond just binding the port) due to system resource contention from background processes, leading integration tests to connect too early when the event loop or worker threads are not yet ready.","Introduce a small delay or implement a retry-with-backoff health check between service startup and test execution, and observe if failure rates drop significantly under the same system load conditions.",ok,
gpt-5.2-pro__libraries__00,libraries,"000 Computer science, information and general works",GPT-5.2 Pro,"On a Wednesday evening when your neighborhood library is normally open, you find the doors unlocked and the lights on, but every self-check kiosk flashes “offline” and won’t scan barcodes, and the public computers boot up yet can’t load the library catalog or even the Wi‑Fi login page; a patron mentions they heard the regional library consortium was doing overnight maintenance on the central catalog servers (which would explain the kiosks being down), but when you step outside and use your phone on cellular you can reach the catalog website without trouble, while inside the building none of the PCs can open any external sites and even simple addresses fail to load as if nothing can be reached at all—what is the most likely origin of this situation?",Qwen3 235B A22B 2507,"hypothesis: The library's internal network is isolated from the internet due to a misconfigured firewall or router following maintenance, allowing local systems to operate but blocking external connectivity required for kiosks and computers.  
verification: Check the library’s network gateway or router settings to confirm whether an incorrect configuration or failed firmware update is preventing outbound internet traffic while permitting local device functionality.","The library's internal network is isolated from the internet due to a misconfigured firewall or router following maintenance, allowing local systems to operate but blocking external connectivity required for kiosks and computers.",Check the library’s network gateway or router settings to confirm whether an incorrect configuration or failed firmware update is preventing outbound internet traffic while permitting local device functionality.,ok,
gpt-5.2-pro__artificial-intelligence__00,artificial intelligence,"000 Computer science, information and general works",GPT-5.2 Pro,"A small company relies on an AI-powered email filter that almost always routes invoices into the accounting inbox within a minute, and its dashboard stays “online” with no obvious warnings. One afternoon, however, several invoices from long‑standing vendors arrive 3–4 hours late while other routine emails (including non-invoice messages from internal staff) continue to appear on time, and the office internet seems normal. A junior admin mentions noticing the filter briefly showing “updating rules” earlier in the day, which makes it sound like invoice-specific scanning might have slowed things down, yet the message headers on the late invoices show multiple failed delivery attempts with temporary 4xx responses before they were finally accepted—apparently affecting only those vendors that use the same third‑party sending service—so what underlying origin best explains why only those vendors’ invoices were delayed for hours despite everything looking healthy in the visible setup?",Qwen3 235B A22B 2507,"hypothesis: A temporary DNS or SMTP routing issue between the third-party email service used by the affected vendors and the company's email filter caused repeated transient delivery failures, which were misinterpreted as delayed processing despite the vendors' messages eventually being delivered after retry cycles.  
verification: Examine the mail server logs or the AI filter’s delivery telemetry to confirm if inbound connections from the specific third-party sender IPs faced repeated transient 4xx errors (e.g., 451 or 421) tied to rate limiting, greylisting, or temporary DNS resolution failures, correlating in time with the delay window.","A temporary DNS or SMTP routing issue between the third-party email service used by the affected vendors and the company's email filter caused repeated transient delivery failures, which were misinterpreted as delayed processing despite the vendors' messages eventually being delivered after retry cycles.","Examine the mail server logs or the AI filter’s delivery telemetry to confirm if inbound connections from the specific third-party sender IPs faced repeated transient 4xx errors (e.g., 451 or 421) tied to rate limiting, greylisting, or temporary DNS resolution failures, correlating in time with the delay window.",ok,
gpt-5.2-pro__magazines__00,magazines,"000 Computer science, information and general works",GPT-5.2 Pro,"On your way home you stop at your usual neighborhood newsstand to pick up the new issue of a monthly magazine that almost always shows up on the first Tuesday; the display card is up and last month’s issue is still face-out, but there isn’t a single copy of the new one anywhere in the rack or behind the counter, and the clerk says they “haven’t gotten it yet.” The rest of the shop looks normal—today’s newspapers, other weeklies, and snack shelves are fully stocked—and the clerk even mentions the regular distributor driver did come by this morning (which makes it feel like a simple missed bundle), yet when they pull up the delivery scanner screen it shows the magazine’s SKU as “not released/short-shipped by source,” and you recall seeing online that other nearby shops are also missing the same issue. What is the most likely origin of the missing magazine issue?",Qwen3 235B A22B 2507,"hypothesis: The publisher delayed the release or short-shipped the current issue due to a production, distribution, or logistical problem, such as a print error, shipping delay, or inventory misallocation.  
verification: Contact the magazine’s publisher directly or check their official website and social media for announcements regarding a release delay or distribution issue affecting the current issue.","The publisher delayed the release or short-shipped the current issue due to a production, distribution, or logistical problem, such as a print error, shipping delay, or inventory misallocation.",Contact the magazine’s publisher directly or check their official website and social media for announcements regarding a release delay or distribution issue affecting the current issue.,ok,
gpt-5.2-pro__news-media__00,news media,"000 Computer science, information and general works",GPT-5.2 Pro,"A local news website that normally refreshes its homepage every few minutes has been stuck showing the same lead story and identical timestamp for several hours, even as competing outlets post fresh developments; the page loads quickly, ads rotate as usual, and the “latest” section stays frozen across multiple devices and different internet connections. Editors insist they can see newer stories in the CMS and even preview an updated homepage arrangement in the admin interface (which makes it feel like the homepage-promotion job might be stalled), but a developer checking the live response headers on the public homepage notices a very large `Age` value and repeated `X-Cache: HIT` indicators, and when they fetch the homepage directly from the origin host (bypassing the edge) it shows the current, updated lead story immediately. Given these mixed signals, what is the most likely origin of the public site remaining stuck on an old homepage snapshot for hours?",Qwen3 235B A22B 2507,"hypothesis: A misconfigured or stalled caching layer (such as a CDN or reverse proxy) is serving a stale version of the homepage due to an expired or incorrectly set cache invalidation policy, despite recent updates being live on the origin server.  
verification: Purge the CDN and reverse proxy cache for the homepage URL and confirm that the updated content appears immediately on the public site, while monitoring cache headers to ensure the origin server’s Cache-Control directives are respected.","A misconfigured or stalled caching layer (such as a CDN or reverse proxy) is serving a stale version of the homepage due to an expired or incorrectly set cache invalidation policy, despite recent updates being live on the origin server.","Purge the CDN and reverse proxy cache for the homepage URL and confirm that the updated content appears immediately on the public site, while monitoring cache headers to ensure the origin server’s Cache-Control directives are respected.",ok,
gpt-5.2-pro__philosophy__00,philosophy,100 Philosophy and psychology,GPT-5.2 Pro,"On a weekday morning you reach your usual bus stop, where the schedule hasn’t changed and the digital arrival sign is typically accurate, but today it keeps flashing “Next bus: 2 minutes” for more than ten minutes while no buses pass and the street around the stop looks normal (no cones, police tape, or posted detours); the display even reminds you of last month’s brief real‑time outage that made arrivals “stick,” which makes a frozen GPS feed seem possible, yet when you open the agency’s live map the same bus is still reporting fresh timestamps every few seconds and appears parked or barely creeping in place a few blocks short of you, and a rider at the next stop up the line messages that traffic there is at a standstill with vehicles squeezed around something in the lane—what is the origin of the situation causing the sign to keep insisting the bus is “2 minutes” away?",Qwen3 235B A22B 2507,"hypothesis: A disabled vehicle or obstruction just ahead of the next stop is causing traffic to halt, preventing the bus from progressing despite having an active GPS signal, which keeps reporting its position as only slightly delayed, thereby triggering the system to perpetually estimate a 2-minute arrival.  
verification: Cross-reference the live GPS trail of the bus on the agency’s map with real-time traffic camera footage or reports from riders along the route to confirm a stationary obstruction in the lane ahead of the bus’s current location.","A disabled vehicle or obstruction just ahead of the next stop is causing traffic to halt, preventing the bus from progressing despite having an active GPS signal, which keeps reporting its position as only slightly delayed, thereby triggering the system to perpetually estimate a 2-minute arrival.",Cross-reference the live GPS trail of the bus on the agency’s map with real-time traffic camera footage or reports from riders along the route to confirm a stationary obstruction in the lane ahead of the bus’s current location.,ok,
gpt-5.2-pro__psychology__00,psychology,100 Philosophy and psychology,GPT-5.2 Pro,"A university research participant arrives for a confirmed psychology study appointment and finds the suite’s main lab door oddly unlocked even though the building typically requires a keycard, yet the waiting-area lights are off and the receptionist desk is empty; the online scheduling page still shows the session as confirmed and a printed wall sign lists the lab’s hours as “Open,” and to make it more confusing there’s a fresh-looking sticky note on the desk that reads “Back in 5—please keep lights off during protocol,” which makes it seem like staff might be inside running a session, but the interior hallway looks dark, the testing-room doors visible from the lobby window appear shut with no movement or sound, and calling the lab number routes to voicemail with an automated message saying the coordinator is out and the supervisor is “tied up in a meeting” with no mention of closing—given all of that, what caused this unusual setup to occur?",Qwen3 235B A22B 2507,"hypothesis: A researcher began an ongoing experiment requiring darkness and silence, temporarily suspended standard procedures by manually unlocking the door and leaving a note, but forgot to update the online status or inform the participant of minor delays.  
verification: Check with the lab supervisor after the supposed meeting ends to confirm if an extended experiment was in progress and review security logs to see if a staff member accessed the lab shortly before the participant's arrival.","A researcher began an ongoing experiment requiring darkness and silence, temporarily suspended standard procedures by manually unlocking the door and leaving a note, but forgot to update the online status or inform the participant of minor delays.",Check with the lab supervisor after the supposed meeting ends to confirm if an extended experiment was in progress and review security logs to see if a staff member accessed the lab shortly before the participant's arrival.,ok,
gpt-5.2-pro__dreams__00,dreams,100 Philosophy and psychology,GPT-5.2 Pro,"On your way home you stop at the neighborhood grocery store you frequent, but the automatic sliding doors are stuck half‑open and a handwritten sign on the glass says “Closed—Back in 15 minutes.” The lights are on and you can see employees moving through the aisles, yet no one comes up front and the checkout lanes sit empty; to make it even more confusing, you notice a card reader on the nearest register is lit up like it’s been recently rebooted and you remember the store had a register outage last month. Still, the staff inside don’t look like they’re troubleshooting equipment—two of them keep hovering near the aisles facing the office hallway, and the manager appears to be on the phone while watching someone out of view. From the sidewalk, what was the real reason the entrance was temporarily closed and left unattended?",Qwen3 235B A22B 2507,"hypothesis: The store temporarily closed the entrance because an individual in the back area—possibly near the office—is acting suspiciously or threateningly, prompting staff to secure the front while awaiting instructions from authorities or assessing the situation.  
verification: Review the store’s security camera footage from the time of the incident to confirm whether an unauthorized or distressed person was present near the office or back hallway, correlating with the staff’s behavior and the forced door closure.","The store temporarily closed the entrance because an individual in the back area—possibly near the office—is acting suspiciously or threateningly, prompting staff to secure the front while awaiting instructions from authorities or assessing the situation.","Review the store’s security camera footage from the time of the incident to confirm whether an unauthorized or distressed person was present near the office or back hallway, correlating with the staff’s behavior and the forced door closure.",ok,
gpt-5.2-pro__logic__00,logic,100 Philosophy and psychology,GPT-5.2 Pro,"You show up to your neighborhood library at 6:10 p.m. on a weekday—well before the usual 8:00 p.m. closing time still posted on the door—and find the interior lights fully on, the vestibule empty, and the public entrance doors locked with no “closed” sign or note about changed hours; through the glass you can make out the circulation desk looking abruptly unattended (a chair pushed back, a book cart half-shelved, and a staff mug still sitting out, which makes it seem like someone stepped away in a hurry), yet there’s no visible commotion, no emergency vehicles outside, and you can faintly see two employees deeper in the building peering at a laptop and talking on a phone near an office area; at the same time, the small access-control box by the door is blinking red and displaying a brief “controller fault/lockdown” message. What is the most likely origin of the library being locked up under these conditions?",Qwen3 235B A22B 2507,"hypothesis: The library’s electronic access control system experienced a technical fault or power surge, triggering an automated lockdown that secured the public doors while leaving lights and internal operations unaffected.  
verification: Contact library administration or facilities management to check the access control system logs for recent fault alerts or reboot events coinciding with the lockdown message.","The library’s electronic access control system experienced a technical fault or power surge, triggering an automated lockdown that secured the public doors while leaving lights and internal operations unaffected.",Contact library administration or facilities management to check the access control system logs for recent fault alerts or reboot events coinciding with the lockdown message.,ok,
gpt-5.2-pro__ethics__00,ethics,100 Philosophy and psychology,GPT-5.2 Pro,"At 6:10 p.m. you stop by your neighborhood pharmacy to pick up a routine refill after receiving an automated “Ready for pickup” text, and the posted hours still say they’re open until 8:00 p.m.; the lights are on and the “Open” sign is lit, but the front door is locked with a handwritten note reading “Closed temporarily—back soon,” and through the glass you can see two technicians moving around behind the counter while one of them repeatedly clicks through screens on a terminal and another restarts a printer (which makes it look like the computer system might be down), yet the drop-off and consultation windows are unattended and the drive-thru is coned off; as you stand there, you catch a snippet of a phone call from inside—“We can’t release anything until the pharmacist gets back; it’ll only be a little while”—even though nothing on the visible screens clearly confirms an outage; given these mixed signals, what is the most likely origin of the temporary lockout?",Qwen3 235B A22B 2507,"hypothesis: The pharmacy is temporarily locked due to a computer system outage that requires the on-duty pharmacist to authenticate or resolve before prescriptions can be dispensed, even though support staff are attempting backend troubleshooting.  
verification: Call the pharmacy’s main line or ask staff through the door whether a system authentication failure or pharmacist-required override is delaying prescription release, which would confirm the dependency on the pharmacist’s presence for system recovery or compliance.","The pharmacy is temporarily locked due to a computer system outage that requires the on-duty pharmacist to authenticate or resolve before prescriptions can be dispensed, even though support staff are attempting backend troubleshooting.","Call the pharmacy’s main line or ask staff through the door whether a system authentication failure or pharmacist-required override is delaying prescription release, which would confirm the dependency on the pharmacist’s presence for system recovery or compliance.",ok,
gpt-5.2-pro__the-environment__00,the environment,300 Social sciences,GPT-5.2 Pro,"At 6:15 p.m. on a weekday you walk to your neighborhood pharmacy, which normally stays open until 8, and through the lit windows you can see aisles, the register screens, and at least two employees moving around—yet the automatic doors won’t slide open and instead give a brief motorized whir followed by a sharp beep as a small indicator above the frame flashes red; a plain printed notice taped to the glass reads only “Temporarily closed,” and when you peer toward the pharmacy counter it looks unattended, which makes you wonder if the pharmacist had to leave suddenly, but you also notice one worker repeatedly pressing a button and fiddling with a small panel by the entrance as if trying to reset something. With no construction, damage, or emergency vehicles outside, what is the most likely origin of the closure?",Qwen3 235B A22B 2507,"hypothesis: The automatic door system has malfunctioned due to a sensor or software fault, locking out customers despite the store being operational and staff attempting repairs.  
verification: Check whether the door opens when manually overridden via the internal control panel or if bypassing the sensor allows entry, confirming an electronic failure rather than intentional closure.","The automatic door system has malfunctioned due to a sensor or software fault, locking out customers despite the store being operational and staff attempting repairs.","Check whether the door opens when manually overridden via the internal control panel or if bypassing the sensor allows entry, confirming an electronic failure rather than intentional closure.",ok,
gpt-5.2-pro__politics__00,politics,300 Social sciences,GPT-5.2 Pro,"Residents who show up for the city council’s first-Tuesday meeting at its usual 7:00 p.m. start time find the chamber locked even though the city’s official online calendar still lists 7:00 p.m., and the government-access TV station is airing unrelated prerecorded shows instead of the customary live feed; a printed notice taped to the door says the meeting was moved to 3:00 p.m. that same day, and a few people point out that no email alert or mailed agenda ever arrived, though one person insists they overheard a staffer earlier in the week mention “we may need to meet earlier to stay on schedule” for an upcoming item. Given that the only consistently accurate information seems to be the paper notice on the door, what earlier breakdown most likely explains how the meeting could have been rescheduled ahead of time while the public-facing calendar, email/agenda distribution, and TV broadcast cues all failed to reflect the change?",Qwen3 235B A22B 2507,"hypothesis: The city clerk or designated administrative officer verbally approved an early meeting time change without updating official digital systems or notifying the communications team, assuming the door notice was sufficient.  
verification: Interview the city clerk and communications staff to confirm whether a formal rescheduling request was submitted and trace whether email alerts, calendar updates, and broadcast instructions were dispatched through established protocols.","The city clerk or designated administrative officer verbally approved an early meeting time change without updating official digital systems or notifying the communications team, assuming the door notice was sufficient.","Interview the city clerk and communications staff to confirm whether a formal rescheduling request was submitted and trace whether email alerts, calendar updates, and broadcast instructions were dispatched through established protocols.",ok,
gpt-5.2-pro__economics__00,economics,300 Social sciences,GPT-5.2 Pro,"During your usual weekly grocery run, the egg shelf still shows the familiar $3.49 tag (and you even notice staff replacing a bunch of other shelf labels in nearby aisles that morning, which makes it seem like this week’s tag reset happened), but when you check out the register charges $4.29 and the cashier insists “the system has the updated price” and mentions they “got an overnight update,” even though nothing else you buy scans incorrectly; when you look closely at the receipt afterward, the eggs line includes a small extra notation like “ZONE/MARGIN ADJ” rather than a simple base price, and a supervisor tells you the chain’s standard shelf price for eggs is still $3.49—so what is the most likely origin of the $0.80 discrepancy that only appears at checkout and isn’t reflected on the shelf label?",Qwen3 235B A22B 2507,"hypothesis: The $0.80 discrepancy is due to a dynamic pricing algorithm that adjusts the final price at checkout based on regional demand, supply chain costs, or store-specific margin targets, flagged internally as a “ZONE/MARGIN ADJ” to distinguish it from the base shelf price.  
verification: Request the store manager to review the backend pricing log for the egg SKU during the transaction timeframe to confirm whether a zone- or margin-based override was automatically applied by the central pricing system.","The $0.80 discrepancy is due to a dynamic pricing algorithm that adjusts the final price at checkout based on regional demand, supply chain costs, or store-specific margin targets, flagged internally as a “ZONE/MARGIN ADJ” to distinguish it from the base shelf price.",Request the store manager to review the backend pricing log for the egg SKU during the transaction timeframe to confirm whether a zone- or margin-based override was automatically applied by the central pricing system.,ok,
gpt-5.2-pro__education__00,education,300 Social sciences,GPT-5.2 Pro,"During second period, a high school teacher finds the classroom’s interactive whiteboard showing a strong Wi‑Fi signal but stuck on “Obtaining IP address,” and in its network details it has self-assigned a 169.254.x.x address; a nearby staff printer that was rebooted that morning also shows a 169.254.x.x address and won’t accept jobs, while the teacher’s laptop (which was already on and connected before class) still has a normal staff-network IP and can reach the internet—just very slowly when loading the gradebook roster and seating chart. Students’ phones on the student/guest network load videos normally. Adding to the confusion, an email from IT last week warned that staff devices might briefly have Wi‑Fi issues during a security certificate update, yet nothing appears unplugged or damaged and there’s no maintenance notice posted. What is the most likely underlying origin of this partial outage affecting only newly connected or recently rebooted staff devices in the room?",Qwen3 235B A22B 2507,"hypothesis: A misconfigured or failed DHCP server on the staff network segment is preventing newly connecting or rebooted devices from obtaining valid IP addresses, forcing them to self-assign link-local 169.254.x.x addresses, while devices already connected before the failure retain their leases and function—albeit with degraded performance due to potential routing instability or bandwidth contention.  
verification: Access a staff device with command-line capabilities and use network diagnostic tools (e.g., ipconfig /all or dhclient release/renew) to confirm the absence of a DHCP response, then verify the status and configuration of the staff network’s DHCP server through the IT management console.","A misconfigured or failed DHCP server on the staff network segment is preventing newly connecting or rebooted devices from obtaining valid IP addresses, forcing them to self-assign link-local 169.254.x.x addresses, while devices already connected before the failure retain their leases and function—albeit with degraded performance due to potential routing instability or bandwidth contention.","Access a staff device with command-line capabilities and use network diagnostic tools (e.g., ipconfig /all or dhclient release/renew) to confirm the absence of a DHCP response, then verify the status and configuration of the staff network’s DHCP server through the IT management console.",ok,
gpt-5.2-pro__customs-and-etiquette__00,customs and etiquette,300 Social sciences,GPT-5.2 Pro,"When you arrive at your neighborhood post office on a weekday morning during its posted hours, the doors are unlocked, the lobby lights are on, and the counter is laid out as if ready for business, but no clerk appears and the “Next Customer” screen keeps looping the same idle animation without ever advancing; a couple of other patrons wait silently in the usual line because people there don’t knock on the staff door, and through the gap behind the counter you can just barely make out stacked tubs that look like accountable or registered-mail containers (which makes it seem like the clerk could be stuck reconciling an urgent shipment), yet you also notice the card reader display is blank, the scale screen is dark, and an occasional muffled “startup” chime comes from the back room—given these clues, what is the most likely origin of the delay?",Qwen3 235B A22B 2507,"hypothesis: The postal clerk is unable to log in or resume operations because the point-of-sale system is frozen during startup, requiring technical support to resolve the system lockup.  
verification: Observing whether the system display remains unresponsive despite repeated soft reboots or contacting postal supervisors to confirm if a service ticket has been filed for terminal malfunction.","The postal clerk is unable to log in or resume operations because the point-of-sale system is frozen during startup, requiring technical support to resolve the system lockup.",Observing whether the system display remains unresponsive despite repeated soft reboots or contacting postal supervisors to confirm if a service ticket has been filed for terminal malfunction.,ok,
gpt-5.2-pro__language__00,language,400 Language,GPT-5.2 Pro,"On a Tuesday evening you show up for your library’s weekly conversation club, and the library website still lists it as happening in the usual meeting room, but the room is dark, locked, and has only a plain “Session canceled today” note taped to the door; at the front desk, staff confirm it’s canceled yet say they weren’t given a reason, and to make things more confusing you notice what looks like the volunteer facilitator’s distinctive tote bag sitting behind the nearby info desk (making a last-minute personal emergency seem possible), but when you glance at the library’s internal room-schedule display by the corridor it shows the club’s room booking as “renewal pending/approval not on file” and marked “auto-canceled today,” so what is the most likely origin of the cancellation?",Qwen3 235B A22B 2507,"hypothesis: The conversation club was automatically canceled because the facilitator failed to renew the room reservation by the deadline, triggering the library's automated cancellation system, even though the facilitator may have been unexpectedly present and unaware of the lapse.  
verification: Check with library administration whether the facilitator submitted timely renewal paperwork for the room booking and confirm the automated cancellation policy triggers based on the status shown in the internal schedule.","The conversation club was automatically canceled because the facilitator failed to renew the room reservation by the deadline, triggering the library's automated cancellation system, even though the facilitator may have been unexpectedly present and unaware of the lapse.",Check with library administration whether the facilitator submitted timely renewal paperwork for the room booking and confirm the automated cancellation policy triggers based on the status shown in the internal schedule.,ok,
gpt-5.2-pro__foreign-languages__00,foreign languages,400 Language,GPT-5.2 Pro,"When you arrive for your usual Tuesday 7 p.m. Spanish language-exchange at the community center, the schedule still lists the same room number, but the hallway is empty, the door is locked, and the lights are off; a generic printed sign taped to the door reads “Session moved—see online calendar,” and next to it someone has also stuck a small “Facilities: check A/C” slip that makes it look like the center may have pulled the room for maintenance, yet the front desk says the room wasn’t reassigned and there’s no maintenance work order on file for tonight—then, as you refresh the group’s online calendar, you notice a last-minute update posted less than an hour ago naming a nearby café as the meetup spot with a brief note about “low RSVPs/host change.” What is the origin of this situation?",Qwen3 235B A22B 2507,"hypothesis: The session was moved to the café by the host due to low attendance and a change in host, who independently updated the online calendar but failed to coordinate with the facility staff to remove the maintenance slip or properly notify in person.  
verification: Contact the new host listed in the online calendar update to confirm their decision-making process and whether they placed the ""Session moved"" notice and were unaware of the conflicting maintenance signage.","The session was moved to the café by the host due to low attendance and a change in host, who independently updated the online calendar but failed to coordinate with the facility staff to remove the maintenance slip or properly notify in person.","Contact the new host listed in the online calendar update to confirm their decision-making process and whether they placed the ""Session moved"" notice and were unaware of the conflicting maintenance signage.",ok,
gpt-5.2-pro__classical-languages__00,classical languages,400 Language,GPT-5.2 Pro,"Late afternoon at the university library, you head to the open reference area for the Latin dictionary and the Loeb editions, only to find the shelves unexpectedly bare; a small printed sign taped to the endcap reads “Reference temporarily unavailable—ask at desk,” and although the circulation desk is swamped, you notice a few subtle hints nearby: thin strips of painter’s tape with handwritten call-number ranges on the now-empty shelf edges, a couple of book trucks parked near a staff-only door with paper slips labeled by range, and faint pencil marks on the floor as if sections were being measured—yet, confusingly, a fresh-looking flyer at the entrance also reminds patrons to “help prevent loss by keeping reference materials in the library,” making it sound like security could be involved. Given these details, what is the most likely origin of the sudden disappearance of the Latin dictionary and Loeb volumes from the open reference shelves?",Qwen3 235B A22B 2507,"hypothesis: The library is temporarily removing reference materials to reorganize or relocate the collection, using marked sections and book trucks to manage the shift, while the flyer serves to prevent theft during the vulnerable transition period.  
verification: Ask a librarian at the circulation desk whether the reference section is undergoing reconfiguration and confirm if the removed items will be returned to a different location or after a set date.","The library is temporarily removing reference materials to reorganize or relocate the collection, using marked sections and book trucks to manage the shift, while the flyer serves to prevent theft during the vulnerable transition period.",Ask a librarian at the circulation desk whether the reference section is undergoing reconfiguration and confirm if the removed items will be returned to a different location or after a set date.,ok,
gpt-5.2-pro__dictionaries__00,dictionaries,400 Language,GPT-5.2 Pro,"After a background “offline data update” ran on your phone overnight, you open your large reference dictionary app to look up a very common word you use all the time, but instead of the usual pronunciation button and full definitions, the screen shows only a bare “entry unavailable” line with no audio; other words you try in the same app load normally, and your other internet-connected apps work fine. You toggle between Wi‑Fi and cellular and even restart the phone with no change, which makes it feel like the provider’s servers might be having one of those selective hiccups people are complaining about online today—except that on the same Wi‑Fi, the exact same word loads perfectly on a friend’s phone and on the dictionary’s website. Given these clues, what is the most likely origin of the “entry unavailable” problem on your device?",Qwen3 235B A22B 2507,"hypothesis: The offline data update corrupted or incompletely updated a specific portion of the app's local dictionary cache, causing the app to mistakenly report the word as unavailable despite the content being accessible online or on other devices.  
verification: Clear the app's cache and data, then restart the app to force a fresh download of the dictionary entries, checking if the problematic word now displays correctly.","The offline data update corrupted or incompletely updated a specific portion of the app's local dictionary cache, causing the app to mistakenly report the word as unavailable despite the content being accessible online or on other devices.","Clear the app's cache and data, then restart the app to force a fresh download of the dictionary entries, checking if the problematic word now displays correctly.",ok,
gpt-5.2-pro__grammar__00,grammar,400 Language,GPT-5.2 Pro,"After your laptop wakes from sleep in the late afternoon, you open it again that evening to write an email and notice that spellcheck and grammar suggestions are suddenly disabled even though they were working earlier the same day; the document language still shows the correct dictionary installed, your internet connection looks fine, and even restarting the app and rebooting the laptop doesn’t bring the tools back—yet in Task Manager the proofing-related background process appears to be running, and when you click your profile icon you briefly see a “can’t verify subscription”/“sign in to reactivate features” message that disappears before you can read it; given these mixed signals (including the timing after sleep that makes a local service hiccup seem plausible), what is the most likely origin of the missing grammar and spelling tools?",Qwen3 235B A22B 2507,"hypothesis: A temporary authentication token for cloud-based Microsoft 365 services expired during sleep and failed to refresh upon wake, causing the app to lose license validation and disable subscription-dependent features like spellcheck and grammar suggestions despite local processes appearing active.  
verification: Sign out of the Microsoft account within the Office application and sign back in to force reauthentication and token renewal, then check if grammar and spellcheck features are restored.","A temporary authentication token for cloud-based Microsoft 365 services expired during sleep and failed to refresh upon wake, causing the app to lose license validation and disable subscription-dependent features like spellcheck and grammar suggestions despite local processes appearing active.","Sign out of the Microsoft account within the Office application and sign back in to force reauthentication and token renewal, then check if grammar and spellcheck features are restored.",ok,
gpt-5.2-pro__natural-science__00,natural science,500 Pure science,GPT-5.2 Pro,"When you reach the small freshwater pond you sample weekly, the water is a bit cloudier than last week and carries a faint green cast, and your dissolved-oxygen reading is noticeably lower than it normally is at mid‑morning; the past two days have been dry and calm with no visible runoff, spill, or dead fish, and the inlet stream looks clear at the surface. A quick check with your sonde shows the surface layer is unexpectedly cool for the season after a clear, chilly night, and the temperature difference between the top and bottom has shrunk compared with your last visit; near-bottom water you pull up in a bottle looks tea-brown with fine sediment and old algal flecks mixed in, while the chlorophyll/fluorescence reading at the surface hasn’t jumped much despite the greenish tint. You also remember last week’s lab results showed elevated nutrients, which makes a sudden bloom seem plausible, but the pattern you’re seeing doesn’t quite match your usual bloom days—so what is the most likely origin of the pond’s sudden cloudiness and low dissolved oxygen?",Qwen3 235B A22B 2507,"hypothesis: A recent turnover event caused by nighttime surface cooling has mixed deeper, anoxic, nutrient-rich water containing suspended sediments and decomposing organic matter into the upper layers, leading to reduced clarity, lower dissolved oxygen, and a greenish tint without a significant chlorophyll spike.  
verification: Conduct a vertical profile with a multiparameter sonde to confirm weakened thermal stratification and measure dissolved oxygen, turbidity, and chlorophyll at multiple depths, comparing current conditions to historical stratification patterns.","A recent turnover event caused by nighttime surface cooling has mixed deeper, anoxic, nutrient-rich water containing suspended sediments and decomposing organic matter into the upper layers, leading to reduced clarity, lower dissolved oxygen, and a greenish tint without a significant chlorophyll spike.","Conduct a vertical profile with a multiparameter sonde to confirm weakened thermal stratification and measure dissolved oxygen, turbidity, and chlorophyll at multiple depths, comparing current conditions to historical stratification patterns.",ok,
gpt-5.2-pro__mathematics__00,mathematics,500 Pure science,GPT-5.2 Pro,"A student sits down in the university library to finish a calculus assignment and notices something bizarre: for several problems, the exact numerical input that multiple classmates submit and receive as “Correct” is marked “Incorrect” when the student enters it on their own account, even though the problem statements and the displayed “correct answer” feedback look word-for-word and number-for-number identical; adding to the confusion, the assignment link the student clicks has a slightly different-looking URL slug (making it seem like they might be in a different section’s copy), yet the instructor dashboard and the visible assignment ID on the page match what their classmates see, and when a classmate logs into their own account on the same library computer and Wi‑Fi, the system immediately grades that same input as correct; even stranger, after the student logs out/in or waits a few minutes and resubmits, the very same response sometimes flips between incorrect and correct without any edits—given these details, what is the most likely origin of the inconsistent grading behavior on the student’s account?",Qwen3 235B A22B 2507,"hypothesis: The learning management system is using session-specific or user-specific variable seeding for algorithmically generated problems, causing the same numeric input to be correct or incorrect depending on the student's individual problem instance, even though the displayed parameters appear identical due to a UI rendering bug or caching issue.  
verification: Have the student and a classmate simultaneously view their respective problem instances on the same device while logged into their own accounts to compare whether hidden variables or randomized parameters differ despite identical displayed content, and check the page source or API response for unique problem seeds.","The learning management system is using session-specific or user-specific variable seeding for algorithmically generated problems, causing the same numeric input to be correct or incorrect depending on the student's individual problem instance, even though the displayed parameters appear identical due to a UI rendering bug or caching issue.","Have the student and a classmate simultaneously view their respective problem instances on the same device while logged into their own accounts to compare whether hidden variables or randomized parameters differ despite identical displayed content, and check the page source or API response for unique problem seeds.",ok,
gpt-5.2-pro__physics__00,physics,500 Pure science,GPT-5.2 Pro,"Late on a weekday evening, a lab technician finds a helium–neon laser still running in a routine beam-alignment setup, and the spot on a card several meters away has wandered a few millimeters from the pencil marks made that morning even though the kinematic mounts and posts look untouched; the only suspicious hardware detail is that one steering mirror is held in a spring-preloaded clamp pad that the group has seen “creep” before, and it had been tightened earlier in the day. However, when the technician slides a long cardboard tube (open at both ends) over most of the free-space beam path, the spot slowly returns close to the original mark within a minute or two, and when the tube is removed the drift reappears; similarly, briefly opening the lab door produces a noticeable transient spot motion that then settles again without anyone touching the optics, while a quick check of the mirror mount’s readback/indicator shows no measurable change in its angle. Given these details, what is the most likely origin of the apparent beam drift?",Qwen3 235B A22B 2507,"hypothesis:  
Air currents in the lab are causing refractive index fluctuations along the beam path, leading to beam wander, which is mitigated by the cardboard tube shielding the beam from convective flows.

verification:  
Place a second, independent sensor (such as a thermal anemometer or Schlieren imaging system) near the beam path to detect air currents or temperature gradients, and correlate their presence with beam motion observed on the card.","Air currents in the lab are causing refractive index fluctuations along the beam path, leading to beam wander, which is mitigated by the cardboard tube shielding the beam from convective flows.","Place a second, independent sensor (such as a thermal anemometer or Schlieren imaging system) near the beam path to detect air currents or temperature gradients, and correlate their presence with beam motion observed on the card.",ok,
gpt-5.2-pro__chemistry__00,chemistry,500 Pure science,GPT-5.2 Pro,"During a routine TLC check in an undergraduate organic chemistry lab, a student runs the usual reaction mixture in the same solvent system and under the same UV lamp that has reliably shown a single product spot all week, but today a faint extra spot appears at a different \(R_f\); the odd thing is that the student remembers the developing solvent bottle sat uncapped for a few minutes during cleanup (making trace moisture seem like a possible culprit), yet the same faint spot also shows up in an otherwise “blank” lane spotted with only the eluent and in a lane containing an old, previously pure product standard, and it only happens on a newly opened pack of plates that feel slightly less crisp than the ones used earlier. What is the most likely origin of the unexpected faint spot?",Qwen3 235B A22B 2507,"hypothesis: The faint extra spot is due to a contaminant present in the newly opened pack of TLC plates, likely a chemical impurity in the silica or binder that co-migrates and is visualized under UV.  
verification: Run a TLC plate from the new pack without any sample spotting, develop it alongside a plate from the old pack under identical conditions, and check for the presence of the spot solely from the plate material.","The faint extra spot is due to a contaminant present in the newly opened pack of TLC plates, likely a chemical impurity in the silica or binder that co-migrates and is visualized under UV.","Run a TLC plate from the new pack without any sample spotting, develop it alongside a plate from the old pack under identical conditions, and check for the presence of the spot solely from the plate material.",ok,
gpt-5.2-pro__biology__00,biology,500 Pure science,GPT-5.2 Pro,"In a microbiology lab that has run the same *E. coli* strain for weeks in an incubator set to 37 °C with highly reproducible growth curves, a technician suddenly finds that today’s flask rises much more slowly even though the medium appears unchanged, the incubator front panel still reads 37 °C, and a quick microscope check shows no obvious contamination; compounding the suspicion, the incubator has recently made a faint intermittent “click” like a relay switching and the shaker seems to wobble between 180–190 rpm, yet an independent temperature probe taped inside the incubator logs a steady 37 ± 0.2 °C over the entire run and a fresh culture started from the same frozen stock grows normally when prepared with unopened media on a different day—given that only flasks assembled using the usual shared reagents/pipettes show the slowed curve without visible turbidity changes or lysis, what is the most likely origin of the slowdown?",Qwen3 235B A22B 2507,"hypothesis: A contaminated reagent or pipette used in flask preparation is introducing a sub-inhibitory concentration of an antimicrobial agent or enzyme (e.g., trace nuclease or protease) that subtly impairs *E. coli* growth without causing lysis or visible contamination.  
verification: Test growth of *E. coli* in media prepared with freshly opened, sterile reagents and new pipette tips versus media prepared with the shared reagents and used pipettes, while monitoring for growth differences.","A contaminated reagent or pipette used in flask preparation is introducing a sub-inhibitory concentration of an antimicrobial agent or enzyme (e.g., trace nuclease or protease) that subtly impairs E. coli growth without causing lysis or visible contamination.","Test growth of E. coli in media prepared with freshly opened, sterile reagents and new pipette tips versus media prepared with the shared reagents and used pipettes, while monitoring for growth differences.",ok,
gpt-5.2-pro__health-and-medicine__00,health and medicine,600 Technology,GPT-5.2 Pro,"A patient with usually well-controlled type 2 diabetes checks their blood glucose before dinner and is surprised to see it at 260 mg/dL after a routine day with their standard lunch and usual medication doses; they note that a coworker has a cold and they briefly felt a little “run down,” which makes them wonder about an early infection, but they have no fever (rechecked twice at home), no cough, no gastrointestinal symptoms, and they remain completely symptom-free over the next several days, while their glucose returns to its typical range by bedtime and is normal again the next morning—however, on reflection they realize that earlier that day they injected their usual insulin into an area they rarely use that has some firm scar-like tissue, and they also took their oral diabetes medication later than normal after a very high-fiber meal that left them mildly bloated; given this pattern and these details, what is the most likely origin of the isolated pre-dinner hyperglycemia?",Qwen3 235B A22B 2507,"hypothesis: The isolated hyperglycemia was most likely caused by impaired insulin absorption due to injection into a lipohypertrophic or scarred tissue site, compounded by delayed gastric emptying from the high-fiber meal and later-than-usual oral medication timing.  
verification: Repeat insulin administration in a new, unaffected injection site while maintaining regular meal and medication timing to see if glucose levels remain stable under similar conditions.","The isolated hyperglycemia was most likely caused by impaired insulin absorption due to injection into a lipohypertrophic or scarred tissue site, compounded by delayed gastric emptying from the high-fiber meal and later-than-usual oral medication timing.","Repeat insulin administration in a new, unaffected injection site while maintaining regular meal and medication timing to see if glucose levels remain stable under similar conditions.",ok,
gpt-5.2-pro__engineering__00,engineering,600 Technology,GPT-5.2 Pro,"After lunch, a manufacturing engineer takes over an afternoon shift on a CNC line that usually holds a tight bore tolerance without any operator tweaks, but the first three parts off one machine all measure a consistent +0.15 mm on the same critical bore; the boring bar and insert look fine under a loupe, coolant pressure and level are normal, the ambient temperature readout is steady, and there are no alarms, leaks, or unusual vibration. The operator mentions the in-process probe stylus was swapped on the previous shift (which makes the probing system a tempting suspect), yet the machine’s automatic probing routine for that bore wasn’t actually run on these first parts because the cycle was restarted mid-program after a brief control reboot, and the offset screen now shows the bore tool’s wear/geometry value doesn’t match the “golden” offset sheet posted at the cell. What is the most likely origin of this sudden, repeatable 0.15 mm oversize condition?",Qwen3 235B A22B 2507,"hypothesis: The CNC machine is applying an incorrect tool offset due to a mismatch between the stored wear/geometry value for the boring bar and the ""golden"" offset sheet, likely caused by the probing system update not being finalized or confirmed after the probe stylus swap, leaving a temporary or unvalidated offset active.

verification: Compare the current tool offset value in the CNC control for the boring bar with the verified ""golden"" offset sheet, and re-run the automatic in-process probing routine to recalibrate the offset, then measure the bore of the next part to confirm the dimensional error is resolved.","The CNC machine is applying an incorrect tool offset due to a mismatch between the stored wear/geometry value for the boring bar and the ""golden"" offset sheet, likely caused by the probing system update not being finalized or confirmed after the probe stylus swap, leaving a temporary or unvalidated offset active.","Compare the current tool offset value in the CNC control for the boring bar with the verified ""golden"" offset sheet, and re-run the automatic in-process probing routine to recalibrate the offset, then measure the bore of the next part to confirm the dimensional error is resolved.",ok,
gpt-5.2-pro__farming-and-agriculture__00,farming and agriculture,600 Technology,GPT-5.2 Pro,"A vegetable grower drives out to a leased field in mid-morning and finds several drip-irrigation lines wetting the soil along multiple beds, as if the system had run recently, even though the main irrigation controller is normally set to run only overnight; the grower even remembers a brief utility “flicker” during the night that could make a clock-reset seem plausible. However, when they check the controller at the field edge, its time-of-day is still correct and its irrigation program history shows no scheduled cycle started that morning, and there’s no standing water or visible break—just scattered dampness across several zones that looks like short pressurizations rather than a full set. Near the pump/filtration area, the shed door is closed as usual, but the differential-pressure gauge on the filters shows it recently climbed high enough to trigger an automatic sequence, and a neighbor mentions hearing brief pump starts and valve clicks in quick bursts earlier in the morning. What is the most likely origin of the unexpected mid-morning wetting across multiple beds?",Qwen3 235B A22B 2507,"hypothesis: A brief power flicker caused momentary pressure fluctuations in the irrigation system, triggering the filter’s automatic backwash cycle due to a sensitive differential-pressure switch, which inadvertently activated multiple zone valves through a shared control relay or electrical feedback loop.  
verification: Reproduce the scenario by simulating a power flicker at the controller and monitor whether the backwash cycle initiates and coincides with unintended zone valve activation, using a data-logging multimeter on the valve control lines and pressure switch circuit.","A brief power flicker caused momentary pressure fluctuations in the irrigation system, triggering the filter’s automatic backwash cycle due to a sensitive differential-pressure switch, which inadvertently activated multiple zone valves through a shared control relay or electrical feedback loop.","Reproduce the scenario by simulating a power flicker at the controller and monitor whether the backwash cycle initiates and coincides with unintended zone valve activation, using a data-logging multimeter on the valve control lines and pressure switch circuit.",ok,
gpt-5.2-pro__management__00,management,600 Technology,GPT-5.2 Pro,"On Tuesday morning, a project manager opens the team’s task board and finds several tickets that were marked “Done” late Monday are now back in “In Progress,” with due dates pushed out by three days; the audit log shows the edits occurred around 2:10 a.m. under a generic “system” account, and while the team remembers there *is* an old “reopen if QA/review fails” automation that has bitten them before, the board’s automation page shows no workflows ran overnight and no recent rule changes—yet the CI/build dashboard also shows its nightly job finished at 2:08 a.m. with a note that some linked items were “not fully resolved,” and the integration status page indicates a scheduled sync ran at 2:10 a.m. using system-level credentials—given these clues, what is the origin of the overnight status and due-date reversions?",Qwen3 235B A22B 2507,"hypothesis: A legacy QA-failure detection script, running as part of a post-build sync job, automatically reopens “Done” tickets and extends due dates when linked builds lack full resolution, bypassing the standard automation logging.  
verification: Check the codebase or pipeline configuration of the CI system’s nightly job for hidden or deprecated hooks that modify ticket states via direct API calls during the 2:10 a.m. sync, using system credentials but not triggering audit trails in the workflow engine.","A legacy QA-failure detection script, running as part of a post-build sync job, automatically reopens “Done” tickets and extends due dates when linked builds lack full resolution, bypassing the standard automation logging.","Check the codebase or pipeline configuration of the CI system’s nightly job for hidden or deprecated hooks that modify ticket states via direct API calls during the 2:10 a.m. sync, using system credentials but not triggering audit trails in the workflow engine.",ok,
gpt-5.2-pro__manufacturing__00,manufacturing,600 Technology,GPT-5.2 Pro,"During an afternoon shift in a packaging plant, operators notice the carton sealer suddenly producing intermittent bursts of partially unsealed boxes—several minutes of perfect seals followed by a short run where the tape looks laid on but the trailing edge isn’t fully pressed down—despite a brand-new tape roll and unchanged machine settings and indicator lights; coincidentally, the problem seems to show up more often when a nearby palletizer with heavy pneumatic demand cycles, which makes an air-pressure sag sound plausible, yet the sealer’s local regulator gauge stays steady, other air tools on the line don’t stumble, and the facility’s pressure logger shows no dips during the defect windows; when maintenance watches the cycle closely, they notice an occasional split-second flicker in the case-count photoeye/encoder readout and a slight mismatch between where the box is when the tape cuts and when the wipe-down roller engages, with no jams or loose parts found—what is the most likely origin of this situation?",Qwen3 235B A22B 2507,"hypothesis:  
A momentary power voltage sag, caused by the palletizer’s high inrush current during pneumatic cycling, is disrupting the timing control of the carton sealer’s servo system or PLC, leading to desynchronization between the tape cut and wipe-down roller engagement despite stable air pressure.  

verification:  
Use a power quality logger to monitor the voltage supply to the carton sealer during palletizer operation, specifically checking for micro-sags or transient disturbances that correlate with the defective sealing cycles and photoeye/encoder flickers.","A momentary power voltage sag, caused by the palletizer’s high inrush current during pneumatic cycling, is disrupting the timing control of the carton sealer’s servo system or PLC, leading to desynchronization between the tape cut and wipe-down roller engagement despite stable air pressure.","Use a power quality logger to monitor the voltage supply to the carton sealer during palletizer operation, specifically checking for micro-sags or transient disturbances that correlate with the defective sealing cycles and photoeye/encoder flickers.",ok,
gpt-5.2-pro__architecture__00,architecture,700 Arts and recreation,GPT-5.2 Pro,"On a weekday afternoon you arrive at a small apartment building to measure an existing doorway for an upcoming accessibility upgrade, and although the lobby lights and elevator are fine, the main entrance—normally programmed to stay unlocked from 8 a.m. to 6 p.m.—won’t release even when multiple residents buzz you in, so everyone is being redirected through the side service entry; from the street and lobby there’s no damage, construction, or notice, and a resident mentions the security company “did a quick update” earlier in the week, but the intercom still rings and the access panel LEDs look normal, making it tempting to blame a dead lock power supply—especially since you hear a faint click near the frame when someone presses the buzz—yet when the superintendent briefly opens the enclosure you see the lock power supply’s indicator lit and measure normal voltage at its terminals, and a quick direct jump from the supply to the strike proves the release hardware can energize and unlock, while the voltage on the controller’s door-output never changes when the daytime schedule should be active or when someone buzzes; given those observations, what is the most likely origin of the main door staying locked?",Qwen3 235B A22B 2507,"hypothesis: A firmware update to the access control controller has corrupted or disabled the door unlock schedule or input/output mapping, preventing the controller from sending the release signal to the electronic strike despite proper power and hardware function.  
verification: Connect a laptop to the access control controller and review or re-upload the correct scheduling and door release configuration to confirm if the settings are missing, altered, or unresponsive.","A firmware update to the access control controller has corrupted or disabled the door unlock schedule or input/output mapping, preventing the controller from sending the release signal to the electronic strike despite proper power and hardware function.","Connect a laptop to the access control controller and review or re-upload the correct scheduling and door release configuration to confirm if the settings are missing, altered, or unresponsive.",ok,
gpt-5.2-pro__painting__00,painting,700 Arts and recreation,GPT-5.2 Pro,"You arrive late morning to repaint a small office and the manager unlocks it as usual; the walls look clean and unchanged, but the first pass of your roller immediately breaks into tiny fish-eye craters and bare “pull-back” spots. The manager mentions the night crew recently started using a glossy aerosol “protectant” on nearby metal door hardware and baseboards (which makes it sound like a silicone cleaner might have drifted onto the walls), yet you notice something odd: the same paint also fish-eyes when you roll it onto a scrap piece of cardboard in the hallway and even in the paint tray where it’s puddled thick, and when you swap to a brand-new roller cover and a fresh disposable tray the problem nearly disappears. Given these clues, what is the most likely origin of the fish-eye problem?",Qwen3 235B A22B 2507,"hypothesis: The fish-eye defects are caused by contamination from a silicone-based protectant that settled on the walls, tools, and nearby surfaces, but the problem diminishes with fresh materials because the new roller and tray are uncontaminated and less prone to spreading the contaminant.  
verification: Test for silicone contamination by applying the same paint to multiple clean substrates (e.g., glass, metal, cardboard) in a controlled environment, rubbing some with a cloth previously in contact with the protectant, and observing if fish-eyeing occurs only on silicone-exposed samples.","The fish-eye defects are caused by contamination from a silicone-based protectant that settled on the walls, tools, and nearby surfaces, but the problem diminishes with fresh materials because the new roller and tray are uncontaminated and less prone to spreading the contaminant.","Test for silicone contamination by applying the same paint to multiple clean substrates (e.g., glass, metal, cardboard) in a controlled environment, rubbing some with a cloth previously in contact with the protectant, and observing if fish-eyeing occurs only on silicone-exposed samples.",ok,
gpt-5.2-pro__photography__00,photography,700 Arts and recreation,GPT-5.2 Pro,"At 6 p.m. you arrive at a busy downtown plaza to set up a long-exposure shot of commuters, but the fountain that usually runs nonstop is completely silent while its accent lights and all nearby plaza lighting are still on and the area otherwise looks normal—no barricades, wet concrete, maintenance carts, or posted notices, and the paving around the basin looks undisturbed; a passerby even mutters that “the fountain’s been tripping off lately,” which makes a mechanical glitch sound plausible, yet earlier that afternoon you saw a brief city alert about a short-term water-pressure/conservation measure affecting “nonessential water features” across multiple neighborhoods; given those clues and the lack of any on-site work, what is the underlying origin of the fountain being off?",Qwen3 235B A22B 2507,"hypothesis: The fountain is off due to a city-ordered water conservation measure temporarily restricting nonessential water features, as indicated by the earlier alert.  
verification: Check the city’s official website or contact the municipal public works department to confirm whether the conservation measure is active and includes the plaza’s fountain.","The fountain is off due to a city-ordered water conservation measure temporarily restricting nonessential water features, as indicated by the earlier alert.",Check the city’s official website or contact the municipal public works department to confirm whether the conservation measure is active and includes the plaza’s fountain.,ok,
gpt-5.2-pro__music__00,music,700 Arts and recreation,GPT-5.2 Pro,"You arrive at your local rehearsal studio for band practice booked at 7:00 p.m., and the front desk confirms your usual room is ready and unlocked; as you set up, every amplifier and powered speaker in the room emits a faint, steady hum even with volume knobs at zero and nothing plugged into the inputs, and although you vaguely remember getting a slight “tingle” from a mic stand in this older building once before (which makes you wonder about a grounding problem), you check multiple outlets with a plug-in tester that reports correct wiring, run one amp from a long extension cord to a different outlet in the hallway with the same result, and notice the hum gets noticeably louder when you slide the amp stack closer to the shared wall (and quieter when you pull it toward the center of the room), especially right when a newly lit display/charger setup outside that wall clicks on—given those clues, what is the most likely origin of the hum affecting all the powered gear?",Qwen3 235B A22B 2507,"hypothesis: The hum is caused by electromagnetic interference from a high-current device or power supply (such as the display/charger setup) inducing noise in the audio equipment via magnetic coupling, particularly when located close to the shared wall, despite proper electrical grounding.  
verification: Use a portable AM radio tuned between stations near the shared wall to detect a strong, steady 60 Hz (or harmonic) electromagnetic field that intensifies when the display/charger activates and diminishes with distance, confirming magnetic interference as the source.","The hum is caused by electromagnetic interference from a high-current device or power supply (such as the display/charger setup) inducing noise in the audio equipment via magnetic coupling, particularly when located close to the shared wall, despite proper electrical grounding.","Use a portable AM radio tuned between stations near the shared wall to detect a strong, steady 60 Hz (or harmonic) electromagnetic field that intensifies when the display/charger activates and diminishes with distance, confirming magnetic interference as the source.",ok,
gpt-5.2-pro__sports__00,sports,700 Arts and recreation,GPT-5.2 Pro,"When you arrive at your local community soccer field for a scheduled evening match, the main floodlights are blazing but both the scoreboard and the electronic substitution board are completely dead, even though the facility’s website and posted notices earlier in the day said everything would be running normally and nearby fields look fine; a parent mentions electricians were “in the scoreboard panel” earlier this week, which makes a tripped breaker or bad feed sound plausible, yet when you open the small service cabinet beneath the scoreboard you find a live convenience outlet (your phone charger powers up), the internal power indicator on the scoreboard’s supply is lit, and the handheld/press-box controller shows “no connection” and won’t reach either board—given that both displays fail together while basic power at the cabinet appears present, what is the most likely origin of this partial outage?",Qwen3 235B A22B 2507,"hypothesis: A data communication fault, such as a severed or dislodged control signal cable (e.g., RS-485 or Ethernet) from the controller to the displays, is preventing the scoreboard and substitution board from receiving commands despite both having power.  
verification: Use a multimeter or network tester to check continuity and signal transmission in the data cable running from the press-box controller to the scoreboard control panel, or temporarily replace the cable to see if communication is restored.","A data communication fault, such as a severed or dislodged control signal cable (e.g., RS-485 or Ethernet) from the controller to the displays, is preventing the scoreboard and substitution board from receiving commands despite both having power.","Use a multimeter or network tester to check continuity and signal transmission in the data cable running from the press-box controller to the scoreboard control panel, or temporarily replace the cable to see if communication is restored.",ok,
gpt-5.2-pro__classical-literature__00,classical literature,800 Literature,GPT-5.2 Pro,"Late in the afternoon, a scholar arrives at the university library to consult a famous Renaissance edition of Virgil that is usually paged from the rare-books reading room; the public catalogue still shows it as “available,” the reading room is open, and staff are at the desk, yet the call slip returns stamped “temporarily unavailable” with no explanation and no posted notices or event signage. The scholar mentions having briefly seen a book truck earlier with what looked like a conservator’s phase box and a roll of white repair tape (making a preservation hold seem plausible), but when asking again is told, somewhat evasively, that the book is “off the shelf for verification” and overhears a staff member refer to “provenance notes and plate counts” and a “shelfmark check” in a secured work area. Given these clues, what is the most likely origin of why the volume cannot be produced that day despite still appearing available in the catalogue?",Qwen3 235B A22B 2507,"hypothesis: The volume has been flagged for an internal provenance investigation due to suspicions of stolen or misattributed ownership, requiring verification of its bibliographic identity and custody history.  
verification: Request access to the library’s accession records and consult with the special collections provenance officer to confirm whether the item is undergoing a discreet audit for ownership authenticity, such as checking for former owner marks, plate inconsistencies, or anomalous shelfmark documentation.","The volume has been flagged for an internal provenance investigation due to suspicions of stolen or misattributed ownership, requiring verification of its bibliographic identity and custody history.","Request access to the library’s accession records and consult with the special collections provenance officer to confirm whether the item is undergoing a discreet audit for ownership authenticity, such as checking for former owner marks, plate inconsistencies, or anomalous shelfmark documentation.",ok,
gpt-5.2-pro__poetry__00,poetry,800 Literature,GPT-5.2 Pro,"When you arrive at your neighborhood library on your usual Tuesday evening, the door hours still indicate it should be open, the interior lights are on, and you can even see the returns slot glowing behind the glass, yet the automatic doors stay locked and don’t react to the entry mat; adding to the confusion, a small indicator on the security keypad by the entrance blinks as if something is armed, making it feel like a lockout, but through the glass you also spot one lone staff member at the circulation desk sorting a cart of returns and talking on the phone with an anxious tone about “not meeting the minimum coverage tonight,” while a couple of books sit neatly on the outside windowsill as if other patrons, finding no access, set them down and left—given all that, what’s the most likely origin of the library being lit and apparently working inside while still refusing public entry?",Qwen3 235B A22B 2507,"hypothesis: The library is operating under a partial staffing shortage that prevents public opening due to security or safety protocols requiring a minimum number of staff on-site, even though one employee remains inside to perform essential tasks like processing returns and coordinating with management.  
verification: Call the library’s official phone number or check its website and social media for a posted notice about unexpected closure due to staffing shortages, or contact the library district directly to confirm current operating status and policy requirements.","The library is operating under a partial staffing shortage that prevents public opening due to security or safety protocols requiring a minimum number of staff on-site, even though one employee remains inside to perform essential tasks like processing returns and coordinating with management.","Call the library’s official phone number or check its website and social media for a posted notice about unexpected closure due to staffing shortages, or contact the library district directly to confirm current operating status and policy requirements.",ok,
gpt-5.2-pro__science-fiction__00,science fiction,800 Literature,GPT-5.2 Pro,"A commuter returns to their apartment building in the early evening and finds the lobby’s wall display confidently showing a “LIVE—Connected to City Network” status while it cycles through yesterday’s news headlines and weather; the access doors still accept residents’ credentials, the lights and elevators work normally, and there’s no visible damage, construction, or outage notice. Earlier in the week, the building’s management quietly replaced a network switch and “tidied up” VLANs for the lobby equipment—making it tempting to blame an internal misconfiguration—but the display’s own diagnostics page shows it successfully reaching the city data endpoint and refreshing on schedule, just with timestamps that remain one day behind. Outside, other storefront screens on the same block show the correct current date. Given these clues, what is the most likely origin of the lobby display showing yesterday’s data despite appearing connected and updating?",Qwen3 235B A22B 2507,"hypothesis: The display is receiving accurate data from the city network, but the system clock on the device or its local server is set to the wrong time zone or manually offset by 24 hours, causing it to interprets and displays otherwise current data as if it were from yesterday.  
verification: Check the system time, time zone settings, and NTP configuration on the display device or its host server to confirm whether a clock misconfiguration exists despite successful network connectivity and data retrieval.","The display is receiving accurate data from the city network, but the system clock on the device or its local server is set to the wrong time zone or manually offset by 24 hours, causing it to interprets and displays otherwise current data as if it were from yesterday.","Check the system time, time zone settings, and NTP configuration on the display device or its host server to confirm whether a clock misconfiguration exists despite successful network connectivity and data retrieval.",ok,
gpt-5.2-pro__novels__00,novels,800 Literature,GPT-5.2 Pro,"When she stepped off the 6:10 p.m. commuter train, the platform’s electronic departure board was completely blank even though the lights, escalators, and vending machines were operating normally, and a small queue had formed at the ticket office because every entrance gate was rejecting valid passes and staff were manually waving riders through one at a time; a posted notice mentioned “overnight fiber/router maintenance” at this station (which made some people blame a local communications failure), but at the same time her rail app wouldn’t load live times, a friend texted from a different station that their gates were also failing, and a conductor announcement said “real-time info and validation are down across the network.” What is the most likely origin of this situation?",Qwen3 235B A22B 2507,"hypothesis: A centralized network system failure—specifically, an outage in the regional transit authority's core router or authentication server—is disrupting real-time data distribution and ticket validation across multiple stations, despite local power and infrastructure remaining functional.  
verification: Contact the transit authority’s operations center or check their official service status page to confirm whether a system-wide network or server outage was reported concurrent with the observed failures in departures, validations, and app connectivity.","A centralized network system failure—specifically, an outage in the regional transit authority's core router or authentication server—is disrupting real-time data distribution and ticket validation across multiple stations, despite local power and infrastructure remaining functional.","Contact the transit authority’s operations center or check their official service status page to confirm whether a system-wide network or server outage was reported concurrent with the observed failures in departures, validations, and app connectivity.",ok,
gpt-5.2-pro__essays__00,essays,800 Literature,GPT-5.2 Pro,"On a Tuesday morning you used the self-service kiosk at your neighborhood post office to scan your prepaid label and it printed a drop-off receipt with the correct tracking number, then you slid the box into the chute beside a rolling tub that was already piled with flat-rate boxes and had a “Business Mail/SCAN Forms” placard on it; later you even remembered seeing a clerk briefly tapping at a handheld scanner like it had lost signal, which makes it feel like a missed upload could be the culprit. But that evening the tracking page still says “Label created, not yet in system,” even though friends who mailed items from the same office that afternoon already show acceptance scans, and there’s no posted notice about outages or pickup delays—what’s the most likely origin of the missing acceptance scan in this situation?",Qwen3 235B A22B 2507,"hypothesis: The package was placed into a business mail collection container that requires a separate manifest upload, and the carrier or clerk failed to complete the SCAN form upload or sync the handheld scanner data to the central system.  
verification: Contact USPS support with the tracking number and request confirmation of whether the associated SCAN form was uploaded and accepted, or visit the post office to ask if the handheld scanner used that morning had connectivity issues and whether the day's business mail manifest was properly submitted.","The package was placed into a business mail collection container that requires a separate manifest upload, and the carrier or clerk failed to complete the SCAN form upload or sync the handheld scanner data to the central system.","Contact USPS support with the tracking number and request confirmation of whether the associated SCAN form was uploaded and accepted, or visit the post office to ask if the handheld scanner used that morning had connectivity issues and whether the day's business mail manifest was properly submitted.",ok,
gpt-5.2-pro__historical-documents__00,historical documents,900 History and geography,GPT-5.2 Pro,"In the archive reading room, you’re examining a bound 19th‑century courthouse ledger and notice that a block of several consecutive pages in the middle is slightly thinner, cooler in tone, and more uniformly cut than the surrounding leaves, and the handwriting across those pages is subtly darker and less feathered; intriguingly, one nearby entry in the “normal” section mentions receiving “fresh ink and paper from town” (which makes a mid‑use resupply sound plausible), yet under raking light you can see faint, evenly spaced guard lines at the inner margins and a tiny, almost invisible tissue hinge at the gutter, and when a staff member briefly checks the suspect pages under UV they fluoresce more brightly than the rest of the volume even though the binding and pagination look undisturbed—what is the most likely origin of this run of mismatched pages?",Qwen3 235B A22B 2507,"hypothesis: The anomalous pages are a later insertion, likely replaced or added during a conservation effort or deliberate revision, using contemporaneous but fresher materials that were stored separately, explaining the differences in thickness, color, handwriting appearance, and fluorescence.  
verification: Perform fiber analysis and ink dating on both the suspect and original pages to determine if they match in age and composition, confirming whether the insertion occurred at a later date despite plausible historical context for mid-use resupply.","The anomalous pages are a later insertion, likely replaced or added during a conservation effort or deliberate revision, using contemporaneous but fresher materials that were stored separately, explaining the differences in thickness, color, handwriting appearance, and fluorescence.","Perform fiber analysis and ink dating on both the suspect and original pages to determine if they match in age and composition, confirming whether the insertion occurred at a later date despite plausible historical context for mid-use resupply.",ok,
gpt-5.2-pro__geography-and-travel__00,geography and travel,900 History and geography,GPT-5.2 Pro,"You arrive at a small regional train station in northern Italy in the early evening and find that every departure on the main platform is marked “delayed,” even though the concourse is lit normally, shops are open, and there’s no storm, flooding, maintenance work, or police activity; a few trains are already sitting at the platform with their headlights on and doors open as if ready to go, and you even hear one frustrated traveler claim the delays must be from “a signaling problem at a big junction down the line,” which sounds plausible—yet when you walk closer you notice the driver is present doing cab checks while the onboard crew area looks empty, and the only specific thing you catch from a station supervisor’s phone call is “we’re still waiting for staff to arrive from the previous turn and they’re close to their rest limits.” What is the most likely underlying origin of the across-the-board delays in this situation?",Qwen3 235B A22B 2507,"hypothesis: The delays are due to a shortage of train crew who have not yet arrived from preceding services and are approaching their mandated rest time limits, preventing trains from departing even if mechanical and infrastructure conditions are otherwise ready.  
verification: Confirm with station operations staff or crew scheduling records that the expected train conductors and onboard personnel have not completed their shifts or reached the station, and that their hours are nearing regulatory limits, causing a systemic pause in departures.","The delays are due to a shortage of train crew who have not yet arrived from preceding services and are approaching their mandated rest time limits, preventing trains from departing even if mechanical and infrastructure conditions are otherwise ready.","Confirm with station operations staff or crew scheduling records that the expected train conductors and onboard personnel have not completed their shifts or reached the station, and that their hours are nearing regulatory limits, causing a systemic pause in departures.",ok,
gpt-5.2-pro__ancient-history__00,ancient history,900 History and geography,GPT-5.2 Pro,"After a night of blustery wind that left leaves plastered to the damp paving around the forum fountain, a merchant arrives at mid‑morning to find the once‑steady gush reduced to a weak trickle; the basin’s stone is still wet as if the flow was normal earlier, and there’s no visible crack in the lead pipes or any work crew nearby, so people with jars mutter that storm‑washed silt must have lodged somewhere in the aqueduct’s narrower stretches—yet a clerk from the water office mentions, in a lowered voice, that he saw a water official with the district keys heading toward the upstream castellum divisorium just after dawn, and that the public baths and another facility are suddenly taking on water today “for urgent work,” coinciding exactly with when the fountain began to thin; what is the origin of the fountain’s reduced flow?",Qwen3 235B A22B 2507,"hypothesis: A water official diverted flow from the aqueduct’s castellum divisorium to supply urgent maintenance at the public baths, temporarily reducing pressure to the forum fountain.  
verification: Inspect the castellum divisorium’s gate valves and flow distribution records to confirm unauthorized or scheduled flow redirection coinciding with the fountain's reduced output.","A water official diverted flow from the aqueduct’s castellum divisorium to supply urgent maintenance at the public baths, temporarily reducing pressure to the forum fountain.",Inspect the castellum divisorium’s gate valves and flow distribution records to confirm unauthorized or scheduled flow redirection coinciding with the fountain's reduced output.,ok,
gpt-5.2-pro__biographies__00,biographies,900 History and geography,GPT-5.2 Pro,"On a Tuesday afternoon, a biographer arrives at a city archive to consult a box of correspondence whose catalog entry still reads “on-site, unrestricted,” yet every time she submits a request slip for that one box the staff return it stamped “temporarily unavailable,” even though the reading room is open, fully staffed, and other boxes from the same collection are being fetched without delay; she even notices a small dehumidifier humming near the circulation desk and catches a faint “old paper” smell in the air, which makes her wonder about a quiet preservation problem, but when she asks at the desk the archivist only says the box is “being held while we sort out a new restriction that came in” and that “legal/privacy needs to sign off before it can be issued,” adding that the online record simply hasn’t been updated yet—what is the origin of this situation that explains why that specific correspondence box is being withheld despite normal access to everything else?",Qwen3 235B A22B 2507,"hypothesis: A recently received legal hold or privacy concern—such as the discovery of sensitive personal information or donor-imposed restrictions—has led the archive to temporarily block access to the correspondence box while internal review occurs, even though the public catalog has not yet been updated.  
verification: Contact the archive’s legal or compliance officer directly to confirm whether a formal restriction request has been submitted for the box and review the internal access logs or restriction forms associated with that specific collection item.","A recently received legal hold or privacy concern—such as the discovery of sensitive personal information or donor-imposed restrictions—has led the archive to temporarily block access to the correspondence box while internal review occurs, even though the public catalog has not yet been updated.",Contact the archive’s legal or compliance officer directly to confirm whether a formal restriction request has been submitted for the box and review the internal access logs or restriction forms associated with that specific collection item.,ok,
gpt-5.2-pro__modern-history__00,modern history,900 History and geography,GPT-5.2 Pro,"In late 2018 during the evening rush hour in central London, a commuter taps a contactless card at an Underground gate and gets a “Seek Assistance” message even though the same card worked that morning and the banking app shows no fraud flags or low balance; staff are manually waving multiple people through at that station and another nearby one, while everything else in the stations (lighting, escalators, passenger info screens) appears normal. A friend with a different bank’s card taps successfully, but several passengers mention their cards from certain banks suddenly failing, and the commuter later notices a café a few streets away had briefly been experiencing “card verification taking too long” prompts around the same time. Adding to the confusion, someone on station staff mentions there had been a minor alert about a flaky backhaul link earlier that day, which makes a local station-network problem sound plausible. Given these details, what underlying origin most likely explains why otherwise healthy, funded cards were intermittently rejected with “Seek Assistance” at the gates?",Qwen3 235B A22B 2507,"hypothesis: A temporary disruption in the backhaul network connecting specific London Underground stations to the central payment authorization system caused intermittent failures in verifying contactless cards from certain issuing banks that rely on real-time host validation.  
verification: Cross-reference the timing of the ""Seek Assistance"" incidents and the café’s card processing delays with network logs from Transport for London and payment processors to confirm an outage or latency spike in the backhaul link affecting real-time authorization for specific card schemes.",A temporary disruption in the backhaul network connecting specific London Underground stations to the central payment authorization system caused intermittent failures in verifying contactless cards from certain issuing banks that rely on real-time host validation.,"Cross-reference the timing of the ""Seek Assistance"" incidents and the café’s card processing delays with network logs from Transport for London and payment processors to confirm an outage or latency spike in the backhaul link affecting real-time authorization for specific card schemes.",ok,
gemini-3-pro__computer-programming__00,computer programming,"000 Computer science, information and general works",Gemini 3 Pro,"A critical build fails this morning citing a ""missing or undefined"" function from a utility library, despite the fact that you have not modified your source code and the dependency was restricted to supposedly non-breaking updates via a caret range configuration (e.g., `^1.2.0`). While the error message and the automatic update to a new minor version strongly suggest the library maintainer violated Semantic Versioning by removing the function without a major version bump, a manual inspection of the downloaded dependency directory reveals that the function's source code is physically present and unchanged in the library's files. given that the code exists but remains invisible to the application's import system, what is the technical origin of this accessibility failure?",Qwen3 235B A22B 2507,"hypothesis: The library's entry point (e.g., package.json ""main"" or ""exports"" field) was updated in the minor version to exclude the file containing the function, making it inaccessible despite the file still being present in the package.  
verification: Compare the package.json and export conditions of the installed library version against the previous working version to identify changes in the exposed modules or entry points.","The library's entry point (e.g., package.json ""main"" or ""exports"" field) was updated in the minor version to exclude the file containing the function, making it inaccessible despite the file still being present in the package.",Compare the package.json and export conditions of the installed library version against the previous working version to identify changes in the exposed modules or entry points.,ok,
gemini-3-pro__libraries__00,libraries,"000 Computer science, information and general works",Gemini 3 Pro,"You arrive at the public library on a busy weekday afternoon to borrow a specific biography and are relieved to see the digital catalog list the book’s status as ""Available"" and ""On Shelf."" When you rush to the correct aisle and locate the specific call number, the book is missing, and in the empty space sits a still-warm coffee cup, strongly implying another patron grabbed the volume moments before your arrival to read it at a nearby table without checking it out. However, you fail to notice the timestamp on the catalog entry, which indicates the book’s status changed from ""Checked Out"" to ""Available"" at the ground-floor circulation desk only three minutes ago. What is the actual location and status of the book that explains why it is not on the shelf?",Qwen3 235B A22B 2507,"hypothesis: The book was just returned to the library and placed in the reshelving bin at the circulation desk, but it has not yet been scanned back into the system or physically returned to the shelf, causing a brief delay in catalog synchronization.  
verification: Check with library staff at the circulation desk to confirm whether the book has been recently returned and is awaiting reshelving, and verify the system timestamp showing when it was checked in.","The book was just returned to the library and placed in the reshelving bin at the circulation desk, but it has not yet been scanned back into the system or physically returned to the shelf, causing a brief delay in catalog synchronization.","Check with library staff at the circulation desk to confirm whether the book has been recently returned and is awaiting reshelving, and verify the system timestamp showing when it was checked in.",ok,
gemini-3-pro__artificial-intelligence__00,artificial intelligence,"000 Computer science, information and general works",Gemini 3 Pro,"At 2:00 AM, a driver is stranded at a ""smart"" intersection where the traffic light remains red because the AI system is misidentifying the rhythmic, wind-blown shadow of a swaying tree branch as a pedestrian; considering that the neural network is heavily rumored to have been trained on a dataset that largely omitted windy nighttime conditions—making a software logic error seem the obvious culprit—what recent physical maintenance change regarding the street's illumination infrastructure is the actual reason the optical sensors are suddenly registering the shadow with enough intensity to bypass the system's standard contrast filters?",Qwen3 235B A22B 2507,"hypothesis:  
A recent replacement of the streetlights with higher-intensity LED fixtures has increased the illumination level at night, causing the shadow of the swaying tree branch to be cast with sharper contrast and greater persistence, thereby overwhelming the traffic AI’s optical sensors and triggering false pedestrian detection.

verification:  
Compare timestamps of the LED streetlight upgrades in the area with incident logs of false pedestrian detections at the intersection, and conduct a controlled nighttime test by temporarily reducing LED brightness to observe if the shadow is no longer misclassified.","A recent replacement of the streetlights with higher-intensity LED fixtures has increased the illumination level at night, causing the shadow of the swaying tree branch to be cast with sharper contrast and greater persistence, thereby overwhelming the traffic AI’s optical sensors and triggering false pedestrian detection.","Compare timestamps of the LED streetlight upgrades in the area with incident logs of false pedestrian detections at the intersection, and conduct a controlled nighttime test by temporarily reducing LED brightness to observe if the shadow is no longer misclassified.",ok,
gemini-3-pro__magazines__00,magazines,"000 Computer science, information and general works",Gemini 3 Pro,"For years, you have visited the same newsstand every Thursday afternoon to pick up the latest copy of *Global Weekly*, yet today you find the specific rack slot filled entirely with a surplus of unsold copies from the previous week. The cover of these old copies features a prominent banner reading ""Special Expanded Deep-Dive Edition,"" which leads you to initially suspect that this was a double issue intended to cover a two-week period. However, upon closer inspection of the metal shelving, you notice that the plastic price tag and barcode label specifically assigned to *Global Weekly* have been completely peeled off the rail, and the remaining old copies have been deliberately fanned out to occupy the entire width of the shelf, leaving absolutely no designated gap for a new arrival. What is the actual reason the new issue is missing?",Qwen3 235B A22B 2507,"hypothesis: The newsstand vendor discontinued carrying *Global Weekly* due to poor sales and repurposed the shelf space, removing the identifying labels and arranging the leftover copies as a final display.  
verification: Ask the vendor directly if they still stock *Global Weekly* and check recent publication dates on the old copies to confirm no new issues have been delivered.","The newsstand vendor discontinued carrying Global Weekly due to poor sales and repurposed the shelf space, removing the identifying labels and arranging the leftover copies as a final display.",Ask the vendor directly if they still stock Global Weekly and check recent publication dates on the old copies to confirm no new issues have been delivered.,ok,
gemini-3-pro__news-media__00,news media,"000 Computer science, information and general works",Gemini 3 Pro,"During the prime-time 6:00 PM broadcast, the news team unexpectedly appeared seated in the station’s cramped, windowless secondary studio rather than at the expansive main anchor desk, offering no on-air explanation for the downgrade. Because the station had issued a press release earlier that day announcing the debut of a complex, cutting-edge LED video wall in the main studio, viewers immediately assumed a software integration failure was responsible when the broadcast opened with a generic static logo instead of the usual panoramic city view. However, eagle-eyed observers noticed that the monitors inside the control room—visible in the background shot—showed the main studio's new screens were actually lit and functioning perfectly, while a hot microphone during a commercial break captured the lead anchor coughing and complaining of watery eyes, shortly before a facility worker was glimpsed in the hallway donning a respirator. Considering the physical reaction of the cast and crew rather than the presumed electronic malfunction, what was the specific cause of the sudden studio relocation?",Qwen3 235B A22B 2507,"hypothesis: The sudden relocation was caused by hazardous fumes from chemical off-gassing of newly installed materials in the main studio, prompting an immediate but unannounced evacuation for health and safety reasons.  
verification: Review facility logs and air quality reports from the main studio during the broadcast time, and confirm through interviews with staff whether respiratory symptoms coincided with exposure to the new LED wall or related construction materials.","The sudden relocation was caused by hazardous fumes from chemical off-gassing of newly installed materials in the main studio, prompting an immediate but unannounced evacuation for health and safety reasons.","Review facility logs and air quality reports from the main studio during the broadcast time, and confirm through interviews with staff whether respiratory symptoms coincided with exposure to the new LED wall or related construction materials.",ok,
gemini-3-pro__philosophy__00,philosophy,100 Philosophy and psychology,Gemini 3 Pro,"Every evening for a decade you have entered your study and flipped the wall switch to illuminate the room, but tonight, despite the toggle moving into the ""on"" position with its usual crisp click, the overhead light remains completely dark. Given that the bulb is an antique incandescent model that has long surpassed its rated lifespan and had been flickering occasionally for the past week, you naturally assume the filament has finally snapped; however, when you unscrew the bulb and test it in a hallway lamp that is undeniably functional, it immediately shines with full brightness, and even after screwing a fresh, brand-new bulb into the study's ceiling fixture, the room remains pitch black.",Qwen3 235B A22B 2507,"hypothesis: The electrical circuit supplying power to the study's overhead light has failed at the breaker panel or along the wiring path, despite the switch still making proper mechanical contact.  
verification: Test for electrical continuity and voltage at the ceiling fixture's socket using a multimeter while the switch is in the ""on"" position, and check the corresponding circuit breaker for tripped or degraded connections.","The electrical circuit supplying power to the study's overhead light has failed at the breaker panel or along the wiring path, despite the switch still making proper mechanical contact.","Test for electrical continuity and voltage at the ceiling fixture's socket using a multimeter while the switch is in the ""on"" position, and check the corresponding circuit breaker for tripped or degraded connections.",ok,
gemini-3-pro__psychology__00,psychology,100 Philosophy and psychology,Gemini 3 Pro,"For years, your 10:00 AM ritual has relied on the cognitive schema that the upper-left breakroom cabinet contains ceramic mugs, yet today you experience a Violation of Expectation when you find the shelf entirely bare despite a clean dishwasher and tidy counters. Although the muffled sounds of a large, unplanned client gathering in the nearby conference room suggest a frantic assistant may have raided the cupboards to serve coffee, you notice the waste bin is overflowing with the familiar, chipped pottery of the old collection and a box cutter sits atop a sealed carton labeled ""New Branded Inventory"" on the floor; based on this evidence, what is the actual reason the cabinet is empty?",Qwen3 235B A22B 2507,"hypothesis: The old ceramic mugs have been replaced with new branded inventory, and the used mugs in the waste bin indicate they were discarded after a final use during the impromptu client meeting.  
verification: Check with the office manager or inventory logs to confirm whether the old mugs were officially decommissioned and the new branded mugs were scheduled for deployment today.","The old ceramic mugs have been replaced with new branded inventory, and the used mugs in the waste bin indicate they were discarded after a final use during the impromptu client meeting.",Check with the office manager or inventory logs to confirm whether the old mugs were officially decommissioned and the new branded mugs were scheduled for deployment today.,ok,
gemini-3-pro__dreams__00,dreams,100 Philosophy and psychology,Gemini 3 Pro,"Walking past a sprawling, active construction site in the middle of a weekday morning, you encounter an eerie silence where the roar of machinery usually dominates, observing that the cranes are frozen mid-task and the main gates are flung wide open with no workers in sight. A windblown memo near the fence referencing ""Immediate Liquidation"" suggests the company collapsed and the unpaid crew walked off the job instantly without securing the equipment, yet considering that the workers' personal vehicles are still completely filling the parking lot and fresh coffee is steaming on the break tables, what mandatory gathering is currently taking place in the structure's soundproofed basement that accounts for the sudden, temporary invisibility of the entire staff?",Qwen3 235B A22B 2507,"hypothesis:  
All workers are attending an emergency safety briefing or mandatory evacuation drill in the soundproofed basement, called suddenly due to a regulatory inspection or potential hazard on site.  

verification:  
Check the site’s public announcement system logs or contact the site supervisor to confirm if an unplanned safety drill or emergency assembly was scheduled, and inspect basement access points for recent foot traffic or open entry records.","All workers are attending an emergency safety briefing or mandatory evacuation drill in the soundproofed basement, called suddenly due to a regulatory inspection or potential hazard on site.","Check the site’s public announcement system logs or contact the site supervisor to confirm if an unplanned safety drill or emergency assembly was scheduled, and inspect basement access points for recent foot traffic or open entry records.",ok,
gemini-3-pro__logic__00,logic,100 Philosophy and psychology,Gemini 3 Pro,"On a morning following a night of record-breaking sub-zero temperatures, you turn the handle of your kitchen faucet—positioned against a north-facing exterior wall—to fill a glass, but absolutely no water flows out, despite the shut-off valves under the sink being fully open. Through the window, you spot a municipal utility crew frantically repairing a water main down the street, which initially seems like the obvious culprit for the outage. Yet, this explanation falls apart when you test the powder room sink just ten feet away on an interior wall and find the water pressure is perfectly normal, creating a puzzling discrepancy regarding the true source of the kitchen's isolation.",Qwen3 235B A22B 2507,"hypothesis: The kitchen faucet's water supply line, running through the north-facing exterior wall, has frozen due to the extreme cold, blocking water flow despite the main water supply being intact.  
verification: Inspect and apply gentle heat to the suspected section of the pipe along the exterior wall while monitoring for restored water flow at the kitchen faucet.","The kitchen faucet's water supply line, running through the north-facing exterior wall, has frozen due to the extreme cold, blocking water flow despite the main water supply being intact.",Inspect and apply gentle heat to the suspected section of the pipe along the exterior wall while monitoring for restored water flow at the kitchen faucet.,ok,
gemini-3-pro__ethics__00,ethics,100 Philosophy and psychology,Gemini 3 Pro,"At a crowded government agency where a strict electronic ticketing system is used to enforce a fair queue, a notoriously rigid clerk loudly announces to the room that the only exception to the wait is for customers returning with a specific yellow ""correction voucher"" to fix a previous error. Moments later, a man enters the building visibly holding a yellow piece of paper and is immediately waved to the front of the line by the clerk; however, unlike with previous customers whom the clerk rigorously grilled over their paperwork, the clerk does not glance at this man’s yellow paper or verify the required stamp, but instead responds to a vibration on their own personal smartwatch, suppresses a familiar smile, and hands the man a permit directly from a personal bag rather than the official printer—what is the actual reason this newcomer was prioritized over the waiting crowd?",Qwen3 235B A22B 2507,"hypothesis: The clerk and the man are colluding in a corruption scheme where the clerk grants preferential treatment to individuals with fake or unverified correction vouchers in exchange for bribes, facilitated through private signals like the smartwatch vibration.

verification: Cross-reference security camera footage with the clerk’s smartwatch activity logs and financial records to detect patterns of timed vibrations coinciding with unauthorized priority service and unexplained deposits.","The clerk and the man are colluding in a corruption scheme where the clerk grants preferential treatment to individuals with fake or unverified correction vouchers in exchange for bribes, facilitated through private signals like the smartwatch vibration.",Cross-reference security camera footage with the clerk’s smartwatch activity logs and financial records to detect patterns of timed vibrations coinciding with unauthorized priority service and unexplained deposits.,ok,
gemini-3-pro__the-environment__00,the environment,300 Social sciences,Gemini 3 Pro,"While walking through a familiar neighborhood on a bright, cloudless afternoon, you notice that the streetlights on one specific block are fully illuminated and buzzing, and although a heavy layer of grime covers the control box—superficially suggesting that the master photoelectric sensor is obstructed and falsely registering darkness—a clear wipe mark reveals the sensor's lens is actually spotless and facing directly into the sun; considering the sensor is functioning and detecting daylight, what specific type of wiring disconnection has triggered the system's fail-safe mechanism to default the lights to the ""on"" position for safety?",Qwen3 235B A22B 2507,"hypothesis: A disconnection in the neutral return wire to the photoelectric sensor circuit has disrupted the sensor's ability to signal the control relay, triggering the fail-safe mechanism to keep the lights on.  
verification: Use a multimeter to test for continuity and voltage presence at both the live and neutral terminals of the sensor's wiring harness during daylight; absence of a complete circuit on the neutral side while voltage is present on the live side confirms the disconnection.","A disconnection in the neutral return wire to the photoelectric sensor circuit has disrupted the sensor's ability to signal the control relay, triggering the fail-safe mechanism to keep the lights on.",Use a multimeter to test for continuity and voltage presence at both the live and neutral terminals of the sensor's wiring harness during daylight; absence of a complete circuit on the neutral side while voltage is present on the live side confirms the disconnection.,ok,
gemini-3-pro__politics__00,politics,300 Social sciences,Gemini 3 Pro,"During a scheduled city council meeting regarding a routine zoning ordinance, the electronic voting board shocked onlookers by displaying ""abstain"" votes from three senior members of the majority party who had pledged their full support just hours prior. Because a legislative aide was seen rushing a memo regarding subcommittee ethics protocols to their desks moments before the roll call, the immediate assumption was that a sudden legal technicality had forced their silence to prevent a conflict of interest. However, considering that the three members pointedly ignored the city attorney and instead locked eyes with the Council President while deliberately tapping their fingers on the cover of the upcoming fiscal agenda, what was the actual strategic motivation behind their coordinated refusal to vote?",Qwen3 235B A22B 2507,"hypothesis: The three senior members abstained as a deliberate act of intraparty signaling to pressure the Council President into delaying the fiscal agenda for further negotiation, leveraging their withheld votes as political capital.  
verification: Cross-reference private meeting minutes, communications between the council members and the Council President, and subsequent changes to the fiscal agenda timeline to confirm if concessions were granted following the abstentions.","The three senior members abstained as a deliberate act of intraparty signaling to pressure the Council President into delaying the fiscal agenda for further negotiation, leveraging their withheld votes as political capital.","Cross-reference private meeting minutes, communications between the council members and the Council President, and subsequent changes to the fiscal agenda timeline to confirm if concessions were granted following the abstentions.",ok,
gemini-3-pro__economics__00,economics,300 Social sciences,Gemini 3 Pro,"You enter a large supermarket to purchase a bag of rice and find the shelves fully stocked with the price tag unchanged, a reassuring sight given the morning news reports speculating on a potential international shipping strike that might disrupt imports next month. However, you encounter a new, strict signage policy limiting every customer to a maximum of two bags per transaction, and as you reach for your purchase, you observe the store manager firmly denying a request from a frustrated man in a chef's uniform who is attempting to fill a cart with twenty bags for his nearby bistro; considering the inventory is currently plentiful, what immediate market failure has prompted the supermarket to institute this rationing policy?",Qwen3 235B A22B 2507,"hypothesis: The supermarket has implemented a rationing policy due to anticipated supply chain disruptions from the potential shipping strike, aiming to prevent bulk buying that could lead to rapid stock depletion and future shortages.  
verification: Check whether the supermarket's distribution center or suppliers have issued alerts or internal communications about constrained future inventory due to the looming shipping strike, indicating proactive demand management.","The supermarket has implemented a rationing policy due to anticipated supply chain disruptions from the potential shipping strike, aiming to prevent bulk buying that could lead to rapid stock depletion and future shortages.","Check whether the supermarket's distribution center or suppliers have issued alerts or internal communications about constrained future inventory due to the looming shipping strike, indicating proactive demand management.",ok,
gemini-3-pro__education__00,education,300 Social sciences,Gemini 3 Pro,"You arrive at your university lecture hall for a regularly scheduled mid-semester class, finding the lights fully on and the doors unlocked, yet the teaching podium—which houses the professor's computer and microphone—has been completely removed. A jagged piece of the podium's base casing lies near the door alongside deep scrape marks on the linoleum, suggesting the heavy unit was forcibly dragged out in a hurry, but upon closer inspection, the bundle of wires protruding from the floor has been neatly capped with safety connectors and organized with fresh zip ties. What series of events led to the podium being missing from the room?",Qwen3 235B A22B 2507,"hypothesis: The podium was urgently removed by authorized personnel due to an electrical fault or safety hazard, necessitating rapid extraction while ensuring the exposed wiring was safely secured.  
verification: Check with campus facilities or maintenance logs for records of an emergency work order related to electrical issues in that lecture hall on the same day.","The podium was urgently removed by authorized personnel due to an electrical fault or safety hazard, necessitating rapid extraction while ensuring the exposed wiring was safely secured.",Check with campus facilities or maintenance logs for records of an emergency work order related to electrical issues in that lecture hall on the same day.,ok,
gemini-3-pro__customs-and-etiquette__00,customs and etiquette,300 Social sciences,Gemini 3 Pro,"At a strictly black-tie evening wedding reception where the room is a sea of tuxedos and floor-length gowns, a male guest arrives wearing a light-gray business suit while clutching a carry-on bag with a fresh airline baggage claim tag attached, leading onlookers to assume his formal wear was lost in transit; yet, given that the hosts greet him with expressions of relief rather than sympathy and immediately signal the staff to squeeze an extra chair into a fully occupied table where no seat had previously existed, what is the true reason this guest arrived without a tuxedo?",Qwen3 235B A22B 2507,"hypothesis: The guest is a last-minute replacement for an absent groomsman or key participant in the wedding party whose presence was essential for the ceremony or reception to proceed.  
verification: Checking the wedding program or consulting the wedding planner would confirm whether the guest was originally scheduled to fulfill a critical role that required immediate substitution.",The guest is a last-minute replacement for an absent groomsman or key participant in the wedding party whose presence was essential for the ceremony or reception to proceed.,Checking the wedding program or consulting the wedding planner would confirm whether the guest was originally scheduled to fulfill a critical role that required immediate substitution.,ok,
gemini-3-pro__language__00,language,400 Language,Gemini 3 Pro,"You arrive at your local bus stop ten minutes before the scheduled 8:00 AM departure, and although a notification on your phone warns of ""Mechanical Breakdowns affecting city-wide transit""—strongly suggesting the vehicle suffered a critical failure and power loss miles away—you notice that the official digital timetable at the stop is not displaying the standard ""Signal Lost"" error code associated with mid-route GPS failures, but is instead completely omitting the 8:00 AM slot from the scrolling list, a specific software behavior that technically only occurs when the central system fails to receive an initial log-in timestamp for the trip; given these conflicting signals, what is the actual reason the bus has not arrived?",Qwen3 235B A22B 2507,"hypothesis: The bus was canceled at the dispatch level before departure due to a mechanical issue, preventing it from transmitting an initial log-in timestamp, which explains both the missing schedule entry and the lack of a ""Signal Lost"" error.  
verification: Confirm with transit operations logs whether the 8:00 AM bus failed to initiate its route by checking for the absence of a departure timestamp from the depot, correlating with the cancellation notice and notification alert.","The bus was canceled at the dispatch level before departure due to a mechanical issue, preventing it from transmitting an initial log-in timestamp, which explains both the missing schedule entry and the lack of a ""Signal Lost"" error.","Confirm with transit operations logs whether the 8:00 AM bus failed to initiate its route by checking for the absence of a departure timestamp from the depot, correlating with the cancellation notice and notification alert.",ok,
gemini-3-pro__foreign-languages__00,foreign languages,400 Language,Gemini 3 Pro,"You step into the bustling subway station during the morning rush and tap your prepaid transit card against the reader, momentarily worrying that the funds you added yesterday might not have cleared because you received a generic ""suspicious activity"" notification from your bank overnight. However, as the turnstile locks and emits a sharp error tone, you notice the small LCD screen actually displays your new, positive balance, ruling out a payment reversal; instead, the display flashes a specific ""Sequence Error"" code, a direct consequence of the fact that you rushed through an open maintenance gate to leave the station yesterday without tapping out, leading to what specific system-imposed restriction that is now blocking your path?",Qwen3 235B A22B 2507,"hypothesis: The transit system has imposed a ""pending exit"" restriction due to an incomplete trip from the prior day, where failure to tap out created an unresolved sequence in the fare gate system, now requiring manual resolution before further entries are allowed.  
verification: Contact customer service or use a transit kiosk to review trip history and resolve any open or incomplete journeys from the previous day.","The transit system has imposed a ""pending exit"" restriction due to an incomplete trip from the prior day, where failure to tap out created an unresolved sequence in the fare gate system, now requiring manual resolution before further entries are allowed.",Contact customer service or use a transit kiosk to review trip history and resolve any open or incomplete journeys from the previous day.,ok,
gemini-3-pro__classical-languages__00,classical languages,400 Language,Gemini 3 Pro,"While examining a modern critical edition of a speech by Cicero, a researcher notices that the main printed text contains the word *hominibus* (""for the people""), a reading that creates a grammatically elegant sentence and aligns perfectly with a well-known emendation proposed by a 19th-century scholar to fix a perceived flaw in the Latin syntax; however, given that the critical apparatus at the bottom of the page lists every extant manuscript as unanimously reading *omnibus* (""for all"") and the volume's introduction explicitly states the editor’s rigid policy is to never print conjectures in the main text regardless of grammatical difficulty, what is the actual origin of the word *hominibus* appearing in the printed body of this specific page?",Qwen3 235B A22B 2507,"hypothesis: A production error introduced *hominibus* during typesetting when a proofreader or copy editor mistakenly overrode the manuscript evidence in favor of the familiar 19th-century conjecture, despite the editor’s stated policy.  
verification: Compare the page proofs and editorial records for that edition to identify whether a correction was made at the proof stage without proper authorization or in violation of the stated editorial policy.","A production error introduced hominibus during typesetting when a proofreader or copy editor mistakenly overrode the manuscript evidence in favor of the familiar 19th-century conjecture, despite the editor’s stated policy.",Compare the page proofs and editorial records for that edition to identify whether a correction was made at the proof stage without proper authorization or in violation of the stated editorial policy.,ok,
gemini-3-pro__dictionaries__00,dictionaries,400 Language,Gemini 3 Pro,"While consulting a comprehensive and authoritative dictionary, you find a word that features a completely plausible definition, pronunciation, and part of speech, yet it has never actually existed in literature or spoken language. Due to the high financial stakes of the publishing industry and the entry’s seamless integration, most observers confidently identify it as a ""mountweazel""—a calculated fabrication inserted by editors solely to catch plagiarizing competitors in a copyright trap—yet assuming surviving editorial notes prove there was absolutely no intent to fabricate the entry, what mundane procedural phenomenon involving the misinterpretation of source documents is the actual explanation for the creation of this ""ghost word""?",Qwen3 235B A22B 2507,"hypothesis: A typesetter or editor misinterpreted a scrap of source material—such as a scribbled annotation, incomplete draft, or marginalia—as a legitimate lexical entry, inadvertently incorporating it into the dictionary as if it were a real word.  
verification: Cross-examining original editorial drafts, source manuscripts, and printer’s proofs would reveal the presence of an ambiguous note or fragment that was erroneously transcribed as a completed dictionary entry.","A typesetter or editor misinterpreted a scrap of source material—such as a scribbled annotation, incomplete draft, or marginalia—as a legitimate lexical entry, inadvertently incorporating it into the dictionary as if it were a real word.","Cross-examining original editorial drafts, source manuscripts, and printer’s proofs would reveal the presence of an ambiguous note or fragment that was erroneously transcribed as a completed dictionary entry.",ok,
gemini-3-pro__grammar__00,grammar,400 Language,Gemini 3 Pro,"Arriving at the express bus stop at 8:15 AM on a Tuesday, you find the shelter completely deserted despite the electronic board promising an arrival in five minutes and the lingering, pungent scent of fresh diesel exhaust strongly suggesting a large vehicle just departed. While this evidence initially leads you to believe a delayed bus simply cleared the queue moments ago, you soon realize that the usually busy main avenue leading to the stop is eerily quiet, with absolutely no new pedestrians approaching from the residential blocks for several minutes—a statistical impossibility for rush hour unless the flow of foot traffic has been physically severed before it can reach you; so, what has actually caused the situation at the bus stop?",Qwen3 235B A22B 2507,"hypothesis: A bus arrived and departed early due to a schedule adjustment or dispatch error, and a temporary road closure or detour diverted incoming pedestrians and vehicles before they could reach the stop.  
verification: Check real-time transit updates and local traffic reports to confirm if there was an unscheduled bus departure or a road closure affecting access to the bus stop.","A bus arrived and departed early due to a schedule adjustment or dispatch error, and a temporary road closure or detour diverted incoming pedestrians and vehicles before they could reach the stop.",Check real-time transit updates and local traffic reports to confirm if there was an unscheduled bus departure or a road closure affecting access to the bus stop.,ok,
gemini-3-pro__natural-science__00,natural science,500 Pure science,Gemini 3 Pro,"You live miles from a busy highway where the traffic noise is usually inaudible, but on this particular clear, cool evening—conditions traditionally known to create a static layer of cold air near the ground trapped beneath warmer air—the roar of engines is startlingly distinct, sounding as if the cars are just behind your fence. While the air in your backyard is dead calm and no physical barriers have been removed, a glance at a detailed local meteorological report confirms a standard vertical temperature profile where the air gets steadily colder with altitude, effectively ruling out a thermal inversion; however, the report does indicate a high-velocity air current moving directly from the highway toward your home at an elevation of 500 feet. What specific atmospheric mechanism is causing the sound waves to refract downward to your ears despite the lack of a temperature anomaly?",Qwen3 235B A22B 2507,"hypothesis: A high-velocity wind shear layer at 500 feet is refracting sound waves downward due to the Doppler-shifted effective velocity gradient, even in the absence of a thermal inversion.  
verification: Compare the direction and speed of the elevated wind current with acoustic ray-tracing models that account for wind gradients, to confirm downward refraction toward your location.","A high-velocity wind shear layer at 500 feet is refracting sound waves downward due to the Doppler-shifted effective velocity gradient, even in the absence of a thermal inversion.","Compare the direction and speed of the elevated wind current with acoustic ray-tracing models that account for wind gradients, to confirm downward refraction toward your location.",ok,
gemini-3-pro__mathematics__00,mathematics,500 Pure science,Gemini 3 Pro,"An analyst reviewing hospital effectiveness discovers that Treatment A has higher recovery rates than Treatment B for both mild and severe conditions individually, yet Treatment B appears to have a higher total success rate due to Simpson’s Paradox; while the fact that Treatment A is a highly invasive procedure might suggest a clinical hesitation to use it on mild cases, what specific administrative protocol regarding the high financial cost and limited inventory of Treatment A actually dictated the strict rationing that led to the overwhelming majority of mild cases defaulting to Treatment B?",Qwen3 235B A22B 2507,"hypothesis:  
A hospital protocol explicitly reserves Treatment A—due to its high financial cost and limited inventory—only for severe cases, automatically assigning mild cases to Treatment B regardless of potential efficacy, thereby skewing the overall recovery rates.

verification:  
Review internal hospital treatment allocation policies and patient records to confirm that Treatment A was restricted by administrative guidelines to severe cases only, and cross-reference with inventory logs and cost-reimbursement data to validate resource constraints.","A hospital protocol explicitly reserves Treatment A—due to its high financial cost and limited inventory—only for severe cases, automatically assigning mild cases to Treatment B regardless of potential efficacy, thereby skewing the overall recovery rates.","Review internal hospital treatment allocation policies and patient records to confirm that Treatment A was restricted by administrative guidelines to severe cases only, and cross-reference with inventory logs and cost-reimbursement data to validate resource constraints.",ok,
gemini-3-pro__physics__00,physics,500 Pure science,Gemini 3 Pro,"Upon returning home to find your wooden front door, which usually swings freely, is jammed so tightly against the frame that you must shoulder it open to the sound of scraping wood, you initially notice that a severe storm has been raging all day, soaking the porch and seemingly offering an obvious explanation for the wood’s expansion; however, considering that the exterior of the door is sealed with a distinctively impermeable industrial coating that prevents any moisture ingress from the elements, while the interior side remains unfinished and exposed, what undetected mechanical failure inside the sealed house is the actual root cause of the door's sudden expansion?",Qwen3 235B A22B 2507,"hypothesis:  
A malfunctioning interior humidifier or unvented appliance (such as a clothes dryer or combustion furnace) has dramatically increased indoor relative humidity, causing the unfinished interior side of the wooden door to absorb moisture and expand while the sealed exterior remains unaffected.  

verification:  
Measure the indoor relative humidity with a hygrometer and inspect the home’s humidification or ventilation systems for faults or overuse, correlating high humidity levels with the observed door expansion.","A malfunctioning interior humidifier or unvented appliance (such as a clothes dryer or combustion furnace) has dramatically increased indoor relative humidity, causing the unfinished interior side of the wooden door to absorb moisture and expand while the sealed exterior remains unaffected.","Measure the indoor relative humidity with a hygrometer and inspect the home’s humidification or ventilation systems for faults or overuse, correlating high humidity levels with the observed door expansion.",ok,
gemini-3-pro__chemistry__00,chemistry,500 Pure science,Gemini 3 Pro,"A chemistry student attempts to initiate a standard Grignard reaction on a noticeably humid afternoon, mixing magnesium metal with an organic halide in a flask of ether. Although the magnesium turnings appear bright and shiny and the solvent looks perfectly clear, the mixture remains calm and at room temperature rather than generating the expected heat and vigorous bubbling. While the high humidity leads the student to fear that atmospheric moisture has quenched the reagents, the ether was freshly dispensed from a pressurized anhydrous system verified to be completely water-free; given this confirmation of the solvent's purity, what invisible surface barrier on the metal is the actual cause of the reaction's failure?",Qwen3 235B A22B 2507,"hypothesis: A passivating oxide layer on the magnesium surface, formed through prior exposure to trace oxygen or moisture despite the shiny appearance, prevents the initiation of the Grignard reaction by blocking electron transfer.  
verification: Scratch the magnesium turnings under the anhydrous ether solvent using a glass rod and observe if localized bubbling or reaction initiation occurs, indicating disruption of the oxide barrier and renewed reactivity.","A passivating oxide layer on the magnesium surface, formed through prior exposure to trace oxygen or moisture despite the shiny appearance, prevents the initiation of the Grignard reaction by blocking electron transfer.","Scratch the magnesium turnings under the anhydrous ether solvent using a glass rod and observe if localized bubbling or reaction initiation occurs, indicating disruption of the oxide barrier and renewed reactivity.",ok,
gemini-3-pro__biology__00,biology,500 Pure science,Gemini 3 Pro,"A gardener meticulously maintains a row of tomato plants, ensuring that every unit receives identical sunlight, water, and fertilizer, yet one specific plant in the middle remains stunted and fruitless while its neighbors thrive. The seeds used were part of an experimental batch known for frequent genetic anomalies, leading the gardener to strongly suspect a mutation in the seed itself; however, when he replaces the stunted plant with a healthy, proven clone from a neighbor, the new plant immediately halts its vertical growth and displays a ""pancaked"" root system, prompting the question of what localized, subsurface physical condition is actually inhibiting the plant's development?",Qwen3 235B A22B 2507,"hypothesis: A compacted soil layer or subsurface physical barrier beneath the affected position restricts root expansion and water drainage, causing growth inhibition regardless of plant genetics.  
verification: Conduct a soil core sampling or excavation at the location to visually and physically assess for compaction, buried debris, or unnatural density layers that impede root development.","A compacted soil layer or subsurface physical barrier beneath the affected position restricts root expansion and water drainage, causing growth inhibition regardless of plant genetics.","Conduct a soil core sampling or excavation at the location to visually and physically assess for compaction, buried debris, or unnatural density layers that impede root development.",ok,
gemini-3-pro__health-and-medicine__00,health and medicine,600 Technology,Gemini 3 Pro,"For years, you have managed your chronic condition with a prescription that always comes as small, oval-shaped blue pills, but upon opening your latest refill—which is labeled with the correct medication name—you find round, white tablets inside. Although a bright orange sticker on the pharmacy bag alerts you that ""This prescription has been filled with a generic equivalent; appearance may vary,"" you decide to verify the alphanumeric imprint code stamped on the new white tablets, and the official pill identifier database explicitly identifies the pills as a completely different antibiotic medication rather than your prescribed treatment; therefore, what is the specific root cause of this discrepancy?",Qwen3 235B A22B 2507,"hypothesis: A pharmacy dispensing error occurred in which the wrong medication was placed in the bottle, despite the label and packaging references indicating a generic substitution.  
verification: Contact the pharmacy immediately to review the prescription fill record, physically inspect the original vial and lot number, and confirm through their system whether the correct medication was dispensed.","A pharmacy dispensing error occurred in which the wrong medication was placed in the bottle, despite the label and packaging references indicating a generic substitution.","Contact the pharmacy immediately to review the prescription fill record, physically inspect the original vial and lot number, and confirm through their system whether the correct medication was dispensed.",ok,
gemini-3-pro__engineering__00,engineering,600 Technology,Gemini 3 Pro,"An automated packaging machine that has operated reliably for two years has suddenly begun failing to seal exactly every hundredth plastic bag, a precise mathematical rhythm that led maintenance engineers to strongly suspect a legacy PLC subroutine was triggering a background diagnostic check and momentarily cutting power to the heating element. However, high-speed data logging attached directly to the heating bar proved that the voltage supply remains perfectly stable and the temperature never deviates from the set 180°C even during the failed cycles, definitively ruling out a controller-induced thermal drop; considering the conveyor speed is constant and the machine is delivering the exact heat output required for standard specifications, what variable within the film roll manufacturing process explains why the heat applied is insufficient only at these specific intervals?",Qwen3 235B A22B 2507,"hypothesis: A defect in the plastic film roll—specifically, a repeating variation in thickness or polymer density occurring at regular 100-bag intervals due to a flaw in the film extrusion or winding process—is reducing heat transfer efficiency at those points, preventing proper sealing despite consistent heater temperature.  
verification: Unroll and inspect a section of the film corresponding to multiple failed seal intervals using micrometry and thermal conductivity testing to identify periodic anomalies in thickness or material composition that align with the 100-bag failure cycle.","A defect in the plastic film roll—specifically, a repeating variation in thickness or polymer density occurring at regular 100-bag intervals due to a flaw in the film extrusion or winding process—is reducing heat transfer efficiency at those points, preventing proper sealing despite consistent heater temperature.",Unroll and inspect a section of the film corresponding to multiple failed seal intervals using micrometry and thermal conductivity testing to identify periodic anomalies in thickness or material composition that align with the 100-bag failure cycle.,ok,
gemini-3-pro__farming-and-agriculture__00,farming and agriculture,600 Technology,Gemini 3 Pro,"It is the peak of the harvesting season with ideal dry weather, and while neighboring farms are actively harvesting, a farmer drives a tractor through a field of seemingly healthy, mature lettuce, tilling the crop back into the soil instead of collecting it. Although agricultural reports confirm that the current open-market price for lettuce has plummeted below the cost of labor and packaging—a scenario that would cause independent growers to lose money on every harvested head—this specific farmer operates under a secured agreement that guarantees a profitable fixed rate above production costs for his deliveries; given this financial protection against the market crash, what specific contractual restriction compels the farmer to destroy this surplus yield?",Qwen3 235B A22B 2507,"hypothesis: The farmer's contract includes a clause that limits the total volume of lettuce that can be delivered under the fixed-price agreement, and exceeding this quota would result in penalties or loss of future contracts, making it more economical to destroy surplus crops.  
verification: Review the terms of the farmer's fixed-rate delivery contract to identify volume caps or penalties for overproduction.","The farmer's contract includes a clause that limits the total volume of lettuce that can be delivered under the fixed-price agreement, and exceeding this quota would result in penalties or loss of future contracts, making it more economical to destroy surplus crops.",Review the terms of the farmer's fixed-rate delivery contract to identify volume caps or penalties for overproduction.,ok,
gemini-3-pro__management__00,management,600 Technology,Gemini 3 Pro,"A facility manager investigates an unexplained 15% spike in electricity consumption at an office building during a month with mild weather and stable occupancy rates. Because a service team had performed maintenance on the main air handlers just days before the surge began, the manager initially suspects that the Variable Frequency Drives (VFDs) were inadvertently left in ""bypass"" mode, forcing the supply fans to run at full speed; however, a physical inspection reveals that the fans are modulating quietly and correctly, yet the main electric meter registers a constant, high-amperage draw that never fluctuates, even during unoccupied hours. Given that the HVAC and lighting systems are operating normally, what specific mechanical failure in the central domestic water system is causing the electric heating elements to run continuously by silently diverting hot water into a hard-piped drain line?",Qwen3 235B A22B 2507,"hypothesis: A failed temperature and pressure relief valve on the electric water heater is leaking hot water continuously into a drained expansion tank or floor drain, causing the heating elements to cycle nonstop to maintain setpoint.  
verification: Monitor the relief valve discharge line for continuous warm water flow or accumulation in the drain, and measure the water heater’s energy consumption independently to confirm constant heating element activation.","A failed temperature and pressure relief valve on the electric water heater is leaking hot water continuously into a drained expansion tank or floor drain, causing the heating elements to cycle nonstop to maintain setpoint.","Monitor the relief valve discharge line for continuous warm water flow or accumulation in the drain, and measure the water heater’s energy consumption independently to confirm constant heating element activation.",ok,
gemini-3-pro__manufacturing__00,manufacturing,600 Technology,Gemini 3 Pro,"During the peak temperatures of the afternoon shift, an automated packaging line unexpectedly throttles from 60 down to 45 units per minute without generating any error codes on the HMI, and while the upstream filler has been experiencing intermittent stoppages—strongly suggesting the machine's flow-matching algorithm is simply slowing down to synchronize with a sparse product supply—a physical inspection confirms that the accumulation buffer feeding the packaging unit is actually packed solid with product, prompting the question of what specific hardware protection mode the variable frequency drive has entered to limit output current and prevent a thermal overload trip while keeping the line moving.",Qwen3 235B A22B 2507,"hypothesis: The variable frequency drive (VFD) has entered a thermal current limit mode due to high ambient temperature during the afternoon shift, automatically reducing motor speed to prevent overheating despite sufficient product accumulation.  
verification: Monitor the VFD’s diagnostic parameters (e.g., output current, temperature, and drive limit status) via the HMI or drive software during the event to confirm activation of thermal current limiting.","The variable frequency drive (VFD) has entered a thermal current limit mode due to high ambient temperature during the afternoon shift, automatically reducing motor speed to prevent overheating despite sufficient product accumulation.","Monitor the VFD’s diagnostic parameters (e.g., output current, temperature, and drive limit status) via the HMI or drive software during the event to confirm activation of thermal current limiting.",ok,
gemini-3-pro__architecture__00,architecture,700 Arts and recreation,Gemini 3 Pro,"On a bitterly cold, windless afternoon, you attempt to pull open the unlocked glass swing door of a high-rise office building, but it offers immense resistance and emits a sharp whistle as air rushes inward, indicating a severe negative pressure imbalance. While the drastic temperature difference between the freezing outdoors and the heated interior strongly suggests that the natural ""stack effect"" of warm air rising up the elevator shafts is pulling the door shut, you notice that the security doors separating the elevator bank from the main lobby are hermetically sealed, isolating the lobby from the building's natural updraft. If the elevator shafts are not the source of the suction, what specific operational disparity between the building's supply and exhaust fans explains the artificial vacuum holding the door shut?",Qwen3 235B A22B 2507,"hypothesis:  
The building’s mechanical exhaust fans are operating at a significantly higher rate than the supply fans, creating a net outflow of air and resulting in a sustained interior negative pressure that pulls the glass door shut and draws in external air through any available leaks, producing the whistling sound.  

verification:  
Use an anemometer or building automation system (BAS) data to measure and compare the real-time airflow rates of the supply and exhaust ventilation systems; a substantial imbalance with exhaust exceeding supply would confirm the cause of the vacuum.","The building’s mechanical exhaust fans are operating at a significantly higher rate than the supply fans, creating a net outflow of air and resulting in a sustained interior negative pressure that pulls the glass door shut and draws in external air through any available leaks, producing the whistling sound.",Use an anemometer or building automation system (BAS) data to measure and compare the real-time airflow rates of the supply and exhaust ventilation systems; a substantial imbalance with exhaust exceeding supply would confirm the cause of the vacuum.,ok,
gemini-3-pro__painting__00,painting,700 Arts and recreation,Gemini 3 Pro,"After retrieving a dusty, long-forgotten bottle of varnish from the back of a supply closet to coat a finished acrylic painting, an artist leaves the canvas to dry overnight in a studio while a record-breaking humid tropical storm rages outside the sealed windows. Upon returning the next afternoon to find the surface remains sticky and chemically uncured rather than hardening into a solid shell, the artist notes that the room's digital hygrometer indicates the internal relative humidity actually remained at an optimal, dry level throughout the night; given that the environmental controls successfully negated the weather, what is the actual origin of the varnish's failure to solidify?",Qwen3 235B A22B 2507,"hypothesis: The varnish failed to cure because it was old and had degraded over time, losing its chemical ability to polymerize regardless of environmental conditions.  
verification: Test the varnish's curing capability by applying a fresh coat of the same batch to a test surface in controlled, optimal conditions and observing whether it hardens properly.","The varnish failed to cure because it was old and had degraded over time, losing its chemical ability to polymerize regardless of environmental conditions.","Test the varnish's curing capability by applying a fresh coat of the same batch to a test surface in controlled, optimal conditions and observing whether it hardens properly.",ok,
gemini-3-pro__photography__00,photography,700 Arts and recreation,Gemini 3 Pro,"While photographing high-speed indoor sports under bright, modern LED lighting, you decide to freeze the action by setting your camera to a shutter speed of 1/1000s, ensuring that you have explicitly enabled the loud, physical mechanical shutter mode to avoid the distortion artifacts typically associated with silent electronic shutters. However, despite the lights appearing completely continuous to your naked eye and your specific avoidance of the digital sensor readout method, your resulting images are marred by distinct, repetitive horizontal bands of dark exposure across the frame; what physical interaction is causing this banding phenomenon?",Qwen3 235B A22B 2507,"hypothesis: The banding is caused by high-frequency pulse-width modulation (PWM) used to regulate the brightness of the LED lights, which creates rapid, cyclic variations in light intensity that interact with the rolling exposure of the camera's mechanical shutter.  
verification: Use an oscilloscope or a photodiode sensor to measure the temporal light output of the LED fixtures and confirm the presence of PWM cycles that are not synchronized with the camera's shutter speed and scan rate.","The banding is caused by high-frequency pulse-width modulation (PWM) used to regulate the brightness of the LED lights, which creates rapid, cyclic variations in light intensity that interact with the rolling exposure of the camera's mechanical shutter.",Use an oscilloscope or a photodiode sensor to measure the temporal light output of the LED fixtures and confirm the presence of PWM cycles that are not synchronized with the camera's shutter speed and scan rate.,ok,
gemini-3-pro__music__00,music,700 Arts and recreation,Gemini 3 Pro,"During a high-energy rock performance where the drummer is visibly striking the kit with immense force, the resulting sound is shockingly faint and tinny, leading you to initially suspect the engineer has simply forgotten to unmute the drum channels and that you are merely hearing the distant, unamplified acoustic noise of the kit. However, upon noticing that the high-frequency snap of the snare and the click of the kick drum beater are actually projecting cleanly through the main speakers with a distinct, processed ""telephone"" quality, you realize the signal is passing through the system; what specific filter setting was mistakenly left engaged on the drum sub-mix to electronically strip away the bass frequencies and significantly reduce the output volume?",Qwen3 235B A22B 2507,"hypothesis: A high-pass filter with a steep cutoff frequency around 300–500 Hz was mistakenly left engaged on the drum sub-mix, removing the fundamental frequencies of the drums while allowing high-frequency transients to pass, creating a thin, quiet, and ""telephone-like"" sound.  
verification: Check the drum sub-mix channel on the mixing console or digital audio workstation for an active high-pass filter or EQ cutting low frequencies, and disable it to confirm the restoration of full-bodied drum sound.","A high-pass filter with a steep cutoff frequency around 300–500 Hz was mistakenly left engaged on the drum sub-mix, removing the fundamental frequencies of the drums while allowing high-frequency transients to pass, creating a thin, quiet, and ""telephone-like"" sound.","Check the drum sub-mix channel on the mixing console or digital audio workstation for an active high-pass filter or EQ cutting low frequencies, and disable it to confirm the restoration of full-bodied drum sound.",ok,
gemini-3-pro__sports__00,sports,700 Arts and recreation,Gemini 3 Pro,"During a broadcast of a critical game, the star player remains benched in full uniform while his team falls behind, a situation the commentators confidently attribute to a strict disciplinary measure after reports confirmed the player arrived late to the pre-game walkthrough; however, given that the coach looks regretful rather than angry and is strictly following orders from the General Manager—who is visibly finalizing paperwork in the luxury box—to ensure the player suffers no physical setbacks tonight, what is the actual personnel-transaction reason the front office has mandated he sit out?",Qwen3 235B A22B 2507,"hypothesis: The player is being kept inactive to preserve his health because the team has secretly agreed to trade him to another team the following day, and any injury could void the trade or reduce his value.  
verification: Review confidential trade documents and internal communications between the front office and the acquiring team to confirm a pending trade agreement contingent on the player remaining uninjured.","The player is being kept inactive to preserve his health because the team has secretly agreed to trade him to another team the following day, and any injury could void the trade or reduce his value.",Review confidential trade documents and internal communications between the front office and the acquiring team to confirm a pending trade agreement contingent on the player remaining uninjured.,ok,
gemini-3-pro__classical-literature__00,classical literature,800 Literature,Gemini 3 Pro,"For a decade, the midday trade has begun the moment Old Silas, a burly giant of a coachman, guides the London mail coach into the market square; yet today, the coach arrives on time driven by a slight, unfamiliar youth drowning in a heavy Royal Mail greatcoat that hangs off his frame like a tent, leading the whispering crowd to assume Silas must have suffered a sudden collapse at the previous staging post, forcing a stable hand to hurriedly don the large man's uniform to finish the route. However, while the youth’s oversized, ill-fitting attire suggests a desperate, mid-route substitution, the official waybill he hands down bears a driver change authorization stamped in the red ink used exclusively by the station master at the route’s origin point—three towns back—and the coat itself lacks the gold service chevrons Silas earned years ago, identifying it instead as a generic depot spare. What specific personnel change accounts for the youth's presence and his mismatched uniform?",Qwen3 235B A22B 2507,"hypothesis: Old Silas has officially retired, and the youth is his permanently assigned replacement, issued a standard depot coat rather than inheriting Silas’s personalized uniform.  
verification: Confirm with the Royal Mail’s personnel records or the origin station master whether Silas retired and the youth was formally appointed as the new regular driver.","Old Silas has officially retired, and the youth is his permanently assigned replacement, issued a standard depot coat rather than inheriting Silas’s personalized uniform.",Confirm with the Royal Mail’s personnel records or the origin station master whether Silas retired and the youth was formally appointed as the new regular driver.,ok,
gemini-3-pro__poetry__00,poetry,800 Literature,Gemini 3 Pro,"Walking along a deserted park path just moments after a sudden, torrential afternoon downpour, you discover a rain-spattered hardbound novel resting on a wet bench, held open to the exact middle of the story by a heavy stone—a specific arrangement that strongly implies a reader was deeply engrossed in the plot, stepped away momentarily perhaps to answer a phone call, and was forced to flee without their belonging when the rain began. However, upon lifting the sodden volume, you find a permanent marker inscription on the inside cover dated for today that explicitly identifies the book as a ""Free Gift for a Stranger"" intended to be found and enjoyed; considering the misleading visual cue of the open pages suggesting an interrupted session versus the definitive proof written inside, how did this book actually come to be left on the bench?",Qwen3 235B A22B 2507,"hypothesis: A person intentionally placed the book on the bench as a planned anonymous gift, using the stone to hold it open and simulate an abandoned read, enhancing the intrigue for the finder.  
verification: Check nearby surveillance cameras or ask park staff if anyone was seen deliberately setting up the scene, or look for social media posts by someone documenting the act of leaving a ""Free Gift for a Stranger.""","A person intentionally placed the book on the bench as a planned anonymous gift, using the stone to hold it open and simulate an abandoned read, enhancing the intrigue for the finder.","Check nearby surveillance cameras or ask park staff if anyone was seen deliberately setting up the scene, or look for social media posts by someone documenting the act of leaving a ""Free Gift for a Stranger.""",ok,
gemini-3-pro__science-fiction__00,science fiction,800 Literature,Gemini 3 Pro,"In a hyper-connected smart city, you observe a stream of autonomous vehicles swerving precisely around a three-meter patch of empty asphalt where a road crew finished repairs just this morning, a coincidence that strongly implies the central network’s digital map still erroneously lists the zone as closed; however, considering that the municipal traffic feed explicitly marks the lane as ""Green/Open"" and that every vehicle's dashboard flashes a local ""Emergency Proximity Alert"" only when passing a pedestrian manipulating a handheld device on the curb, what is the actual source of the anomaly?",Qwen3 235B A22B 2507,"hypothesis: A pedestrian is spoofing a false emergency signal using a handheld device that mimics authorized traffic control messages, causing nearby autonomous vehicles to misinterpret the area as hazardous despite updated central maps and accurate municipal status.  
verification: Analyze the wireless spectrum and message authentication logs near the affected zone to detect unauthorized transmissions matching the protocol of emergency alerts, and correlate their timing with vehicle swerving and the pedestrian's device activity.","A pedestrian is spoofing a false emergency signal using a handheld device that mimics authorized traffic control messages, causing nearby autonomous vehicles to misinterpret the area as hazardous despite updated central maps and accurate municipal status.","Analyze the wireless spectrum and message authentication logs near the affected zone to detect unauthorized transmissions matching the protocol of emergency alerts, and correlate their timing with vehicle swerving and the pedestrian's device activity.",ok,
gemini-3-pro__novels__00,novels,800 Literature,Gemini 3 Pro,"During a strictly scheduled non-stop rail journey between two major cities, the onboard passenger information screens suddenly flickered and announced an immediate arrival at the main terminal just as the train began to decelerate in a remote stretch of countryside; after the train came to a gentle halt and the automatic doors slid open to reveal nothing but wind-swept wild grass for thirty seconds before closing and resuming speed, what faulty piece of trackside infrastructure—acting independently of the train's actually functioning internal GPS—transmitted the overrides that forced the system to execute this phantom station stop?",Qwen3 235B A22B 2507,"hypothesis: A malfunctioning trackside balise, incorrectly programmed with the destination station's arrival data, transmitted a false signal that was interpreted by the train's signaling system as being at the terminal.  
verification: Inspect the configuration and signal logs of balises along the remote stretch where the incident occurred to identify any that broadcast arrival-critical data out of sequence or location.","A malfunctioning trackside balise, incorrectly programmed with the destination station's arrival data, transmitted a false signal that was interpreted by the train's signaling system as being at the terminal.",Inspect the configuration and signal logs of balises along the remote stretch where the incident occurred to identify any that broadcast arrival-critical data out of sequence or location.,ok,
gemini-3-pro__essays__00,essays,800 Literature,Gemini 3 Pro,"Every Tuesday, the massive century-old oak tree defines the park route, casting a heavy shadow over the third bench; however, today the bench sat fully exposed to the harsh sunlight, and the tree was entirely absent. Although a jagged, widening vertical crack observed in the trunk last week suggested an imminent structural collapse that would typically necessitate an emergency demolition, the scene today offers a puzzling contradiction: the ground where the trunk stood is now a perfectly manicured circle of fresh topsoil and straw, conspicuously lacking the sawdust, wood chips, or heavy tire ruts that inevitably accompany the chainsaws and loaders used in emergency cleanups. Given the pristine condition of the site and the total absence of cutting debris, how was the tree actually removed?",Qwen3 235B A22B 2507,"hypothesis: The tree was not removed after structural failure but was instead carefully transplanted by a specialized heavy-lift team using a large crane and root-ball transport method, explaining the absence of sawdust and ground disturbance from heavy machinery.  
verification: Review local municipal permits and contractor logs for records of a tree transplant operation, and check nearby traffic or park surveillance footage from early Tuesday morning for evidence of a crane and transport vehicle.","The tree was not removed after structural failure but was instead carefully transplanted by a specialized heavy-lift team using a large crane and root-ball transport method, explaining the absence of sawdust and ground disturbance from heavy machinery.","Review local municipal permits and contractor logs for records of a tree transplant operation, and check nearby traffic or park surveillance footage from early Tuesday morning for evidence of a crane and transport vehicle.",ok,
gemini-3-pro__historical-documents__00,historical documents,900 History and geography,Gemini 3 Pro,"While archiving 19th-century real estate files, you discover a deed prepared on expensive, government-stamped vellum that features affixed wax seals, precise legal clauses, and the names of a feuding buyer and seller whose accompanying correspondence indicates a bitter disagreement over payment terms just hours before the scheduled closing; however, given that county records irrefutably prove the property ownership was successfully transferred between these two men on that exact date, what accounts for the fact that the signature lines on this specific, costly document were left completely blank?",Qwen3 235B A22B 2507,"hypothesis: The deed was prepared in advance as a formality to satisfy legal and ceremonial expectations, but the actual transfer was executed via a separate, contemporaneous document or oral agreement due to the urgency or resolution of the dispute at the last moment.  
verification: Search adjacent archival records—including supplementary deed registries, notarial logs, or personal papers of the parties—for a second, unsigned or informally signed conveyance document dated the same day that legally completed the transfer.","The deed was prepared in advance as a formality to satisfy legal and ceremonial expectations, but the actual transfer was executed via a separate, contemporaneous document or oral agreement due to the urgency or resolution of the dispute at the last moment.","Search adjacent archival records—including supplementary deed registries, notarial logs, or personal papers of the parties—for a second, unsigned or informally signed conveyance document dated the same day that legally completed the transfer.",ok,
gemini-3-pro__geography-and-travel__00,geography and travel,900 History and geography,Gemini 3 Pro,"While enjoying a cloudless afternoon on the stone embankment of a historic city where the local weather has been bone-dry for a week, you encounter a confusing scene: the lower pedestrian walkway is completely submerged under fast-moving, muddy water. You initially recall a news bulletin about severe thunderstorms pounding the river's mountainous headwaters hundreds of miles away just a few days ago, which would naturally explain a delayed flood pulse reaching the city today; however, a nearby fisherman dismisses the weather report, noting that the water level did not swell gradually as it does with mountain runoff, but instead surged violently and instantaneously exactly ten minutes after a mechanical siren echoed from upriver, an event that occurs on a strict schedule regardless of the distant storms. What is the specific cause of this sudden inundation?",Qwen3 235B A22B 2507,"hypothesis: The sudden inundation was caused by the scheduled release of water from an upstream dam, triggered by the mechanical siren, which rapidly discharged a surge of water into the river system.  
verification: Confirm with dam operation authorities or telemetry data whether a controlled water release was initiated at the time of the siren, and correlate the timing with the observed flood surge downstream.","The sudden inundation was caused by the scheduled release of water from an upstream dam, triggered by the mechanical siren, which rapidly discharged a surge of water into the river system.","Confirm with dam operation authorities or telemetry data whether a controlled water release was initiated at the time of the siren, and correlate the timing with the observed flood surge downstream.",ok,
gemini-3-pro__ancient-history__00,ancient history,900 History and geography,Gemini 3 Pro,"In a bustling district of Imperial Rome, a resident approaches a public fountain (*lacus*) only to find the water pressure significantly reduced, a situation that local gossip immediately blames on the notorious corruption of the water inspectors, who are frequently rumored to accept bribes in exchange for ignoring illegal taps. Yet, unknown to the public, the current administration enforces a strict, zero-tolerance policy on graft, and the inspectors have not been compromised. Given that the scarcity is actually caused by a wealthy landowner miles away committing *furtum aquarum* (water theft) to irrigate a private estate, how was this unauthorized connection established to ensure it remained physically undetected by the vigilant and honest city officials patrolling the line?",Qwen3 235B A22B 2507,"hypothesis: The wealthy landowner secretly tapped into the aqueduct at a remote, elevated section buried deep underground, using narrow, tapering lead pipes that matched the existing infrastructure and minimized flow disruption, making the diversion difficult to detect during routine inspections.  
verification: Conduct a ground-penetrating radar survey along the aqueduct’s route, particularly in rural areas near the landowner’s estate, to identify hidden pipe branches or soil disturbances inconsistent with official water system records.","The wealthy landowner secretly tapped into the aqueduct at a remote, elevated section buried deep underground, using narrow, tapering lead pipes that matched the existing infrastructure and minimized flow disruption, making the diversion difficult to detect during routine inspections.","Conduct a ground-penetrating radar survey along the aqueduct’s route, particularly in rural areas near the landowner’s estate, to identify hidden pipe branches or soil disturbances inconsistent with official water system records.",ok,
gemini-3-pro__biographies__00,biographies,900 History and geography,Gemini 3 Pro,"The morning after a severe thunderstorm caused widespread electrical surges and blew out several streetlamps nearby, a commuter looked up at the town hall clock tower to verify the time against his own watch, which read 8:00 AM. While the offices below were brightly lit and fully operational, the tower’s massive hands were halted at 4:15; however, precisely once every minute, the minute hand would give a distinct, straining twitch before falling still again.",Qwen3 235B A22B 2507,"hypothesis: A power surge damaged the clock's electromagnetic drive mechanism, leaving it unable to advance the hands but still sending intermittent pulses to the motor.  
verification: Inspect the clock's motor and electrical control system for surge damage and observe whether the control circuit is still sending regular one-minute pulses to the motor.","A power surge damaged the clock's electromagnetic drive mechanism, leaving it unable to advance the hands but still sending intermittent pulses to the motor.",Inspect the clock's motor and electrical control system for surge damage and observe whether the control circuit is still sending regular one-minute pulses to the motor.,ok,
gemini-3-pro__modern-history__00,modern history,900 History and geography,Gemini 3 Pro,"During a Tuesday evening trip to a well-organized local supermarket, a customer finds the shelf for a popular brand of cooking oil entirely empty, despite neighboring competitor brands being fully stocked and no signage explaining the outage. A passing employee checks a handheld scanner and confusedly notes that the internal database currently lists the item as ""fully in stock,"" a discrepancy that seemingly points to a data glitch having prevented the automated system from triggering a reorder for the morning delivery. However, a visible manifest on a nearby stocking cart confirms that three large cases of this specific oil were definitely delivered and signed for earlier that day; considering the product physically arrived but vanished by evening, what specific event involving a third-party buyer most likely explains the sudden absence of the inventory?",Qwen3 235B A22B 2507,"hypothesis: A third-party bulk purchaser, such as a restaurant supplier or reseller, bought the entire delivered stock of the cooking oil directly at the store's receiving dock or service desk shortly after delivery, bypassing the retail shelves and standard point-of-sale tracking for floor inventory updates.  
verification: Check the store’s wholesale purchase logs, delivery handover records, or surveillance footage from the receiving area and service desk to confirm if a bulk cash-or-invoice transaction for the missing cases occurred shortly after the morning delivery.","A third-party bulk purchaser, such as a restaurant supplier or reseller, bought the entire delivered stock of the cooking oil directly at the store's receiving dock or service desk shortly after delivery, bypassing the retail shelves and standard point-of-sale tracking for floor inventory updates.","Check the store’s wholesale purchase logs, delivery handover records, or surveillance footage from the receiving area and service desk to confirm if a bulk cash-or-invoice transaction for the missing cases occurred shortly after the morning delivery.",ok,
gpt-5.1__computer-programming__00,computer programming,"000 Computer science, information and general works",GPT-5.1,"After adding a new feature, a developer runs the full automated test suite on their laptop and confirms that all 500+ tests pass before pushing the code. On the CI server, however, the same commit triggers several failing tests—ones that no one has modified in weeks and that, on inspection, appear logically unrelated to the new feature. The CI environment is documented as having the same OS and library versions as the developer’s machine, and attempts to reproduce the problem by matching locale and time zone settings locally still result in all tests passing. Yet on the CI system, the failures appear and disappear across different runs, with different tests sometimes failing even though they rely on the same shared test database, filesystem fixtures, and cache directory; their stack traces and assertion errors suggest that data is occasionally being mutated or left behind by other tests, even though each test file individually seems well-isolated when run on its own.",Qwen3 235B A22B 2507,"hypothesis:  
The test failures on CI are caused by race conditions due to parallel test execution contaminating shared resources, even though individual tests appear isolated when run in sequence.

verification:  
Run the test suite on the CI server with parallel execution disabled and confirm that the intermittent failures no longer occur, indicating that concurrent access to shared state is the root cause.","The test failures on CI are caused by race conditions due to parallel test execution contaminating shared resources, even though individual tests appear isolated when run in sequence.","Run the test suite on the CI server with parallel execution disabled and confirm that the intermittent failures no longer occur, indicating that concurrent access to shared state is the root cause.",ok,
gpt-5.1__libraries__00,libraries,"000 Computer science, information and general works",GPT-5.1,"When you arrive at your neighborhood public library one weekday afternoon, everything initially seems normal: the building is open, the lights are on, and the front desk is staffed, with a small sign on the counter mentioning “temporary collection adjustments and inventory updates” over the coming weeks. However, when you wander up to the second floor, you notice that an unusually large section of shelves—mostly fiction and biographies—is completely empty, with only the shelf labels remaining. There are no signs taped to the shelves, no visible construction barriers, and no carts of books anywhere nearby. Staff at the desk downstairs mention they’re “in the middle of some back-room processing” but don’t give specifics, and there is no obvious renovation work or active re-shelving taking place. From a visitor’s perspective, it isn’t clear whether the books were quietly pulled for a new classification and re-shelving project, moved into storage for a planned layout change, or removed for some more urgent behind-the-scenes reason.",Qwen3 235B A22B 2507,"hypothesis: The library is undergoing a temporary removal of certain books for a planned reorganization or weeding process to update the collection based on usage, condition, or outdated content.  
verification: Ask a librarian directly about the status of the empty shelves and request information on any current collection development initiatives, such as weeding, re-cataloging, or space reconfiguration plans.","The library is undergoing a temporary removal of certain books for a planned reorganization or weeding process to update the collection based on usage, condition, or outdated content.","Ask a librarian directly about the status of the empty shelves and request information on any current collection development initiatives, such as weeding, re-cataloging, or space reconfiguration plans.",ok,
gpt-5.1__artificial-intelligence__00,artificial intelligence,"000 Computer science, information and general works",GPT-5.1,"A logistics company deploys an AI system to optimize delivery routes for its fleet of trucks, and after a well-publicized internal safety review earlier in the month, managers reminded drivers in several emails that the company might start avoiding certain “high-risk” neighborhoods in the near future based on new insurance guidance. For months, the system has still worked reliably, and drivers typically follow the suggested routes without issue. One Tuesday, however, several drivers notice that the routes on their tablets are suddenly much longer and less efficient than usual—sending them on strange detours, bypassing major highways, and favoring small side streets, even though traffic and weather appear normal. From the drivers’ perspective, there is no visible trigger for the change: there are no announcements that the new safety policy has gone live, no obvious road closures, construction zones, or network outages, and their vehicles and devices seem to be functioning as usual, yet the AI now consistently suggests these odd, time‑consuming detours.",Qwen3 235B A22B 2507,"hypothesis: The AI system has begun implementing the new safety policy by rerouting trucks away from neighborhoods classified as ""high-risk"" based on updated insurance risk data, which was silently integrated into the routing algorithm without explicit notification or real-time alerts to drivers.  
verification: Examine the AI system’s input data logs and routing decision records from the day the detours began to confirm whether a new risk-tiered geofencing dataset was activated and whether routes consistently exclude areas tagged as high-risk despite no external disruptions.","The AI system has begun implementing the new safety policy by rerouting trucks away from neighborhoods classified as ""high-risk"" based on updated insurance risk data, which was silently integrated into the routing algorithm without explicit notification or real-time alerts to drivers.",Examine the AI system’s input data logs and routing decision records from the day the detours began to confirm whether a new risk-tiered geofencing dataset was activated and whether routes consistently exclude areas tagged as high-risk despite no external disruptions.,ok,
gpt-5.1__magazines__00,magazines,"000 Computer science, information and general works",GPT-5.1,"On your usual delivery day, you find your monthly science magazine in the mailbox, its outer plastic wrapper intact and the cover exactly matching the current issue you were expecting, complete with your correct name, subscription number, and issue date on the address label; however, once you open it, every interior page—from the masthead to the ads—belongs to an entirely different lifestyle magazine, suggesting some kind of mix-up in the production chain. The wrapper’s barcoded label, which normally tells the mailing house which subscriber should get which title and issue, appears perfectly normal and is printed directly on the plastic rather than stuck on afterward, and there are no inspection stickers or “error copy” stamps that you might expect if it had been pulled aside at the printing plant for quality-control review, yet the pages inside are those typically found in misassembled copies that are supposed to be diverted for disposal or further investigation rather than mailed.",Qwen3 235B A22B 2507,"hypothesis: A malfunction in the high-speed automated mailing system caused the correct outer wrapper to be matched with an incorrectly assembled inner magazine due to a misfeed or barcode misread during collation and bundling.  
verification: Contact the publisher’s distribution department to request a review of the mailing log and quality-control records corresponding to the barcode on the wrapper, which should reveal whether the scanned wrapper ID was erroneously paired with the wrong magazine core during automated assembly.",A malfunction in the high-speed automated mailing system caused the correct outer wrapper to be matched with an incorrectly assembled inner magazine due to a misfeed or barcode misread during collation and bundling.,"Contact the publisher’s distribution department to request a review of the mailing log and quality-control records corresponding to the barcode on the wrapper, which should reveal whether the scanned wrapper ID was erroneously paired with the wrong magazine core during automated assembly.",ok,
gpt-5.1__news-media__00,news media,"000 Computer science, information and general works",GPT-5.1,"On a busy weekday, the regional newspaper’s digital team spends the entire morning pushing out breaking stories: a live blog on a factory fire, an updated weather warning, and a midday political piece, all of which appear correctly on the homepage as editors refresh the site from different devices. Just after lunch, however, one reporter logs in to grab a link to her newly published story and is startled to find that the homepage now looks exactly like it did the previous night—none of the morning’s headlines are visible, and only yesterday’s lineup of articles is shown. Yet everything seems technically sound at a glance: pages load quickly, visitors can still access individual articles through direct URLs and the archives, and the content management system shows the morning stories as “published” with no error logs or failed jobs. In the past, the paper once had a dramatic outage that forced an automatic failover to a backup server containing only the previous night’s snapshot, so some staff initially suspect a similar seamless switch to a backup machine might have happened again. But this time there has been no reported downtime, no alert from the hosting provider, and no sign of any server-level failover—only the homepage content itself appears to have quietly reverted to yesterday’s state despite the rest of the site and CMS behaving normally.",Qwen3 235B A22B 2507,"hypothesis: A caching mechanism—such as a content delivery network or reverse proxy cache—incorrectly served a stale version of the homepage after a scheduled cache refresh or automatic purge failed to re-invalidate properly, causing only the homepage to display outdated content while the live CMS and direct URLs remain updated.  
verification: Check the cache headers and CDN logs for the homepage request at the time of the incident to confirm whether a stale cache entry was served, and manually trigger a forced cache purge to see if the current content immediately reappears.","A caching mechanism—such as a content delivery network or reverse proxy cache—incorrectly served a stale version of the homepage after a scheduled cache refresh or automatic purge failed to re-invalidate properly, causing only the homepage to display outdated content while the live CMS and direct URLs remain updated.","Check the cache headers and CDN logs for the homepage request at the time of the incident to confirm whether a stale cache entry was served, and manually trigger a forced cache purge to see if the current content immediately reappears.",ok,
gpt-5.1__philosophy__00,philosophy,100 Philosophy and psychology,GPT-5.1,"On a Wednesday afternoon in the middle of the regular exam period—when the campus library is usually packed—you walk up to the main doors and notice that all the interior systems appear perfectly normal: the lobby lights are on, rows of computers are still humming in sleep mode, and the HVAC seems to be running as usual. Through the glass you can see that tables are empty and there isn’t a single staff member at the front desk, yet the automatic doors won’t open and the card readers just beep red. A fresh-looking printed notice taped at eye level on the entrance reads only “Closed until further notice,” with no follow-up email or app alert from the university explaining why. There are no fire trucks, police cars, or maintenance vehicles in sight, and no signs of water damage, alarm testing, or construction—though you vaguely recall overhearing a librarian last week mention that the building’s aging fire-safety panel had been “acting up again.” Nearby bulletin boards and digital signage show nothing about planned maintenance or system failures, and other campus buildings are operating normally.",Qwen3 235B A22B 2507,"hypothesis: A malfunction in the building’s fire-safety panel has triggered a safety lockdown that disables door access, even though no emergency is visibly active.  
verification: Contact campus facilities or security to confirm whether the fire-safety system logged a fault or initiated a lockdown, and check if the card reader access is tied to that system’s status.","A malfunction in the building’s fire-safety panel has triggered a safety lockdown that disables door access, even though no emergency is visibly active.","Contact campus facilities or security to confirm whether the fire-safety system logged a fault or initiated a lockdown, and check if the card reader access is tied to that system’s status.",ok,
gpt-5.1__psychology__00,psychology,100 Philosophy and psychology,GPT-5.1,"A university student arrives on campus for an afternoon lecture in a building they use several times a week, including during a brief power outage the previous month that reportedly caused minor electrical hiccups in several rooms on the same floor. The hallway lights are on, and other classrooms are open and occupied, including one across the hall where a facilities staff member is casually chatting with a colleague about having “checked all the lighting panels this morning.” When the student reaches their usual lecture room, however, the door is locked and the lights are off. There is no note on the door, no announcement on the nearby digital schedule display, and the professor is not waiting nearby. The digital display still lists the regular lecture in that room at that time, but the electronic door lock’s small status light glows red, as it does when the room is reserved for special events. From the student’s perspective, the room is unexpectedly inaccessible, and nothing visible in the immediate environment explains why this particular classroom is closed while the rest of the floor appears to be operating normally, even though they vaguely recall rumors about certain rooms being taken over at short notice for confidential departmental business.",Qwen3 235B A22B 2507,"hypothesis: The electronic door lock system incorrectly registered a reservation for the room—possibly due to a software glitch or miscommunication with the central scheduling server—causing the door to remain locked despite no actual event taking place.  
verification: Contact campus facilities or IT support to check the room’s reservation log in the building management system for any erroneous or phantom bookings at the scheduled time.",The electronic door lock system incorrectly registered a reservation for the room—possibly due to a software glitch or miscommunication with the central scheduling server—causing the door to remain locked despite no actual event taking place.,Contact campus facilities or IT support to check the room’s reservation log in the building management system for any erroneous or phantom bookings at the scheduled time.,ok,
gpt-5.1__dreams__00,dreams,100 Philosophy and psychology,GPT-5.1,"You’re walking home from work along your usual route in the early evening, passing the small corner grocery where you often see the owner chatting with regulars behind the counter. Tonight, all the interior lights are on, the refrigerators are humming, soft music is playing from the ceiling speakers, and the bright neon “OPEN” sign in the window is lit just as always. However, when you reach the entrance, you find the metal security gate fully pulled down and locked from the inside, with no handwritten note or printed sign taped to the glass explaining a sudden closure. The shelves inside are neatly stocked, the cash register drawer on the front counter appears to be closed but not visibly emptied, and plastic shopping baskets are stacked where customers normally grab them. Through the side window you notice a faint glow from the back hallway, as if more lights are on out of sight, but there are no employees or customers visible anywhere in the main area, and nothing unusual is happening on the street outside—no police, ambulances, or power problems—just the strangely shut yet fully operating store.",Qwen3 235B A22B 2507,"hypothesis: The store owner likely stepped briefly into the back room or storage area and accidentally locked the security gate while intending to return momentarily, possibly distracted by an urgent task or personal matter.  
verification: Knock firmly on the door or call the store’s phone number (if available) to determine if someone inside responds, or wait a few minutes to see if an employee reappears and opens the gate.","The store owner likely stepped briefly into the back room or storage area and accidentally locked the security gate while intending to return momentarily, possibly distracted by an urgent task or personal matter.","Knock firmly on the door or call the store’s phone number (if available) to determine if someone inside responds, or wait a few minutes to see if an employee reappears and opens the gate.",ok,
gpt-5.1__logic__00,logic,100 Philosophy and psychology,GPT-5.1,"You leave your office at 6 p.m. and walk to the nearby supermarket where you shop every weekday, remembering that just yesterday the manager mentioned the store’s aging refrigerators had been “acting up” and a technician might need to come by sometime this week. When you arrive, however, the automatic sliding doors—usually open at this hour—are shut, and the lights inside are off, even though other nearby shops are open and it’s not a holiday. There’s no “out of order” or “closed for maintenance” sign posted on the door, no visible damage to the building, and no crowd or emergency vehicles around; the parking lot is almost empty except for a few employee cars you recognize from previous visits. From where you stand on the sidewalk, you can clearly see the store is closed contrary to its regular schedule, with no visible indication of any power outage or technical emergency, and the reason for this sudden, unexplained closure is not apparent from anything in the immediate surroundings.",Qwen3 235B A22B 2507,"hypothesis: The store’s refrigeration system has failed completely, prompting an unscheduled closure to prevent food spoilage, even though no external signage or announcements have been made yet.  
verification: Call the store’s main phone number or contact the manager directly to inquire about the closure and confirm whether a refrigeration failure or power issue caused the unexpected shutdown.","The store’s refrigeration system has failed completely, prompting an unscheduled closure to prevent food spoilage, even though no external signage or announcements have been made yet.",Call the store’s main phone number or contact the manager directly to inquire about the closure and confirm whether a refrigeration failure or power issue caused the unexpected shutdown.,ok,
gpt-5.1__ethics__00,ethics,100 Philosophy and psychology,GPT-5.1,"Arriving at the office early on a Tuesday, a mid-level accountant unlocks the door to the secure archive room and is stunned to find every cabinet hanging open and every paper file gone, even though this room is supposed to hold all original client tax records under strict internal control. There are no broken locks, no tampered keypads, and no signs of flooding, fire, or any emergency that might have forced an evacuation of documents, and yet the removal is obviously recent and systematic: the files seem to have been taken in an orderly fashion, with no documents left scattered or damaged. As the accountant steps back into the hallway, everything else in the building looks perfectly normal—coworkers typing away in their offices, no alarms having gone off overnight, and the security system logs that the accountant can see from their terminal simply show a series of legitimate after-hours access events tied to an internal ID code that has long been associated with trusted personnel. Rumors have been circulating for weeks that upper management might quietly consolidate records off-site to comply with a pending regulatory review, and the access code on the log belongs to someone who would plausibly be on such a discreet internal task force. Still, no one in management has mentioned any authorized transfer, there is no paper trail of an official directive or chain-of-custody form, and the pattern of access in the logs—extended, repetitive entries in the dead of night over several days—suggests something more methodical and covert than a rushed internal clean‑up, leaving the accountant to wonder who really used those valid credentials and why the archive was stripped so completely in secret.",Qwen3 235B A22B 2507,"hypothesis: An insider with authorized access credentials systematically removed the files under the cover of a plausible regulatory consolidation effort, exploiting their legitimate permissions to conduct an unauthorized data exfiltration for undisclosed purposes.  
verification: Cross-reference the security system logs with physical access records, surveillance footage, and alibis of the individual tied to the internal ID code to confirm whether they were present during the after-hours entries and whether any official documentation or managerial authorization for the file removal exists.","An insider with authorized access credentials systematically removed the files under the cover of a plausible regulatory consolidation effort, exploiting their legitimate permissions to conduct an unauthorized data exfiltration for undisclosed purposes.","Cross-reference the security system logs with physical access records, surveillance footage, and alibis of the individual tied to the internal ID code to confirm whether they were present during the after-hours entries and whether any official documentation or managerial authorization for the file removal exists.",ok,
gpt-5.1__the-environment__00,the environment,300 Social sciences,GPT-5.1,"Leaving your office building at your usual time of 6 p.m. on a weekday, you walk the familiar route toward the nearby metro station and cut through the small public park you pass every day, where you’ve often seen city crews doing things like sprinkler fixes and emergency pipe work after sudden leaks. Today, however, you find the central lawn completely encircled by temporary metal barriers, with several patches of grass that look as if they were neatly dug up and then refilled earlier in the day, the soil in those areas slightly mounded and a bit lighter in color than the surrounding ground. There are no workers, vehicles, or heavy equipment anywhere in sight, no residual puddles, no signs of mud tracked onto the nearby sidewalk, and no explanation posted on the fencing—no “City Water Department,” “Sewer Repair,” or “Emergency Maintenance” notices like the ones you’ve seen in the neighborhood before. The surrounding paths, benches, trees, and bordering buildings all look perfectly normal and undisturbed, and the air doesn’t carry any chemical or sewage smell, just the faint earthy scent you sometimes notice after routine lawn care, leaving you to wonder what prompted this sudden, unexplained closure and the carefully disturbed and replaced sections of turf.",Qwen3 235B A22B 2507,"hypothesis:  
The city performed a non-emergency, shallow utility inspection or cable installation beneath the lawn that required temporary excavation and restoration without major disruption or typical signage.  
verification:  
Contact the local public works department or municipal services hotline to inquire about recent permitted activities in the park, specifically regarding underground utility work or infrastructure surveys.","The city performed a non-emergency, shallow utility inspection or cable installation beneath the lawn that required temporary excavation and restoration without major disruption or typical signage.","Contact the local public works department or municipal services hotline to inquire about recent permitted activities in the park, specifically regarding underground utility work or infrastructure surveys.",ok,
gpt-5.1__politics__00,politics,300 Social sciences,GPT-5.1,"A city council member arrives at the municipal building for an afternoon committee hearing that was scheduled and confirmed the day before, including an email thread in which the committee chair firmly reiterated that the meeting would go forward despite rumors of internal tensions. The public notice is still posted on the bulletin board listing the time and room number, and several people are gathered in the hallway waiting to attend. However, the assigned committee room door is locked, the lights are off inside, and there are no staff members or signs indicating a room change or cancellation. One aide mentions having seen the same room used earlier that morning for a different meeting, and that everything seemed normal then. The rest of the building appears to be operating normally, with other meetings in progress and offices open, and nothing in the immediate surroundings—no visible security incident, no power outage, no large protest—clearly explains why this particular political meeting isn’t happening as planned, even though some observers speculate that the unexplained non-start might be a deliberate snub by the chair.",Qwen3 235B A22B 2507,"hypothesis: The committee chair, despite publicly affirming the meeting would proceed, deliberately canceled it at the last minute as a tacit political rebuke to the council member or to avoid addressing contentious issues, without formally notifying all participants to maintain plausible deniability.  
verification: Cross-check the chair’s and council member’s calendars, review internal communications (e.g., staff emails or messages) for last-minute coordination or cancellations, and interview staff present that morning to confirm whether instructions were given to lock the room or stand down from hosting the meeting.","The committee chair, despite publicly affirming the meeting would proceed, deliberately canceled it at the last minute as a tacit political rebuke to the council member or to avoid addressing contentious issues, without formally notifying all participants to maintain plausible deniability.","Cross-check the chair’s and council member’s calendars, review internal communications (e.g., staff emails or messages) for last-minute coordination or cancellations, and interview staff present that morning to confirm whether instructions were given to lock the room or stand down from hosting the meeting.",ok,
gpt-5.1__economics__00,economics,300 Social sciences,GPT-5.1,"A small neighborhood grocery store, usually known for its stable prices thanks to long-standing supplier relationships, suddenly has noticeably higher prices on several common items—bread, milk, and cooking oil—on a Tuesday afternoon. Regular customers, who know the shop often renegotiates its supply contracts around this time of year, notice that there are no visible signs explaining a promotion ending or a sale starting, and the shelves are fully stocked with no obvious shortage. The owner, who was seen meeting with someone in a suit in the back office a few days earlier but has said nothing publicly about it, is now busy at the registers along with the staff, not talking about the change or posting any notices. From a customer’s perspective, standing in the store and looking around, there’s no clear, observable reason—no visible supply disruption, no new brand, no change in packaging—just a quiet but unexpected increase in prices that doesn’t seem to match any obvious shift in the store’s usual supply conditions.",Qwen3 235B A22B 2507,"hypothesis: The store has recently signed a new supply contract with higher wholesale costs due to increased distributor pricing or a change in supplier, which was negotiated during the meeting with the individual in a suit, leading to sudden retail price increases without visible operational changes.  
verification: Request to see the store’s recent invoice records from the supplier or ask the owner directly whether the price increase stems from updated wholesale agreements, comparing current and previous cost data for the affected items.","The store has recently signed a new supply contract with higher wholesale costs due to increased distributor pricing or a change in supplier, which was negotiated during the meeting with the individual in a suit, leading to sudden retail price increases without visible operational changes.","Request to see the store’s recent invoice records from the supplier or ask the owner directly whether the price increase stems from updated wholesale agreements, comparing current and previous cost data for the affected items.",ok,
gpt-5.1__education__00,education,300 Social sciences,GPT-5.1,"On a regular Tuesday during the term, a high school student heads to their 9:00 a.m. chemistry class, passing brightly lit hallways and other classrooms where lessons are clearly underway, and the school website still shows the chemistry period as scheduled. When they arrive at the chemistry lab, though, they find the door locked, the room completely dark, and a plain printed note taped to the door that reads, “Class canceled for today,” with no teacher signature, no explanation, and no email or intercom announcement having gone out beforehand. Through the small window in the lab door, there’s no visible spill, damage, or maintenance activity, and no custodial staff or administrators are nearby; yet earlier that morning a few students had overheard office staff talking quietly about “needing the science wing clear for that thing today,” before the conversation stopped abruptly when someone walked in. What is the underlying origin of this situation?",Qwen3 235B A22B 2507,"hypothesis: The school is secretly hosting a scheduled safety inspection, audit, or protocol drill in the science wing that requires the area to be vacated without public announcement to maintain operational integrity.  
verification: Confirm with the school administration or facilities manager whether an official inspection, drill, or sensitive administrative activity was scheduled for that day in the science wing, particularly one requiring minimal disruption and limited disclosure.","The school is secretly hosting a scheduled safety inspection, audit, or protocol drill in the science wing that requires the area to be vacated without public announcement to maintain operational integrity.","Confirm with the school administration or facilities manager whether an official inspection, drill, or sensitive administrative activity was scheduled for that day in the science wing, particularly one requiring minimal disruption and limited disclosure.",ok,
gpt-5.1__customs-and-etiquette__00,customs and etiquette,300 Social sciences,GPT-5.1,"You walk up to your favorite little neighborhood lunch spot right as they’re supposed to open on a regular Wednesday, a day and time you’ve eaten there many times before, and notice that even though the hours posted on the door clearly show they should be open now, the interior is completely dark and the door is locked. There’s no handwritten note, no “closed” placard turned around, and the tables inside look fully set, as if the staff had prepped everything the night before and were ready for a normal service. Through the window you can see that chairs are down, cutlery is rolled in napkins, and a few laminated menus are already laid out on two-tops by the front—details that suggest the opener must have planned to be there and that nothing unusual was anticipated. The neighboring shops on the block are all open and operating normally, and you don’t see any emergency vehicles, inspectors, or obvious repair crews outside the building; still, there’s a faint, rhythmic clicking sound coming from somewhere in the ceiling above the restaurant’s entrance, and a utility truck you don’t recognize is parked a little way down the street near the building’s side alley.",Qwen3 235B A22B 2507,"hypothesis: The restaurant’s opening was disrupted by an unexpected power outage or malfunction in the building’s electrical system, possibly related to the utility truck’s work, which is preventing staff from operating normally despite their preparations.  
verification: Approach the utility workers to inquire if they are conducting electrical repairs affecting the building, and check with neighboring businesses to confirm whether the restaurant has power or received communication from its staff.","The restaurant’s opening was disrupted by an unexpected power outage or malfunction in the building’s electrical system, possibly related to the utility truck’s work, which is preventing staff from operating normally despite their preparations.","Approach the utility workers to inquire if they are conducting electrical repairs affecting the building, and check with neighboring businesses to confirm whether the restaurant has power or received communication from its staff.",ok,
gpt-5.1__language__00,language,400 Language,GPT-5.1,"On your way home from work, you stop by the neighborhood library that you visit every Wednesday around 6 p.m. It’s usually open until 8 p.m., the lights are always on, and there are people reading by the windows. Today, however, when you arrive, the main doors are locked, the interior is dark, and there’s no sign posted on the door explaining the closure. Remembering that a few months ago the building had a brief power outage that affected only the library and not the surrounding businesses, you initially suspect another electrical failure, especially since the shop windows up and down the block are lit as usual and the weather is calm. Yet there are no workers outside, no utility trucks, no police or fire department presence, and no visible damage or repairs underway—only a faint chemical-like smell lingering near the entrance and a lone “Back Soon” note hastily taped inside the glass without any further detail, suggesting that the staff may have had to clear out quickly for an internal safety concern rather than a simple loss of power.",Qwen3 235B A22B 2507,"hypothesis:  
A minor chemical spill or gas leak inside the library triggered an emergency evacuation, prompting staff to exit quickly and shut down power without posting a detailed notice.  
verification:  
Contact the library directly or check local emergency services logs for any reported hazardous material incidents at the library during the past hour.","A minor chemical spill or gas leak inside the library triggered an emergency evacuation, prompting staff to exit quickly and shut down power without posting a detailed notice.",Contact the library directly or check local emergency services logs for any reported hazardous material incidents at the library during the past hour.,ok,
gpt-5.1__foreign-languages__00,foreign languages,400 Language,GPT-5.1,"In a small German town, an American exchange student walks to their usual Tuesday evening Italian class, held in a language school above a bakery on the main square. The lights in the building are off, the school’s glass door is locked, and a printed weekly schedule taped inside clearly shows that the school should be open at this exact time. Earlier that day, a plumber’s van was seen parked briefly in front of the building after someone mentioned a minor leak had been discovered in the upper-floor restroom, but the leak was reported as already fixed by midafternoon, and no repair notices or warning signs are posted anywhere near the door. There are no signs about a holiday, no notices about cancellations, and the bakery downstairs is open and operating normally. The student checks their phone and sees no email or message about a change, but the classroom remains dark and empty, with no obvious explanation visible from the street, and later the student learns that the only person who could have handled last-minute schedule changes had gone home before anything was updated.",Qwen3 235B A22B 2507,"hypothesis: The language school mistakenly remained closed because the staff member responsible for updating the schedule after the plumbing issue prematurely assumed the evening class was canceled and left for the day without notifying anyone.  
verification: Interview the plumber, school staff, and building manager to confirm the timeline of the repair, the decision-making process, and whether communication protocols for last-minute changes were followed.",The language school mistakenly remained closed because the staff member responsible for updating the schedule after the plumbing issue prematurely assumed the evening class was canceled and left for the day without notifying anyone.,"Interview the plumber, school staff, and building manager to confirm the timeline of the repair, the decision-making process, and whether communication protocols for last-minute changes were followed.",ok,
gpt-5.1__classical-languages__00,classical languages,400 Language,GPT-5.1,"In a university’s classics department, a student arrives for what they believe is the weekly Tuesday 2:00 p.m. Homeric Greek seminar, which has met without fail all semester in Room 304 and is still listed at that time and place on the departmental schedule posted outside the office. The student remembers the instructor mentioning last week that they had a minor health scare earlier in the term but were “doing much better now,” and the professor had joked that “short of another collapse,” nothing would make them cancel this seminar. When the student reaches the third floor, however, Room 304 is locked and dark, with no explanatory note on the door, no update on the department noticeboard, and no email or online announcement about a cancellation or room change. Other classrooms along the corridor are occupied as usual for their scheduled classes, and there is no sign of a medical incident, emergency maintenance, or administrative staff responding to any problem; the only clue the student recalls is that a few weeks ago the university sent a generic mass email mentioning “ongoing adjustments to centralized timetabling,” which they skimmed and then ignored, assuming it wouldn’t affect this long-established seminar.",Qwen3 235B A22B 2507,"hypothesis: The seminar was quietly rescheduled due to the timetabling adjustments mentioned in the generic university email, moving it to a different time or room without updated notifications.  
verification: Check the university’s official online course scheduling system or student portal to confirm the current time and location of the Homeric Greek seminar, independent of the posted departmental schedule.","The seminar was quietly rescheduled due to the timetabling adjustments mentioned in the generic university email, moving it to a different time or room without updated notifications.","Check the university’s official online course scheduling system or student portal to confirm the current time and location of the Homeric Greek seminar, independent of the posted departmental schedule.",ok,
gpt-5.1__dictionaries__00,dictionaries,400 Language,GPT-5.1,"You’re deep into a translation assignment at your university library, using the same hefty bilingual dictionary you’ve relied on for years—right down to recalling the familiar feel of its worn binding and the coffee stain near the top edge of the page where today’s word appears. In the past, whenever you looked up this very common word, you remember finding an unusually rich, multi-line entry packed with example sentences and usage notes that made it stand out from most nearby entries; it was so helpful that you even recommended “this exact dictionary, this exact page” to a classmate last semester. Now, when you flip to that word again, the entry is nothing but a single, bare translation line, while the words immediately before and after it still have their usual full, detailed entries. The page shows no sign of erasure, cutting, or rebinding, and the edition information on the title page matches what you remember from earlier visits, which seems to rule out a newer abridged reprint—yet the vivid memory of all those extra examples for this specific word clashes sharply with the starkly minimal entry in front of you, leaving you trying to work out how this discrepancy arose.",Qwen3 235B A22B 2507,"hypothesis: You are experiencing a false memory due to source misattribution, in which your detailed recollection of the word’s usage was actually drawn from a different source—such as a classroom handout, online resource, or another dictionary—and has become incorrectly associated with this specific dictionary entry over time.  
verification: Cross-check the current dictionary entry with a digital version of the same edition or consult a librarian to examine archived copies of the same print run, confirming whether the entry has always been minimal in this edition.","You are experiencing a false memory due to source misattribution, in which your detailed recollection of the word’s usage was actually drawn from a different source—such as a classroom handout, online resource, or another dictionary—and has become incorrectly associated with this specific dictionary entry over time.","Cross-check the current dictionary entry with a digital version of the same edition or consult a librarian to examine archived copies of the same print run, confirming whether the entry has always been minimal in this edition.",ok,
gpt-5.1__grammar__00,grammar,400 Language,GPT-5.1,"When Lena left her office at 6 p.m., the parking lot was nearly empty, even though it was usually still half full at that hour. The sky was clear and there were no signs or announcements posted on the building doors about an event, early closure, or any technical issue in the company’s systems. Earlier that day, she had overheard a few coworkers joking about “getting out in time for tonight” but hadn’t caught the rest of the conversation, and she assumed it was just about avoiding rush-hour traffic. The surrounding streets looked normal, with no visible accidents, construction, or police activity that might explain why so many people had left early, and there were no indications of an emergency or a visible company-wide outage. From where she stood, nothing in the immediate environment—no crowds, no banners, no noise—gave away that many colleagues had arranged their schedules around something happening elsewhere, leaving the lot oddly deserted.",Qwen3 235B A22B 2507,"hypothesis: Many of Lena’s coworkers left early to attend a popular local event, such as a concert, sports game, or festival, that coincided with the evening and required early departure to avoid traffic or secure attendance.  
verification: Check local event listings or social media for nearby public events scheduled at 7 p.m. that day and ask a colleague if they attended one, confirming whether it was commonly known among staff.","Many of Lena’s coworkers left early to attend a popular local event, such as a concert, sports game, or festival, that coincided with the evening and required early departure to avoid traffic or secure attendance.","Check local event listings or social media for nearby public events scheduled at 7 p.m. that day and ask a colleague if they attended one, confirming whether it was commonly known among staff.",ok,
gpt-5.1__natural-science__00,natural science,500 Pure science,GPT-5.1,"For the past two months, you’ve been visiting a small urban park pond around 5 p.m. each weekday for a community ecology project, measuring water clarity that has consistently been good enough to see the rocks along the shoreline bottom. Today, arriving at your usual time under the same calm, sunny, storm-free conditions, you find the water suddenly opaque and brown, with visibility of only a few centimeters, even though the banks, paths, and plantings look undisturbed and there are no signs of new construction, lawn irrigation runoff, or people or dogs wading in the shallows. While scanning the pond edge, you notice a few faint sediment plumes near the bottom that look like they could have been stirred up by feeding fish earlier in the day, but you don’t see any active fish schools, surface splashing, or dead fish, and there are no obvious pipes discharging into the pond—just a couple of old, partially buried grates and a concrete outfall upstream that usually appears dry from where you stand.",Qwen3 235B A22B 2507,"hypothesis: A recent increase in bottom-feeding fish activity, such as carp foraging in the sediment earlier in the day, resuspended fine particles into the water column, causing the sudden decrease in water clarity.  
verification: Deploy a motion-activated underwater camera near the sediment plumes during early morning or midday hours to observe and record fish activity and its correlation with turbidity onset.","A recent increase in bottom-feeding fish activity, such as carp foraging in the sediment earlier in the day, resuspended fine particles into the water column, causing the sudden decrease in water clarity.",Deploy a motion-activated underwater camera near the sediment plumes during early morning or midday hours to observe and record fish activity and its correlation with turbidity onset.,ok,
gpt-5.1__mathematics__00,mathematics,500 Pure science,GPT-5.1,"A week before finals, the university math department posts in multiple places that the “Real Analysis II” final exam will be held in Room 3B of the usual mathematics building at 2:00 p.m. on Thursday, explicitly noting that all exams for that course will take place in that room regardless of any facilities issues elsewhere in the building. On Thursday you arrive ten minutes early and find Room 3B completely dark and empty: the lights are off, the chairs are stacked neatly against the wall instead of set out in rows, and there is no exam paper, proctor, or sign on the door. The hallway is unusually quiet—no students waiting around, no professor carrying exam envelopes—and the department bulletin board still displays the original exam schedule with Room 3B listed, with no indication of a building‑wide relocation or emergency. When you check your phone, you see no new email from the department or the registrar about any room change, but your classmates later mention that they never went to the room because they had already seen an update posted earlier that afternoon on the course’s online learning platform.",Qwen3 235B A22B 2507,"hypothesis:  
The exam was quietly moved to a different room with an announcement made exclusively on the course’s online learning platform, bypassing email and physical notice channels.  
verification:  
Check the course’s online learning platform (e.g., Canvas, Blackboard) for a time-stamped announcement posted earlier that day informing students of a room change.","The exam was quietly moved to a different room with an announcement made exclusively on the course’s online learning platform, bypassing email and physical notice channels.","Check the course’s online learning platform (e.g., Canvas, Blackboard) for a time-stamped announcement posted earlier that day informing students of a room change.",ok,
gpt-5.1__physics__00,physics,500 Pure science,GPT-5.1,"Stepping out of your apartment building in the evening to go for a bike ride, you immediately notice something odd: every exposed metal surface along the street—railings, bike racks, car roofs and doors—gleams with a thin, glassy coat of ice, yet the pavement, brick walls, tree trunks, and even nearby wooden fences are completely dry and bare. The sky is clear with no visible clouds, there’s no frost on rooftops or grass, and the air doesn’t feel particularly cold or damp; when you exhale, your breath doesn’t even fog up much. Under the streetlights, you can’t see any trace of mist, lingering spray, or recent precipitation. You vaguely remember that earlier in the day there were some loud hissing sounds and work crews around a building a few blocks away that were said to be servicing refrigeration or gas lines, which makes you wonder if a brief blast of very cold compressed gas might have been involved. Still, all you have to go on now is what you can observe in the moment: a narrow stretch of street where only the metal objects, and not the surrounding ground or vegetation, have ended up coated in this strangely selective ice.",Qwen3 235B A22B 2507,"hypothesis: A brief release of high-pressure, supercooled gas (such as liquid CO₂ or nitrogen vapor) from nearby refrigeration or gas line maintenance caused rapid localized cooling of metal surfaces, which have high thermal conductivity, allowing frost to form selectively on them while less conductive materials like wood, brick, and pavement remained unaffected.  
verification: Check with local utility or building maintenance crews to confirm if a sudden release of cryogenic gas occurred at the time and location, and cross-reference with air temperature and surface temperature data from nearby sensors to detect any transient cooling event.","A brief release of high-pressure, supercooled gas (such as liquid CO₂ or nitrogen vapor) from nearby refrigeration or gas line maintenance caused rapid localized cooling of metal surfaces, which have high thermal conductivity, allowing frost to form selectively on them while less conductive materials like wood, brick, and pavement remained unaffected.","Check with local utility or building maintenance crews to confirm if a sudden release of cryogenic gas occurred at the time and location, and cross-reference with air temperature and surface temperature data from nearby sensors to detect any transient cooling event.",ok,
gpt-5.1__chemistry__00,chemistry,500 Pure science,GPT-5.1,"A graduate student preparing copper complexes for catalysis makes a fresh 0.10 M copper(II) sulfate solution late one evening, carefully using freshly distilled water and scrupulously clean glassware, then caps and labels a clear, intensely blue solution before placing it in a reagent cabinet that is known for being quite cool and dry due to its position under an air vent. When the student retrieves the same bottle the following afternoon, the label, date, and concentration all check out, the cap is still tight, and there is no visible residue or spill anywhere nearby—but the solution has become noticeably paler and a fine, pale blue-green solid has formed and settled at the bottom. The cabinet itself mostly holds tightly stoppered bottles of common inorganic salts, acids, and bases, though some older bottles of amine-containing ligands and ammonium salts are also stored there, and nothing about the appearance of the bottle or the surrounding shelves makes it obvious why the solution changed so much overnight.",Qwen3 235B A22B 2507,"hypothesis: Ammonia vapor from degraded amine-containing ligands or ammonium salts in the cabinet diffused into the copper(II) sulfate solution, causing the formation of a basic copper sulfate or copper hydroxide precipitate and reducing the concentration of aqueous Cu²⁺ ions, which decreased the intensity of the blue color.

verification: Test the headspace gas in the cabinet and near the reagent bottles with ammonia-sensitive indicator paper or a portable ammonia sensor to detect the presence of NH₃, and confirm the precipitate identity via infrared spectroscopy or solubility tests in dilute acid.","Ammonia vapor from degraded amine-containing ligands or ammonium salts in the cabinet diffused into the copper(II) sulfate solution, causing the formation of a basic copper sulfate or copper hydroxide precipitate and reducing the concentration of aqueous Cu²⁺ ions, which decreased the intensity of the blue color.","Test the headspace gas in the cabinet and near the reagent bottles with ammonia-sensitive indicator paper or a portable ammonia sensor to detect the presence of NH₃, and confirm the precipitate identity via infrared spectroscopy or solubility tests in dilute acid.",ok,
gpt-5.1__biology__00,biology,500 Pure science,GPT-5.1,"While hiking out to the coastal marsh one morning, a field biologist follows her usual path past an old, disused iron hand pump that has stood near the trail for decades, its rust stains faintly streaking the soil but never having affected the nearby pond she monitors every week. Reaching the pond at her regular sampling time under familiar sunny skies, she immediately notices that something is different: water that is normally clear with a greenish tint from algae and alive with darting tadpoles, small fish, and insect larvae is now oddly cloudy and faintly reddish, with far fewer tiny organisms visible near the surface. The tide level, surrounding vegetation, and weather conditions seem entirely normal, and there are no signs of recent human disturbance, chemical containers, or dead animals along the shore. She recalls that all her previous chemical assays of the pond—taken over months—have shown stable, low levels of dissolved metals despite the nearby rusty pump, so she doubts that a sudden change in groundwater chemistry alone would fully explain the abrupt shift in water color and the simultaneous drop in visible activity. Without the benefit of laboratory analyses, she puzzles over what kind of underlying process, operating within the pond’s own food web and microscopic life, could so quickly transform both the appearance of the water and the abundance of its tiny inhabitants.",Qwen3 235B A22B 2507,"hypothesis: A bloom of iron-oxidizing bacteria, triggered by recent oxygen fluctuations in the water, has caused the cloudy reddish tint and reduced visibility of small organisms by coating particles and surfaces with iron-rich microbial mats.  
verification: Collect a water sample and observe it under a microscope to identify filamentous, rust-colored bacteria consistent with species like *Gallionella* or *Leptothrix*, which thrive in iron-rich, low-oxygen environments and produce the observed pigmentation.","A bloom of iron-oxidizing bacteria, triggered by recent oxygen fluctuations in the water, has caused the cloudy reddish tint and reduced visibility of small organisms by coating particles and surfaces with iron-rich microbial mats.","Collect a water sample and observe it under a microscope to identify filamentous, rust-colored bacteria consistent with species like Gallionella or Leptothrix, which thrive in iron-rich, low-oxygen environments and produce the observed pigmentation.",ok,
gpt-5.1__health-and-medicine__00,health and medicine,600 Technology,GPT-5.1,"After a long day at work, a 52-year-old man with well-controlled high blood pressure stops by his usual neighborhood pharmacy to pick up his monthly refill of lisinopril, a drug he’s taken for years without any side effects or changes in dose, and for which his prescription still shows multiple refills remaining. The staff recognize him, pull up his profile, and confirm that his prescription is active, not expired, and that he had the same medication filled there just last month with no problems, under the same insurance plan that is still listed as active in their system. However, when the pharmacist attempts to process the refill, the computer unexpectedly puts the prescription into a “hold” status and refuses to let it be dispensed, showing only a generic block message and indicating that the prescriber has been contacted. The pharmacist mentions that sometimes new drug-interaction alerts can force a hold if another doctor recently prescribed a new medication, but when they quickly scan his visible medication list, nothing obvious explains the problem. From the patient’s perspective at the counter—seeing the bottle of lisinopril on the shelf, a valid prescription with remaining refills on the screen, and staff who seem just as puzzled—the actual underlying cause of this sudden, unexplained hold cannot be determined simply by looking at the pharmacy records or asking a few questions on the spot.",Qwen3 235B A22B 2507,"hypothesis:  
A recent electronic prior authorization requirement was silently triggered by the insurance plan due to a non-clinical administrative policy change, such as a formulary tier reclassification or pharmacy network adjustment, which now requires additional approval before dispensing even previously approved refills.

verification:  
The pharmacist contacts the patient’s insurance provider directly via the dedicated prior authorization hotline to confirm if an unexpected administrative block has been placed on the prescription, bypassing the pharmacy software’s generic alert system.","A recent electronic prior authorization requirement was silently triggered by the insurance plan due to a non-clinical administrative policy change, such as a formulary tier reclassification or pharmacy network adjustment, which now requires additional approval before dispensing even previously approved refills.","The pharmacist contacts the patient’s insurance provider directly via the dedicated prior authorization hotline to confirm if an unexpected administrative block has been placed on the prescription, bypassing the pharmacy software’s generic alert system.",ok,
gpt-5.1__engineering__00,engineering,600 Technology,GPT-5.1,"A civil engineer arrives at a construction site for a mid-rise office building, where concrete column pours have been proceeding on a strict daily schedule. The weather is clear, the crew is present, and the formwork and rebar cages for the next set of columns are all in place as planned. However, the concrete mixer trucks that were supposed to arrive at 9:00 a.m. never show up, and the batch plant isn’t answering calls. One of the site supervisors mentions having heard a rumor that an unannounced environmental and safety audit might be happening at one of the regional plants this week, which could explain a temporary shutdown, but there are no official notices, no visible signs of any regulatory vehicles on the access roads, and nearby projects supplied by other facilities seem to be operating normally. There are no traffic accidents on the main route, no obvious equipment failure on site, and materials from the same supplier were delivered without issue the previous afternoon—yet the day’s critical concrete pour from this particular batch plant is inexplicably delayed, with the assigned trucks and dispatch office both unresponsive despite all other local construction activity appearing unaffected.",Qwen3 235B A22B 2507,"hypothesis: A localized, unannounced regulatory inspection or internal safety shutdown at the specific batch plant supplying the site has halted operations temporarily, despite no external signs or communications.  
verification: Contact the regional environmental or occupational safety agency and the concrete supplier’s executive operations office directly to confirm whether an unscheduled audit or safety incident is in progress at the affected plant.","A localized, unannounced regulatory inspection or internal safety shutdown at the specific batch plant supplying the site has halted operations temporarily, despite no external signs or communications.",Contact the regional environmental or occupational safety agency and the concrete supplier’s executive operations office directly to confirm whether an unscheduled audit or safety incident is in progress at the affected plant.,ok,
gpt-5.1__farming-and-agriculture__00,farming and agriculture,600 Technology,GPT-5.1,"After finishing the evening irrigation on his north field, a wheat farmer carefully shuts off the pump, walks the visible lines near the pump house, and double-checks that every surface valve is closed, including those feeding a buried lateral that runs under the middle of the field. Satisfied that everything is off and seeing clear, dry soil in the fading light, he goes home. Before dawn, water from a previous irrigation on an adjacent, slightly higher field continues to percolate slowly through the subsurface, moving laterally beneath the property line. At sunrise, when the farmer returns expecting the north field to have dried uniformly overnight, he is startled to find a single elongated patch near where that buried lateral lies looking as if it has just been irrigated: the soil is freshly saturated with standing water between the rows, yet the rest of the field is normally dry. The nearby pump, gauges, and valves all read closed and normal, there are no puddles or leaks around the visible pipe runs, the buried lateral has no known history of breaks, no rain has fallen, and the neighboring fields—including the one supplying his irrigation water—show no new surface wetting that morning, even though a groundwater monitoring well by the property boundary has occasionally shown delayed spikes after earlier irrigations upslope.",Qwen3 235B A22B 2507,"hypothesis:  
Water from the adjacent higher field is migrating underground through a subsurface permeable layer, intersecting and recharging the buried lateral pipe via its joints or porous sections, causing localized saturation without any surface leakage or pump activity.

verification:  
Inject a non-toxic tracer dye into the buried lateral or the upslope field’s irrigation system during a controlled irrigation event and monitor whether the dye appears in the saturated patch or the groundwater well, confirming subsurface flow connectivity.","Water from the adjacent higher field is migrating underground through a subsurface permeable layer, intersecting and recharging the buried lateral pipe via its joints or porous sections, causing localized saturation without any surface leakage or pump activity.","Inject a non-toxic tracer dye into the buried lateral or the upslope field’s irrigation system during a controlled irrigation event and monitor whether the dye appears in the saturated patch or the groundwater well, confirming subsurface flow connectivity.",ok,
gpt-5.1__management__00,management,600 Technology,GPT-5.1,"On Monday morning, a project manager at a mid-sized software company logs into the task-tracking system and discovers that a critical feature—listed as 80% complete when everyone signed off on Friday—now appears as only 20% complete and has been reassigned to a different developer. The code repository shows normal-looking weekend commits from the original developer that don’t resemble a rollback or emergency fix, and the task’s description has been quietly updated to include more detailed validation rules and edge cases that weren’t present in the original ticket but align closely with a specific industry regulation referenced in the newly attached acceptance criteria. There is no record of a production incident, no mention of architectural review meetings on the shared calendar, and no security-review tickets were opened; instead, the only oddity is a brief calendar placeholder on the product owner’s schedule labeled with the name of a major client but no meeting notes attached. All visible artifacts in the tools suggest ordinary progress and a simple reassignment, but the sudden expansion of the feature’s scope, the new regulatory language in the ticket, and the switch to a developer known for previous work on compliance-heavy projects raise the question of how this situation actually originated.",Qwen3 235B A22B 2507,"hypothesis: The product owner received confidential feedback from a major client during an informal call, prompting an unlogged but urgent requirement update to align the feature with a specific industry regulation, which justified reassigning the work to a developer with compliance expertise without triggering formal change or incident protocols.  
verification: Interview the product owner directly about the purpose of the scheduled client call and cross-check their statements with the client’s known regulatory priorities, while reviewing internal communication logs (e.g., email, chat) for any references to the regulation or scope change between Friday and Monday.","The product owner received confidential feedback from a major client during an informal call, prompting an unlogged but urgent requirement update to align the feature with a specific industry regulation, which justified reassigning the work to a developer with compliance expertise without triggering formal change or incident protocols.","Interview the product owner directly about the purpose of the scheduled client call and cross-check their statements with the client’s known regulatory priorities, while reviewing internal communication logs (e.g., email, chat) for any references to the regulation or scope change between Friday and Monday.",ok,
gpt-5.1__manufacturing__00,manufacturing,600 Technology,GPT-5.1,"All morning, a CNC lathe on a machining line in an automotive parts plant has been running a long-standing, proven program for steel shafts without incident, and the operators recall that the same enclosure door and chuck-guard interlocks passed a scheduled safety inspection just last week. After lunch, however, the production supervisor notices that this particular lathe is sitting idle with a solid red status light, even though there’s no planned maintenance, no tool breakage, no coolant spill, no jammed parts in the chuck, and the raw material bins remain full, while all neighboring lathes continue producing normally. The operator, who just resumed the shift after the break, reports that the machine stopped on its own in the middle of a cycle during a slightly revised batch of shafts that use a different length and a tweaked offset, but from the aisle nothing appears mechanically wrong; the only clue is that the machine seems to be waiting for some unseen condition to clear, with any detailed explanation, if it exists, buried inside the control’s interface rather than visible on the machine exterior.",Qwen3 235B A22B 2507,"hypothesis: The CNC lathe triggered a safety interlock or positional fault due to an out-of-tolerance condition when executing the revised part program, possibly because the new shaft length or offset caused a travel limit violation or a mismatch with guard interlock timing.  
verification: Check the CNC control’s alarm and diagnostic logs to identify any triggered interlocks, axis over-travel errors, or guarded mode faults tied to the revised program’s execution.","The CNC lathe triggered a safety interlock or positional fault due to an out-of-tolerance condition when executing the revised part program, possibly because the new shaft length or offset caused a travel limit violation or a mismatch with guard interlock timing.","Check the CNC control’s alarm and diagnostic logs to identify any triggered interlocks, axis over-travel errors, or guarded mode faults tied to the revised program’s execution.",ok,
gpt-5.1__architecture__00,architecture,700 Arts and recreation,GPT-5.1,"On a chilly, overcast Wednesday that coincides with the first day of the month—when many downtown firms rotate staff and update building systems—you walk into the small lobby of a mid-rise office building at exactly 9:00 a.m., right in the middle of the usual rush hour when all three elevators normally run nonstop between 8:30 and 9:30 a.m. Today, however, only one elevator is operating: its car arrives periodically, doors opening and closing as people squeeze in, while the other two elevator doors remain firmly shut with their indicator lights completely dark. The lobby lights are fully on, computers at the security desk are powered, and the security guard casually mentions that “they were planning some system stuff this week anyway,” but there are no posted maintenance notices, no technicians in sight, and no barricades or cones in front of the silent elevators. You don’t hear any unusual sounds from the shafts, there is no visible damage to the doors or call panels, and the building directory screens and card readers near the turnstiles all function normally. While it would be easy to assume that only a planned software rollout is being done on a pair of cars while keeping one elevator active for tenants, the absence of any warning signs, combined with the fact that both dead elevators appear to be tied together in some unseen way despite the rest of the lobby having full power, hints at a different underlying cause for why exactly two of the three elevators have been taken out of service at the same time.",Qwen3 235B A22B 2507,"hypothesis: A scheduled power-upgrade or synchronized software reset is being performed on the two non-operational elevators, initiated from a central control system during off-peak hours within a critical building cycle, which explains their simultaneous inactivity despite no visible maintenance activity.  
verification: Check the building management system (BMS) logs for recent commands or alerts indicating a coordinated maintenance mode or firmware update sent to the two inactive elevators during the early morning window.","A scheduled power-upgrade or synchronized software reset is being performed on the two non-operational elevators, initiated from a central control system during off-peak hours within a critical building cycle, which explains their simultaneous inactivity despite no visible maintenance activity.",Check the building management system (BMS) logs for recent commands or alerts indicating a coordinated maintenance mode or firmware update sent to the two inactive elevators during the early morning window.,ok,
gpt-5.1__painting__00,painting,700 Arts and recreation,GPT-5.1,"Arriving right on time for the second day of a commissioned wall mural, the freelance painter unlocks nothing—the gallery door is already ajar, the overhead track lights glow as usual, and the alarm, which the owner mentioned is often disarmed early for serious collectors and private viewings, is silent. Inside, everything about the ongoing project looks untouched: the half-finished mural, the taped outlines, the paint trays, and the ladders stand exactly where they were left the night before. The only change is across the room, where the valuable canvas by another artist, which had been leaning against the opposite wall and which the painter remembers the owner proudly describing as “a piece that high-end buyers ask to see in person,” has vanished. There’s no red dot or “SOLD” tag, no fresh wall label, no empty crate, no bubble wrap, and no note from the owner about a last-minute appointment—nothing to suggest whether it was quietly whisked away for a hush-hush showing to a private client early that morning or removed under more troubling circumstances, leaving the painter to wonder how, and through whose hands, the canvas left the locked gallery without leaving a trace.",Qwen3 235B A22B 2507,"hypothesis: The gallery owner discreetly removed the valuable canvas early in the morning for a private, off-the-books viewing with a high-profile buyer, intentionally leaving no documentation or signage to maintain exclusivity and secrecy.  
verification: Contact the gallery owner directly to confirm the canvas’s whereabouts and request details about any scheduled private viewings or transactions involving the artwork that morning.","The gallery owner discreetly removed the valuable canvas early in the morning for a private, off-the-books viewing with a high-profile buyer, intentionally leaving no documentation or signage to maintain exclusivity and secrecy.",Contact the gallery owner directly to confirm the canvas’s whereabouts and request details about any scheduled private viewings or transactions involving the artwork that morning.,ok,
gpt-5.1__photography__00,photography,700 Arts and recreation,GPT-5.1,"A street photographer returns to a popular city square in the late afternoon to re-shoot a scene they’ve captured many times before: a row of colorful market stalls beneath a distinctive neon sign that once appeared, briefly and without credit, in the background of a glossy international security conference broadcast. Today, however, the entire square is cordoned off with neutral, unmarked barriers, the neon sign is switched off, and every stall is shuttered—even though it’s a weekday and this market is normally busy at that hour. There are no visible construction crews, uniformed officers, or obvious damage, and no posted notices explaining the closure; a couple of stall owners, packing up earlier than usual, vaguely mention they were “told to clear out for something later,” but offer no specifics. From where the photographer stands with their camera, nothing in the immediate surroundings clearly reveals why the location is suddenly inaccessible or who has arranged for such a discreet, total shutdown of the square.",Qwen3 235B A22B 2507,"hypothesis: A high-security or intelligence-related rehearsal or operation is being conducted in the area, possibly linked to the square’s prior incidental appearance in a security conference broadcast, prompting a temporary, low-profile lockdown to prevent public access and media documentation.  
verification: Contact the city’s public events office or police department’s media liaison to inquire about authorized closures or security exercises in the city square during that time, cross-referencing with official schedules or press releases.","A high-security or intelligence-related rehearsal or operation is being conducted in the area, possibly linked to the square’s prior incidental appearance in a security conference broadcast, prompting a temporary, low-profile lockdown to prevent public access and media documentation.","Contact the city’s public events office or police department’s media liaison to inquire about authorized closures or security exercises in the city square during that time, cross-referencing with official schedules or press releases.",ok,
gpt-5.1__music__00,music,700 Arts and recreation,GPT-5.1,"On the night of their usual Thursday gig at a neighborhood bar they’ve played for years, a small jazz trio walks in to find the stage looking exactly as if it’s minutes from downbeat: microphones placed around the piano, cables neatly taped down, piano lid open, drum rug centered with the throne set at the drummer’s typical height, and all the amps, stands, and mixer right where they always are. Yet there is no drum kit, and the sound engineer—who earlier in the afternoon had mentioned helping out a band that was “rushing through on tour tonight”—is nowhere to be found. The bar’s owner is busy dealing with paperwork in the office and swears that, despite recently receiving a stern warning about potential noise complaints from nearby residents, no one on staff was told to change anything about the trio’s setup. None of the employees recalls anyone rolling a drum kit in or out, and there are no signs of forced entry, missing cables, or disturbed gear beyond the inexplicable absence of the drums, which had been left in their usual corner after the previous week’s show. What specific chain of events earlier that day best explains why the otherwise perfectly prepared stage is now missing only the drum kit?",Qwen3 235B A22B 2507,"hypothesis: A touring band’s sound engineer, mistaking the jazz trio’s pre-set stage for their own setup area, removed the drum kit to replace it with their own gear before realizing the error and rushing to another venue without reassembling or notifying anyone.  
verification: Contact the touring band and their sound engineer directly to confirm if they used the bar’s venue temporarily or confused it with a scheduled performance slot, and check security footage for the time window around the afternoon and early evening to observe any movement of drum equipment.","A touring band’s sound engineer, mistaking the jazz trio’s pre-set stage for their own setup area, removed the drum kit to replace it with their own gear before realizing the error and rushing to another venue without reassembling or notifying anyone.","Contact the touring band and their sound engineer directly to confirm if they used the bar’s venue temporarily or confused it with a scheduled performance slot, and check security footage for the time window around the afternoon and early evening to observe any movement of drum equipment.",ok,
gpt-5.1__sports__00,sports,700 Arts and recreation,GPT-5.1,"A local amateur soccer team arrives at their usual training field on a Wednesday evening, the same time they’ve practiced there for years, and notices that the club’s social media page had briefly mentioned “administrative checks” on facilities earlier in the week but then deleted the post without explanation. The floodlights are on as normal, the goals are in place, and the weather is clear, yet the entire pitch is surrounded by temporary metal fencing with “No Entry” signs attached. Some players recall seeing a small branded banner from a well-known sports drink company on the fence the previous weekend, but it is no longer there, and now there are only plain municipal signs and standard barriers. There are no workers, vehicles, or obvious damage to the field, and no additional notices explaining the closure. From the team’s perspective, everything about the day and location seems routine, yet the field is suddenly and inexplicably off-limits, with no clear cause visible from simply looking around.",Qwen3 235B A22B 2507,"hypothesis: The soccer field has been temporarily commandeered by the sports drink company for a private, permitted filming or promotional event, which explains the sudden fencing, removal of branding, and lack of public notice.  
verification: Contact the local municipal parks department or facilities office to inquire about recent permits issued for the field, specifically checking for commercial or event use by a private entity during that time slot.","The soccer field has been temporarily commandeered by the sports drink company for a private, permitted filming or promotional event, which explains the sudden fencing, removal of branding, and lack of public notice.","Contact the local municipal parks department or facilities office to inquire about recent permits issued for the field, specifically checking for commercial or event use by a private entity during that time slot.",ok,
gpt-5.1__classical-literature__00,classical literature,800 Literature,GPT-5.1,"While visiting a quiet university library to consult a rare early edition of *The Iliad*, you arrive exactly during the clearly posted open hours of the special collections room, only to find its heavy wooden door locked and the interior lights off, even though the main desk clerk downstairs casually mentions that “they sometimes close it briefly when they need to check on something in there” and shrugs as if it’s nothing unusual; through the small glass pane you can still see the display cases and reading tables undisturbed, with no carts, tools, or personal belongings visible, and there are no notices or handwritten signs taped to the door explaining any emergency or temporary closure, while the hallway outside remains quiet but normal, with nearby seminar rooms lit and in use and no fire alarms, medical personnel, or chemical-odor warnings in evidence, leaving you puzzled about why that particular room is suddenly locked and seemingly unattended.",Qwen3 235B A22B 2507,"hypothesis: The special collections room is temporarily locked due to a scheduled internal security or environmental system check, such as verifying climate controls or surveillance equipment, which requires brief, unscheduled access without public entry.  
verification: Ask the main desk clerk to confirm whether routine maintenance or system checks are currently being performed in the special collections room and if access will be restored shortly.","The special collections room is temporarily locked due to a scheduled internal security or environmental system check, such as verifying climate controls or surveillance equipment, which requires brief, unscheduled access without public entry.",Ask the main desk clerk to confirm whether routine maintenance or system checks are currently being performed in the special collections room and if access will be restored shortly.,ok,
gpt-5.1__poetry__00,poetry,800 Literature,GPT-5.1,"On her walk to the bus stop after work, a woman passes the small neighborhood park she’s seen every weekday for years. The old stone drinking fountain near the gate, which she remembers being shut off years ago when the city supposedly replaced its aging pressure-regulating valves, is usually dry—but today water is running steadily from its spout, pooling on the pavement and trickling into the grass, even though the weather has been clear for days and the city’s online maintenance schedule shows no recent work in this area. The park is otherwise empty, the nearby houses look normal, and there are no repair vans, city workers, fresh patches of dug-up soil, or warning signs in sight—only the unexpected, continuous flow of water from a fountain that should be disconnected, as if some hidden change underground has quietly brought it back to life.",Qwen3 235B A22B 2507,"hypothesis: A shift in groundwater pressure or a partial failure in the main water line downstream has inadvertently rerouted water flow back into the supposedly isolated fountain line.  
verification: Contact the city’s water department to inspect nearby pressure readings and valve statuses, and request a tracer dye test in the fountain’s pipe to confirm active connection to the municipal supply.",A shift in groundwater pressure or a partial failure in the main water line downstream has inadvertently rerouted water flow back into the supposedly isolated fountain line.,"Contact the city’s water department to inspect nearby pressure readings and valve statuses, and request a tracer dye test in the fountain’s pipe to confirm active connection to the municipal supply.",ok,
gpt-5.1__science-fiction__00,science fiction,800 Literature,GPT-5.1,"As you step out of your apartment in the late afternoon on New Kyoto Station, the corridor floor crunches faintly under your boots, coated in a thin layer of pale, glittering powder that looks and sounds like frost. Yet the station’s wall panel beside your door calmly reports nominal temperature, humidity, and airflow, and the official maintenance log shows no leaks, foam discharges, or fire-suppression events anywhere near your sector for the past 24 hours—odd, given that the station suffered a small fire-suppression test failure in a neighboring ring just last week due to a microfractured duct that vented particulate. The powder extends only along your hallway and stops sharply at the main junction, with no smears, handprints, boot tracks, ceiling seams, or vent staining to suggest it leaked from above or was tracked in. When you scrub back through the last hour of corridor security footage, the feed shows a perfectly empty hall with no visitors, no service drones, and no visible haze, plume, or falling debris; the only change over time is a very slight shift in the corridor’s air-circulation readings, consistent with pressure balancing between cabins. Later, chatting in a common lounge, you overhear two technicians quietly complaining about a colleague’s “off-the-books” fabrication project in a cabin not far from yours, grumbling that whatever they’re cooking up keeps tripping internal airflow micro-adjustments even though it never pings any of the standard contamination alarms. Where did the glittering powder in your hallway actually originate?",Qwen3 235B A22B 2507,"hypothesis: The glittering powder originated from an unauthorized microfabrication experiment in a nearby cabin, which released fine metallic or polymer particulates during a non-standard manufacturing cycle, exploiting gaps in the station’s alarm thresholds for novel material byproducts.  
verification: Cross-reference the timeline of air-circulation micro-disturbances with the technicians’ mention of the off-the-books project, then inspect the suspect cabin’s filtration exhaust using mass spectrometry to identify unique particulate signatures matching the hallway residue.","The glittering powder originated from an unauthorized microfabrication experiment in a nearby cabin, which released fine metallic or polymer particulates during a non-standard manufacturing cycle, exploiting gaps in the station’s alarm thresholds for novel material byproducts.","Cross-reference the timeline of air-circulation micro-disturbances with the technicians’ mention of the off-the-books project, then inspect the suspect cabin’s filtration exhaust using mass spectrometry to identify unique particulate signatures matching the hallway residue.",ok,
gpt-5.1__novels__00,novels,800 Literature,GPT-5.1,"When Elena left the office at six, the downtown shopping street was already thinning out, but the florist halfway down the block still had its “OPEN” sign lit in the window and the warm glow from inside showed two employees chatting behind the counter, with no customers in sight. She stopped by the grocery store on the corner for twenty minutes, and when she came back past the florist, every light inside was off, the metal security shutter was halfway down, and a handwritten “CLOSED – SORRY” note had been taped crookedly over the painted hours that clearly listed closing time as nine, even though the front door appeared to be only loosely latched rather than fully locked. There were no workers in sight, no obvious damage to the storefront, and the rest of the street looked normal—other shops were open, the sky was clear, traffic flowed as usual, and nothing in the immediate surroundings suggested why this one shop had suddenly and unexpectedly shut early, beyond the hurried way it had been left.",Qwen3 235B A22B 2507,"hypothesis: A sudden, private emergency involving one of the employees (such as a medical issue or urgent personal matter) prompted an abrupt and unplanned early closure without time for proper shutdown procedures.  
verification: Contacting the florist the next day to ask about the early closure may confirm whether an internal emergency occurred, as staff would likely reference it when explaining the incident.","A sudden, private emergency involving one of the employees (such as a medical issue or urgent personal matter) prompted an abrupt and unplanned early closure without time for proper shutdown procedures.","Contacting the florist the next day to ask about the early closure may confirm whether an internal emergency occurred, as staff would likely reference it when explaining the incident.",ok,
gpt-5.1__essays__00,essays,800 Literature,GPT-5.1,"When Maya arrived at the university library at 7 p.m. to work on her literature essay, she was surprised to find the entire building dark and the main doors locked even though the posted schedule on the glass entrance clearly stated the library was open until 10 p.m. on weekdays; the campus around it was operating normally, with classroom buildings lit, students walking across the quad, and no emergency vehicles, alarms, or security personnel indicating any sort of active threat, and although she vaguely remembered an email earlier in the semester about the university tightening its cybersecurity protocols and conducting quiet internal investigations after a minor data issue in one of the computer labs, there were no signs taped to the doors about a special closure, no indication of maintenance or evacuation, and nothing to suggest a visible crisis—just a fully closed library, in apparent violation of its normal hours, that left her wondering what behind-the-scenes problem had suddenly prevented staff from keeping it open that evening.",Qwen3 235B A22B 2507,"hypothesis: The library’s electronic access control and lighting system was disabled due to a precautionary isolation of networked systems during an ongoing, undisclosed cybersecurity investigation, triggered by the earlier data issue.  
verification: Contact the university’s IT department or library administration to confirm whether a network lockdown was in effect that evening as part of the cybersecurity protocol mentioned in the prior email.","The library’s electronic access control and lighting system was disabled due to a precautionary isolation of networked systems during an ongoing, undisclosed cybersecurity investigation, triggered by the earlier data issue.",Contact the university’s IT department or library administration to confirm whether a network lockdown was in effect that evening as part of the cybersecurity protocol mentioned in the prior email.,ok,
gpt-5.1__historical-documents__00,historical documents,900 History and geography,GPT-5.1,"While cataloguing a mid-19th-century town ledger in an archive, a historian notices that a sequence of pages—covering roughly three months in 1853—is missing. The bound volume seems to have come straight from the original 1850s bindery without later interference: the leather spine is uniform in color and tooling, the signatures are tightly sewn with no modern thread, and the page numbers jump cleanly from 142 to 167 with no ragged stubs, glue residue, or other evidence of anything being cut or torn away. The existing catalog record, compiled in the early 20th century, describes the book as “complete” and makes no mention of damage, rebinding, or conservation work, implying that the gap must have been present—and accepted—since the time of first binding. Yet a faint, uneven ridge beneath the spine leather and an old penciled note on the rear flyleaf (“central quire perished, discarded; rest sound”) suggest that at some point after the ledger’s creation but before modern conservation standards, someone physically removed a deteriorated central gathering and then pulled the remaining portions together so neatly that the loss became nearly invisible in normal handling.",Qwen3 235B A22B 2507,"hypothesis: A central quire of the ledger deteriorated over time due to material defects or environmental exposure, prompting an early custodian to remove it before rebinding the remaining pages, which explains the seamless absence and the absence of modern tampering signs.  
verification: Careful examination of the text block’s spine under raking light and imaging the ridge beneath the leather, combined with analysis of the ink and handwriting in the pencil note, can confirm whether the removal occurred early in the volume’s history and align with the described condition.","A central quire of the ledger deteriorated over time due to material defects or environmental exposure, prompting an early custodian to remove it before rebinding the remaining pages, which explains the seamless absence and the absence of modern tampering signs.","Careful examination of the text block’s spine under raking light and imaging the ridge beneath the leather, combined with analysis of the ink and handwriting in the pencil note, can confirm whether the removal occurred early in the volume’s history and align with the described condition.",ok,
gpt-5.1__geography-and-travel__00,geography and travel,900 History and geography,GPT-5.1,"You arrive by train for an overnight stay in a sleepy coastal town whose economy clearly depends on steady tourist traffic to a nearby island: posters at the station advertise the “reliable hourly ferry” and your hotel confirmation even reminds guests that boats run every hour until 8 p.m. After dropping your bag, you stroll to the pier around 5 p.m. and find the terminal building open, the ticket counter staffed, the interior lights on, and the digital board calmly scrolling the standard timetable with no mention of delays or cancellations. Outside, a dozen travelers with suitcases and backpacks are milling around in front of the locked boarding gate, checking their phones and watches; a few mention that the previous departure also never showed up, and that no staff member has given a clear explanation beyond saying that departures are “temporarily on hold.” The sky is blue, the sea is flat, and there’s no sign of a storm or emergency response, yet there is also no ferry in sight and no loudspeaker announcements, just an oddly normal-looking terminal presiding over a complete halt in service while everyone waits for news that never comes.",Qwen3 235B A22B 2507,"hypothesis: The ferry service is experiencing a labor strike or crew shortage, causing operational paralysis despite the terminal remaining formally open and staffed.  
verification: Contact the ferry company’s customer service line or check local news and union announcements to confirm whether there is an ongoing strike, scheduling disruption, or reported staffing issue.","The ferry service is experiencing a labor strike or crew shortage, causing operational paralysis despite the terminal remaining formally open and staffed.","Contact the ferry company’s customer service line or check local news and union announcements to confirm whether there is an ongoing strike, scheduling disruption, or reported staffing issue.",ok,
gpt-5.1__ancient-history__00,ancient history,900 History and geography,GPT-5.1,"In the humid dawn of 3rd‑century BCE Alexandria, a merchant makes his usual walk to the harbor warehouse where he has kept his imported amphorae of olive oil all season, a building long known among dockworkers as occasionally used for royal overflow storage in times of crisis; yet today, though the exterior looks unchanged, the street traffic hums along, and harbor business appears utterly routine, he finds the warehouse door suddenly braced shut with a new wooden beam and marked with a fresh clay seal impressed with an official-looking but unfamiliar emblem, with no posted guards, proclamations, or palace runners in sight, and no one in the neighboring shops seems aware of any new edict or emergency—so, given only what he can see and hear, what underlying chain of events best explains how this silent, seemingly ordinary morning has led to his warehouse being sealed in this way?",Qwen3 235B A22B 2507,"hypothesis: A royal decree has quietly requisitioned the warehouse for confidential storage, leveraging its historical role for state use during emergencies, but the lack of public announcement or visible guards suggests a covert operation to secure materials without attracting attention.  
verification: The merchant could discreetly inquire at the local customs office or port authority registry to confirm recent unpublicized orders bearing the emblem on the seal, which would link the closure to an official, non-emergency directive.","A royal decree has quietly requisitioned the warehouse for confidential storage, leveraging its historical role for state use during emergencies, but the lack of public announcement or visible guards suggests a covert operation to secure materials without attracting attention.","The merchant could discreetly inquire at the local customs office or port authority registry to confirm recent unpublicized orders bearing the emblem on the seal, which would link the closure to an official, non-emergency directive.",ok,
gpt-5.1__biographies__00,biographies,900 History and geography,GPT-5.1,"On her way home from work one drizzly Tuesday, Elena stopped by the small neighborhood library where she’d been going every week for years, partly because she liked how the place always smelled faintly of old paper and the gas station next door. The posted hours on the glass door clearly listed the library as open until 8 p.m., and it was only 6:30. Yet the building was completely dark inside, the entrance locked, and a printed “CLOSED” sign hung crookedly on the door with no explanation. A thin orange extension cord trailed from the side of the building toward the alley, and Elena noticed a faint chemical odor on the breeze, but there were no workers visible through the windows, no “Out for Inspection” or “Emergency Closure” notice, no construction or emergency vehicles nearby, and no additional sign taped anywhere that might explain why the library had suddenly shut its doors hours before closing time.",Qwen3 235B A22B 2507,"hypothesis: The library is undergoing an unannounced fumigation or pest control treatment, which requires the building to be sealed, powered down, and vacated.  
verification: Check with the library’s administration or local management office to confirm whether a scheduled or emergency fumigation was arranged, and look for a small, official fumigation notice that may be posted out of plain sight.","The library is undergoing an unannounced fumigation or pest control treatment, which requires the building to be sealed, powered down, and vacated.","Check with the library’s administration or local management office to confirm whether a scheduled or emergency fumigation was arranged, and look for a small, official fumigation notice that may be posted out of plain sight.",ok,
gpt-5.1__modern-history__00,modern history,900 History and geography,GPT-5.1,"A commuter boards their usual 7:45 a.m. train into a major city, as they do every weekday, noting in passing a brief headline on their phone about “nationwide infrastructure systems review” but no mention of specific disruptions. The train is on time, the weather is clear, and there are no announcements of any problems. Yet when they arrive at the central station—normally crowded with office workers, tourists, and street vendors—the main concourse is eerily quiet: most shops’ security shutters are down with printed “Closed pending transition to new management” notices taped up, departure boards show only a handful of trains amid a banner stating “Revised operating schedule in effect,” and the usual rush-hour crowd is missing. There are no obvious signs of damage, no visible protests or police cordons, and no emergency alerts on their phone, only a small posted notice in a corner mentioning “recently implemented zoning and leasing changes for the station precinct,” so the underlying reason for the unusual emptiness and closures must be inferred from this subtle information rather than anything like a widely announced security or systems failure.",Qwen3 235B A22B 2507,"hypothesis:  
The station precinct has undergone recently implemented zoning and leasing changes that led to the sudden closure of most commercial tenants and a scaled-back rail schedule due to a transition in management and operational restructuring, rather than any emergency or technical failure.

verification:  
Review official city planning or transit authority records for recent approvals or announcements regarding zoning redesignations and leasing contracts for the station precinct to confirm changes in management agreements and operational scope.","The station precinct has undergone recently implemented zoning and leasing changes that led to the sudden closure of most commercial tenants and a scaled-back rail schedule due to a transition in management and operational restructuring, rather than any emergency or technical failure.",Review official city planning or transit authority records for recent approvals or announcements regarding zoning redesignations and leasing contracts for the station precinct to confirm changes in management agreements and operational scope.,ok,
