id,genre,category,model,original_situation,origins,origin1,origin2,situation,situation_raw,generator_id,created_at,hydra_version
deepseek-r1__computer-programming__00,computer programming,"000 Computer science, information and general works",DeepSeek-R1,"

**Situation:** A developer runs a script locally that processes sensor data from a CSV file, which works flawlessly. However, when deployed to a cloud server, the script intermittently skips rows or produces incomplete outputs, despite identical code and input files.  

**Background:** The script uses a lightweight database to cache intermediate results. Locally, the developer uses an SSD with rapid read/write speeds, while the cloud server relies on a networked storage system with slight latency. The script’s database connection timeout setting is configured for local hardware, causing sporadic failures when cloud storage responses lag beyond the threshold. The issue isn’t apparent in logs (no explicit errors), and direct inspection of the code or infrastructure reveals no obvious misconfigurations.","

origin1: The cloud's networked storage system introduces eventual consistency, causing the script to occasionally read stale or partial intermediate data from the database before writes are fully propagated, leading to skipped rows during processing.  
origin2: The script’s database driver in the cloud environment defaults to a lower transaction isolation level than the local setup, allowing uncommitted reads that result in inconsistent intermediate data and incomplete processing of certain rows.","The cloud's networked storage system introduces eventual consistency, causing the script to occasionally read stale or partial intermediate data from the database before writes are fully propagated, leading to skipped rows during processing.","The script’s database driver in the cloud environment defaults to a lower transaction isolation level than the local setup, allowing uncommitted reads that result in inconsistent intermediate data and incomplete processing of certain rows.","A developer’s script processes sensor data from a CSV file flawlessly on their local machine, which uses an SSD for fast database caching. When deployed to a cloud server with identical code and input files, the script intermittently skips rows or outputs incomplete results. The cloud infrastructure uses a high-throughput networked storage system, but during testing, latency spikes were observed. Logs show no errors, and code reviews confirm the database connection timeout is appropriately configured for both environments. However, the cloud’s database driver settings were not audited, and the local setup’s dependency versions differ slightly from the cloud’s, though this was initially deemed irrelevant.","

**Situation:** A developer’s script processes sensor data from a CSV file flawlessly on their local machine, which uses an SSD for fast database caching. When deployed to a cloud server with identical code and input files, the script intermittently skips rows or outputs incomplete results. The cloud infrastructure uses a high-throughput networked storage system, but during testing, latency spikes were observed. Logs show no errors, and code reviews confirm the database connection timeout is appropriately configured for both environments. However, the cloud’s database driver settings were not audited, and the local setup’s dependency versions differ slightly from the cloud’s, though this was initially deemed irrelevant.",us.deepseek.r1-v1:0,2025-12-31/2026-01-02,legacy
deepseek-r1__libraries__00,libraries,"000 Computer science, information and general works",DeepSeek-R1,"

**Situation:** Patrons arriving at a small community library on a weekday morning find all self-checkout kiosks and public computers offline, despite the lights, HVAC, and staff workstations functioning normally. The issue persists for two hours, causing delays as librarians manually check out books. No visible signs of construction, weather damage, or network hardware disruptions are present.  

**Background:** The library had recently upgraded its digital infrastructure, including a cloud-based system for cataloging and checkout. Unbeknownst to patrons, the outage resulted from a failed overnight security patch that corrupted the self-service interface, requiring remote troubleshooting by the vendor’s offsite IT team.","

origin1: A misconfigured firewall rule during the recent digital infrastructure upgrade inadvertently blocked communication between the cloud-based system and the self-service terminals, requiring remote adjustment by IT to restore access.  
origin2: A latent compatibility conflict between the new cloud system and legacy peripheral drivers on the kiosks and public computers caused a cascading failure, necessitating remote driver updates by the vendor.","A misconfigured firewall rule during the recent digital infrastructure upgrade inadvertently blocked communication between the cloud-based system and the self-service terminals, requiring remote adjustment by IT to restore access.","A latent compatibility conflict between the new cloud system and legacy peripheral drivers on the kiosks and public computers caused a cascading failure, necessitating remote driver updates by the vendor.","Patrons arriving at a small community library on a weekday morning find all self-checkout kiosks and public computers offline, though lights, HVAC, and staff workstations remain functional. Librarians resort to manual checkouts for two hours, with no visible construction, weather issues, or hardware malfunctions. The library recently transitioned to a cloud-based catalog and checkout system, including upgraded network security measures. Technicians later discovered the outage began after an automated overnight system update, which staff had not been notified about. Initial diagnostics showed no immediate network connectivity errors, but deeper analysis revealed the problem was isolated to the self-service interfaces.","

**Situation:** Patrons arriving at a small community library on a weekday morning find all self-checkout kiosks and public computers offline, though lights, HVAC, and staff workstations remain functional. Librarians resort to manual checkouts for two hours, with no visible construction, weather issues, or hardware malfunctions. The library recently transitioned to a cloud-based catalog and checkout system, including upgraded network security measures. Technicians later discovered the outage began after an automated overnight system update, which staff had not been notified about. Initial diagnostics showed no immediate network connectivity errors, but deeper analysis revealed the problem was isolated to the self-service interfaces.",us.deepseek.r1-v1:0,2025-12-31/2026-01-02,legacy
deepseek-r1__artificial-intelligence__00,artificial intelligence,"000 Computer science, information and general works",DeepSeek-R1,"

**Situation:**  
A city’s AI-powered traffic light system, which typically optimizes flow based on real-time congestion data, begins cycling through all-red phases at random intersections for 30-second intervals during midday traffic. Commuters notice the pattern but see no construction crews, accidents, or emergency vehicles nearby.  

**Background:**  
The system had operated flawlessly for months, adjusting signals dynamically to reduce jams. Unbeknownst to observers, a nearby construction project had accidentally severed a buried fiber-optic line hours earlier, forcing the AI to rely on outdated backup traffic models. However, intermittent electromagnetic interference from aging underground power lines—unrelated to the construction—corrupted sensor data sporadically, triggering the failsafe all-red mode. The interplay of these two hidden infrastructure issues created the unexplained behavior.","

origin1: A recent software update introduced an unanticipated conflict in the AI’s decision-making algorithms, causing it to misinterpret sporadic sensor feedback as gridlock scenarios and activate the all-red failsafe to ""reset"" traffic flow.  
origin2: A hardware malfunction in the city’s central traffic data server degraded its processing capacity, leading to delayed analysis of real-time inputs and forcing the AI to default to all-red cycles while attempting to reconcile inconsistent data streams.","A recent software update introduced an unanticipated conflict in the AI’s decision-making algorithms, causing it to misinterpret sporadic sensor feedback as gridlock scenarios and activate the all-red failsafe to ""reset"" traffic flow.","A hardware malfunction in the city’s central traffic data server degraded its processing capacity, leading to delayed analysis of real-time inputs and forcing the AI to default to all-red cycles while attempting to reconcile inconsistent data streams.","A city’s AI-powered traffic light system, which typically optimizes flow using real-time data, begins cycling all-red phases randomly during midday traffic, despite no visible obstructions. The system had functioned flawlessly until a recent software update intended to prioritize emergency vehicle preemption. Technicians confirmed the update passed all simulated scenarios, but users speculated it caused the AI to misread empty intersections as ""phantom gridlock."" Unbeknownst to them, the city’s central traffic server had suffered capacitor degradation in its primary processing unit, slowing real-time data analysis by 40%. Concurrently, electromagnetic interference from nearby outdated subway power relays—unrelated to the update—corrupted sensor timestamps, forcing the AI to default to all-red cycles when unable to resolve discrepancies between delayed congestion metrics and erratic sensor inputs.","

**Situation:**  
A city’s AI-powered traffic light system, which typically optimizes flow using real-time data, begins cycling all-red phases randomly during midday traffic, despite no visible obstructions. The system had functioned flawlessly until a recent software update intended to prioritize emergency vehicle preemption. Technicians confirmed the update passed all simulated scenarios, but users speculated it caused the AI to misread empty intersections as ""phantom gridlock."" Unbeknownst to them, the city’s central traffic server had suffered capacitor degradation in its primary processing unit, slowing real-time data analysis by 40%. Concurrently, electromagnetic interference from nearby outdated subway power relays—unrelated to the update—corrupted sensor timestamps, forcing the AI to default to all-red cycles when unable to resolve discrepancies between delayed congestion metrics and erratic sensor inputs.",us.deepseek.r1-v1:0,2025-12-31/2026-01-02,legacy
deepseek-r1__magazines__00,magazines,"000 Computer science, information and general works",DeepSeek-R1,"

**Situation:** A subscriber receives their monthly issue of a popular gardening magazine, but the cover features an unexpected winter theme despite it being mid-summer. Inside, articles on holiday plant care and frost-resistant species dominate, while the table of contents and publication date correctly list the current month. The subscriber checks their neighbors’ copies and finds the same anomaly. No signage, inserts, or printing errors explain the discrepancy.  

**Background:** The magazine is known for seasonal content, and summer editions typically focus on topics like drought-tolerant plants or patio gardening. The subscriber has received issues reliably for years without prior mix-ups. The cause—later revealed as a server error during the digital layout process that accidentally deployed a prepped winter template—is invisible to the reader.","

origin1: A regional printing facility mistakenly used outdated winter content files while integrating the current month's correctly submitted table of contents and date, due to a mislabeled folder in their archival system.  
origin2: The magazine’s editorial team intentionally pivoted to winter-themed content last-minute for a unannounced climate-awareness campaign, but failed to update the automated table of contents generator, which pulled placeholder summer article titles.","A regional printing facility mistakenly used outdated winter content files while integrating the current month's correctly submitted table of contents and date, due to a mislabeled folder in their archival system.","The magazine’s editorial team intentionally pivoted to winter-themed content last-minute for a unannounced climate-awareness campaign, but failed to update the automated table of contents generator, which pulled placeholder summer article titles.","A subscriber receives their monthly issue of a popular gardening magazine, but the cover features an unexpected winter theme despite it being mid-summer. Inside, articles on holiday plant care and frost-resistant species dominate, while the table of contents and publication date correctly list the current month. The subscriber checks their neighbors’ copies and finds the same anomaly. No signage, inserts, or printing errors explain the discrepancy, though the magazine’s production team had recently migrated to a cloud-based file storage system to streamline collaboration with regional printers. The summer edition’s planned drought-tolerant plant feature is entirely absent, replaced by winter content that aligns with no announced editorial changes. What led to this inconsistency between the seasonal theme and the publication’s metadata?","

**Situation:** A subscriber receives their monthly issue of a popular gardening magazine, but the cover features an unexpected winter theme despite it being mid-summer. Inside, articles on holiday plant care and frost-resistant species dominate, while the table of contents and publication date correctly list the current month. The subscriber checks their neighbors’ copies and finds the same anomaly. No signage, inserts, or printing errors explain the discrepancy, though the magazine’s production team had recently migrated to a cloud-based file storage system to streamline collaboration with regional printers. The summer edition’s planned drought-tolerant plant feature is entirely absent, replaced by winter content that aligns with no announced editorial changes. What led to this inconsistency between the seasonal theme and the publication’s metadata?",us.deepseek.r1-v1:0,2025-12-31/2026-01-02,legacy
deepseek-r1__news-media__00,news media,"000 Computer science, information and general works",DeepSeek-R1,"

**Situation:** A small, suburban neighborhood park, typically bustling with families and dog walkers on weekends, is unexpectedly deserted on a sunny Saturday morning. The playground sits empty, picnic tables are unoccupied, and the usually crowded walking paths are vacant. No closure signs are posted, and there’s no visible construction, damage, or environmental hazards like fallen trees or flooding.  

**Background:** Unbeknownst to residents, the park’s irrigation system malfunctioned overnight, flooding the grass areas and creating unsafe, muddy conditions. The town’s maintenance team temporarily restricted access at dawn while repairing the issue but removed caution tape once the water receded, leaving no trace of the problem. However, residual moisture beneath the soil surface made the ground unstable, prompting officials to quietly advise regular parkgoers via a little-known community email alert—a system many residents rarely check.","

origin1: A local community group mistakenly circulated a message through a private social media channel that the park was closed for a private event, leading regular visitors to avoid the area despite no official closure notices.  
origin2: A nearby town unexpectedly hosted a popular annual festival on the same day, attracting most of the neighborhood’s residents who typically frequent the park, leaving it unusually empty.","A local community group mistakenly circulated a message through a private social media channel that the park was closed for a private event, leading regular visitors to avoid the area despite no official closure notices.","A nearby town unexpectedly hosted a popular annual festival on the same day, attracting most of the neighborhood’s residents who typically frequent the park, leaving it unusually empty.","A small, suburban neighborhood park, typically bustling with families and dog walkers on weekends, is unexpectedly deserted on a sunny Saturday morning. The playground sits empty, picnic tables are unoccupied, and the usually crowded walking paths are vacant. No closure signs are posted, and there’s no visible construction, damage, or environmental hazards like fallen trees or flooding. Earlier in the week, a local community group’s newsletter had mentioned a possible private event at the park, but the organizers later retracted the announcement without widespread notice. Unbeknownst to most residents, a nearby town unexpectedly rescheduled its popular annual festival to the same day, drawing away the majority of the park’s regular visitors who had eagerly opted to attend the larger event instead.","

**Situation:** A small, suburban neighborhood park, typically bustling with families and dog walkers on weekends, is unexpectedly deserted on a sunny Saturday morning. The playground sits empty, picnic tables are unoccupied, and the usually crowded walking paths are vacant. No closure signs are posted, and there’s no visible construction, damage, or environmental hazards like fallen trees or flooding. Earlier in the week, a local community group’s newsletter had mentioned a possible private event at the park, but the organizers later retracted the announcement without widespread notice. Unbeknownst to most residents, a nearby town unexpectedly rescheduled its popular annual festival to the same day, drawing away the majority of the park’s regular visitors who had eagerly opted to attend the larger event instead.",us.deepseek.r1-v1:0,2025-12-31/2026-01-02,legacy
deepseek-r1__philosophy__00,philosophy,100 Philosophy and psychology,DeepSeek-R1,"

**Situation:**  
While walking through a small, historic town known for its punctual clock tower chimes, you notice the bells have remained silent at noon despite clear skies and no visible maintenance work. Townsfolk glance upward, murmuring in confusion, as the clock’s hands correctly indicate the time. A nearby bakery owner mentions the mechanism was serviced just last week, ruling out routine repairs. No announcements or notices about the silence are posted, and the town council’s office—usually quick to address such quirks—appears equally perplexed when contacted.  

**Background:**  
The clock tower, a 19th-century landmark, has chimed without fail for decades, even during storms, and its reliability is a point of local pride. The anomaly sparks debates among residents, ranging from technical glitches to symbolic interpretations, yet no evidence (e.g., power outages, protests, or ceremonial events) explains the sudden quiet.","

origin1: During the recent servicing, a secondary timing gear responsible for triggering the chime sequence was accidentally misaligned, allowing the clock hands to function normally but failing to activate the bells at the designated hour.  
origin2: A dislodged clapper head from one of the bells, caused by subtle vibrations during the servicing, created a chain reaction that temporarily jammed the entire striking mechanism, though no external damage was visible.","During the recent servicing, a secondary timing gear responsible for triggering the chime sequence was accidentally misaligned, allowing the clock hands to function normally but failing to activate the bells at the designated hour.","A dislodged clapper head from one of the bells, caused by subtle vibrations during the servicing, created a chain reaction that temporarily jammed the entire striking mechanism, though no external damage was visible.","While walking through a small, historic town renowned for its punctual clock tower chimes, you notice the bells remain silent at noon despite clear skies and no visible maintenance. The clock’s hands display the correct time, and confused townsfolk speculate while glancing upward. A bakery owner recalls technicians servicing the tower’s internal gears just last week, confirming the timing mechanism was meticulously calibrated. However, the council reports no scheduled repairs or outages, and the chimes’ abrupt silence contradicts the tower’s flawless storm-resistant history. Workers insist no parts were replaced during servicing, only inspected, yet the bells now defy their centuries-old rhythm without explanation. What caused the sudden failure of the chimes despite the clock’s accuracy and recent maintenance?  ","

**Situation:**  
While walking through a small, historic town renowned for its punctual clock tower chimes, you notice the bells remain silent at noon despite clear skies and no visible maintenance. The clock’s hands display the correct time, and confused townsfolk speculate while glancing upward. A bakery owner recalls technicians servicing the tower’s internal gears just last week, confirming the timing mechanism was meticulously calibrated. However, the council reports no scheduled repairs or outages, and the chimes’ abrupt silence contradicts the tower’s flawless storm-resistant history. Workers insist no parts were replaced during servicing, only inspected, yet the bells now defy their centuries-old rhythm without explanation. What caused the sudden failure of the chimes despite the clock’s accuracy and recent maintenance?  

**Origin1 (incorrect):** The newly aligned timing gear slipped during testing, disabling the chime trigger while sparing the clock’s movement.  
**Origin2 (correct):** Vibrations from the servicing dislodged a brittle clapper head, jamming the striking mechanism internally without visible damage.  

(The misleading detail—mentioning gear calibration and inspection—supports Origin1’s gear-related fault, while the true cause, a dislodged clapper, stems from overlooked vibrations during the same maintenance.)",us.deepseek.r1-v1:0,2025-12-31/2026-01-02,legacy
deepseek-r1__psychology__00,psychology,100 Philosophy and psychology,DeepSeek-R1,"

**Scenario:** A small, neighborhood playground, typically bustling with children in the early evening, is completely empty one sunny Thursday at 5:00 PM. The swings sway slightly in the breeze, and the slides gleam in the sunlight, but no families or caregivers are present. Nearby sidewalks and streets are quiet, though there are no visible signs of construction, closures, or posted notices. The usual ice cream truck, which parks at the corner daily, is also absent.  

**Background:** The playground is centrally located, surrounded by homes and a school, and reliably busy after school hours. Weather is mild, and no local events or holidays are scheduled. A passerby might assume a sudden issue, but no hazards (e.g., broken equipment, bees) are visible. The cause—a localized power outage disabling the park’s security lighting and nearby traffic signals, prompting parents to avoid the area—is not apparent without checking community alerts or utility reports.","

origin1: A surprise community fundraiser at the school gym, announced only through a private parent messaging group, temporarily drew all families indoors to participate in silent auctions and activities.  
origin2: A regional alert for elevated pollen levels, broadcasted via a weather app earlier that afternoon, prompted caregivers to keep allergy-prone children indoors despite the clear skies and lack of visible allergens.","A surprise community fundraiser at the school gym, announced only through a private parent messaging group, temporarily drew all families indoors to participate in silent auctions and activities.","A regional alert for elevated pollen levels, broadcasted via a weather app earlier that afternoon, prompted caregivers to keep allergy-prone children indoors despite the clear skies and lack of visible allergens.","On a sunny Thursday evening, a usually bustling neighborhood playground sits empty, its swings swaying unused and slides gleaming under clear skies. Nearby sidewalks and streets are quiet, with no signs of closures, hazards, or construction. The ice cream truck that reliably parks at the corner each afternoon is also missing. Though the weather is mild and no community events are scheduled, the school parking lot across the street is unusually full, and a few adults are seen entering the gym with clipboards. A passerby might suspect a sudden event, but no flyers or public announcements explain the absence of families. The true cause—a regional alert for unexpectedly high pollen levels, discreetly issued via a weather app—led caregivers to keep allergy-prone children indoors, though no visible allergens linger in the air.","

**Scenario:** On a sunny Thursday evening, a usually bustling neighborhood playground sits empty, its swings swaying unused and slides gleaming under clear skies. Nearby sidewalks and streets are quiet, with no signs of closures, hazards, or construction. The ice cream truck that reliably parks at the corner each afternoon is also missing. Though the weather is mild and no community events are scheduled, the school parking lot across the street is unusually full, and a few adults are seen entering the gym with clipboards. A passerby might suspect a sudden event, but no flyers or public announcements explain the absence of families. The true cause—a regional alert for unexpectedly high pollen levels, discreetly issued via a weather app—led caregivers to keep allergy-prone children indoors, though no visible allergens linger in the air.",us.deepseek.r1-v1:0,2025-12-31/2026-01-02,legacy
deepseek-r1__dreams__00,dreams,100 Philosophy and psychology,DeepSeek-R1,"

**Situation:**  
You walk through a familiar downtown square where a vibrant, tiered stone fountain has flowed continuously for years. One morning, you notice it’s completely dry, its basin empty except for scattered leaves. No maintenance signs, construction barriers, or workers are visible, and the weather has been mild with no water restrictions announced. Regular visitors linger nearby, murmuring in confusion as they glance at the dormant centerpiece.  

**Background Details:**  
The fountain is a historic landmark, maintained daily by the city, and its sudden silence disrupts the usual hum of the square. Shopkeepers confirm it was functioning the previous evening, but no official notices explain the stoppage. A faint hum from underground pipes suggests activity, yet the cause remains obscured.","

origin1: A malfunction in the automated water recycling system caused the pumps to shut down overnight to prevent damage, though the underlying electrical systems remain active (explaining the hum), and city staff have yet to detect the error.  
origin2: A hidden leak in the fountain’s underground feeder pipe diverted water into a nearby storm drain, depleting the basin before the issue could be flagged by maintenance sensors or personnel.","A malfunction in the automated water recycling system caused the pumps to shut down overnight to prevent damage, though the underlying electrical systems remain active (explaining the hum), and city staff have yet to detect the error.","A hidden leak in the fountain’s underground feeder pipe diverted water into a nearby storm drain, depleting the basin before the issue could be flagged by maintenance sensors or personnel.","The historic downtown square’s tiered stone fountain, known for its automated water recycling system that conserves resources and triggers maintenance alerts via sensors, has flowed uninterrupted for years. Yet one morning, the basin sits eerily dry, its silence stark under mild skies with no construction or restrictions announced. Regulars confirm it functioned the night before, and a faint hum still emanates from underground pipes—suggesting power is active—but no workers, signs, or sensor alerts explain the stoppage. Shopkeepers speculate about system failures, noting the sensors were recently upgraded to detect pump irregularities, yet the city’s maintenance dashboard shows no flagged issues. What caused the water to vanish without a trace?  ","

**Situation:**  
The historic downtown square’s tiered stone fountain, known for its automated water recycling system that conserves resources and triggers maintenance alerts via sensors, has flowed uninterrupted for years. Yet one morning, the basin sits eerily dry, its silence stark under mild skies with no construction or restrictions announced. Regulars confirm it functioned the night before, and a faint hum still emanates from underground pipes—suggesting power is active—but no workers, signs, or sensor alerts explain the stoppage. Shopkeepers speculate about system failures, noting the sensors were recently upgraded to detect pump irregularities, yet the city’s maintenance dashboard shows no flagged issues. What caused the water to vanish without a trace?  

**Key Misleading Detail:** The mention of ""recently upgraded sensors"" tied to pump monitoring makes a sensor-undetected pump malfunction (origin1) seem plausible. However, the leak in the feeder pipe (origin2) bypasses the sensors entirely, as they are calibrated for system performance, not underground infrastructure integrity.",us.deepseek.r1-v1:0,2025-12-31/2026-01-02,legacy
deepseek-r1__logic__00,logic,100 Philosophy and psychology,DeepSeek-R1,"

**Situation:**  
A small, independently-owned bookstore known for its consistent weekday hours (10 AM to 7 PM) is unexpectedly closed at 2 PM on a Tuesday. The lights are off, the ""Open"" sign is flipped to ""Closed,"" and a handwritten note taped to the door reads, ""Back in 30 minutes."" Regular patrons, aware the owner lives alone and rarely takes unplanned breaks, find this unusual. No construction, emergencies, or visible issues (e.g., power outages, leaks) are apparent in the surrounding area.  

**Background:**  
The bookstore has operated reliably for 15 years, even staying open during minor incidents like street repairs or bad weather. The owner is known for meticulous routine and rarely delegates responsibilities.  

**Cause (not immediately observable):**  
A rare plumbing failure in the building’s basement triggered an automatic water shutoff valve, disabling the restroom and sink. The owner temporarily closed the store to meet a city inspector for an urgent compliance check, required before water service could resume. The issue was invisible from the street and unrelated to the business’s daily operations.","

origin1: The owner received an urgent, time-sensitive delivery of a rare book collection from a retiring collector, requiring immediate personal pickup at a nearby location to secure the acquisition before another buyer intervened.  
origin2: A sudden, severe allergic reaction to a new cleaning product used in the store forced the owner to briefly close shop and seek antihistamines at a nearby pharmacy, avoiding public concern by omitting health details from the note.","The owner received an urgent, time-sensitive delivery of a rare book collection from a retiring collector, requiring immediate personal pickup at a nearby location to secure the acquisition before another buyer intervened.","A sudden, severe allergic reaction to a new cleaning product used in the store forced the owner to briefly close shop and seek antihistamines at a nearby pharmacy, avoiding public concern by omitting health details from the note.","A small, independently-owned bookstore known for its consistent weekday hours (10 AM to 7 PM) is unexpectedly closed at 2 PM on a Tuesday. The lights are off, the ""Open"" sign is flipped to ""Closed,"" and a handwritten note taped to the door reads, ""Urgent matter—back soon."" Regular patrons, aware the owner lives alone and rarely takes unplanned breaks, find this unusual. Earlier that morning, the owner was seen restocking shelves with a newly arrived shipment of vintage books, and a local news article recently highlighted a retiring collector in the area liquidating their rare collection. No signs of emergencies, construction, or disruptions (e.g., power outages, leaks) are visible nearby. The store has operated reliably for 15 years, even during minor incidents like street repairs or bad weather, with the owner known for meticulous routine and rarely delegating tasks.  ","

**Situation:**  
A small, independently-owned bookstore known for its consistent weekday hours (10 AM to 7 PM) is unexpectedly closed at 2 PM on a Tuesday. The lights are off, the ""Open"" sign is flipped to ""Closed,"" and a handwritten note taped to the door reads, ""Urgent matter—back soon."" Regular patrons, aware the owner lives alone and rarely takes unplanned breaks, find this unusual. Earlier that morning, the owner was seen restocking shelves with a newly arrived shipment of vintage books, and a local news article recently highlighted a retiring collector in the area liquidating their rare collection. No signs of emergencies, construction, or disruptions (e.g., power outages, leaks) are visible nearby. The store has operated reliably for 15 years, even during minor incidents like street repairs or bad weather, with the owner known for meticulous routine and rarely delegating tasks.  

**Question:** What most likely caused the owner to close the store abruptly, given the observed details and background?  

*(Note: The misleading detail about the vintage books and retiring collector makes origin1 plausible, while the unmentioned new cleaning product ties to origin2.)*",us.deepseek.r1-v1:0,2025-12-31/2026-01-02,legacy
deepseek-r1__ethics__00,ethics,100 Philosophy and psychology,DeepSeek-R1,"

**Situation:**  
A small, community-run library known for its strict policy of never lending books without a membership card has a dozen popular novels left on a ""Free to Take"" table near the entrance. Regular patrons notice this unexpected change but find no signs, announcements, or staff available to explain it. The library’s digital catalog still lists the books as available for checkout, and there’s no visible damage to the books or the building to suggest an emergency clearance.  

**Background:**  
The library has operated for decades with a focus on preserving its collection, requiring membership and due dates even for donated materials. The sudden appearance of free books contradicts its core policies, sparking confusion among patrons. Some debate whether taking the books is ethical, given the lack of clarity about whether this is an intentional act, a staff oversight, or an unauthorized decision by a single individual.","

origin1: A volunteer inadvertently moved the novels to the free table while restocking, mistaking them for donated books earmarked for giveaway, and failed to update the catalog or notify staff due to an oversight during a busy period.  
origin2: A subset of the library’s leadership quietly authorized a temporary giveaway of excess duplicate copies to foster community goodwill, intentionally omitting announcements to avoid scrutiny until they could evaluate the initiative’s reception.","A volunteer inadvertently moved the novels to the free table while restocking, mistaking them for donated books earmarked for giveaway, and failed to update the catalog or notify staff due to an oversight during a busy period.","A subset of the library’s leadership quietly authorized a temporary giveaway of excess duplicate copies to foster community goodwill, intentionally omitting announcements to avoid scrutiny until they could evaluate the initiative’s reception.","A small, community-run library, known for its strict policy of never lending books without a membership card, recently received a large donation of materials. Despite this, a dozen popular novels from its existing collection—identical in edition and condition to those still listed as available in the digital catalog—have been placed on a ""Free to Take"" table near the entrance. Regular patrons are puzzled by this shift, as there are no signs, announcements, or staff available to clarify the change. The library’s longstanding focus on preserving its collection makes the unannounced giveaway particularly confusing, especially since the books show no damage or urgency for removal. Some speculate whether the donation process triggered an error, while others wonder if this signals a secret policy experiment by administrators.","

**Situation:**  
A small, community-run library, known for its strict policy of never lending books without a membership card, recently received a large donation of materials. Despite this, a dozen popular novels from its existing collection—identical in edition and condition to those still listed as available in the digital catalog—have been placed on a ""Free to Take"" table near the entrance. Regular patrons are puzzled by this shift, as there are no signs, announcements, or staff available to clarify the change. The library’s longstanding focus on preserving its collection makes the unannounced giveaway particularly confusing, especially since the books show no damage or urgency for removal. Some speculate whether the donation process triggered an error, while others wonder if this signals a secret policy experiment by administrators.",us.deepseek.r1-v1:0,2025-12-31/2026-01-02,legacy
deepseek-r1__the-environment__00,the environment,300 Social sciences,DeepSeek-R1,"

**Situation:**  
A small neighborhood park, typically bustling with dog walkers and joggers by 7:00 AM, is completely empty one weekday morning. The playground equipment, benches, and trash bins remain intact, but the grassy areas are cordoned off with temporary orange fencing, and a faint chemical odor lingers in the air. No signage explains the closure, and no workers or vehicles are present.  

**Background:**  
Unbeknownst to residents, the town’s environmental team had conducted an overnight soil test after detecting trace contaminants from a decades-old industrial site buried beneath the park. The fencing was a precautionary measure while awaiting lab results, but the lack of visible damage or personnel makes the sudden closure puzzling to passersby.","

origin1: The environmental team applied a temporary soil-stabilizing compound overnight to prevent contaminant dispersion during testing, leaving a residual odor and fencing as a precaution, but delayed posting signage due to an administrative oversight.  
origin2: A nocturnal wildlife control operation sprayed non-toxic repellents to deter burrowing animals disturbing the contaminated soil, with the fencing intended to protect both fauna and humans until the repellent evaporated.","The environmental team applied a temporary soil-stabilizing compound overnight to prevent contaminant dispersion during testing, leaving a residual odor and fencing as a precaution, but delayed posting signage due to an administrative oversight.","A nocturnal wildlife control operation sprayed non-toxic repellents to deter burrowing animals disturbing the contaminated soil, with the fencing intended to protect both fauna and humans until the repellent evaporated.","A small neighborhood park, typically bustling with dog walkers and joggers by 7:00 AM, is eerily empty one weekday morning. Temporary orange fencing blocks access to the grassy areas, though playground equipment and benches remain untouched. A faint chemical odor hangs in the air, but no signage, workers, or vehicles are present to explain the closure. Unbeknownst to residents, the town’s environmental team had recently flagged trace contaminants from a long-buried industrial site under the park, prompting overnight activity. However, the absence of visible soil disturbances or testing equipment has left regular visitors confused, with some recalling a similar closure years ago when a soil stabilizer was applied without warning.","

**Situation:**  
A small neighborhood park, typically bustling with dog walkers and joggers by 7:00 AM, is eerily empty one weekday morning. Temporary orange fencing blocks access to the grassy areas, though playground equipment and benches remain untouched. A faint chemical odor hangs in the air, but no signage, workers, or vehicles are present to explain the closure. Unbeknownst to residents, the town’s environmental team had recently flagged trace contaminants from a long-buried industrial site under the park, prompting overnight activity. However, the absence of visible soil disturbances or testing equipment has left regular visitors confused, with some recalling a similar closure years ago when a soil stabilizer was applied without warning.",us.deepseek.r1-v1:0,2025-12-31/2026-01-02,legacy
deepseek-r1__politics__00,politics,300 Social sciences,DeepSeek-R1,"

**Situation:** A small town's monthly city council meeting, typically attended by 8–10 local officials and 20–30 residents, proceeds as scheduled, but all five members of the zoning board unexpectedly fail to appear. The council chair offers no explanation, and the agenda item to review a controversial housing development is tabled. Observers note that the zoning board members’ social media accounts, usually active with local updates, have been silent for 48 hours.  

**Background:** The development proposal had sparked heated debates, with accusations of backroom deals between the board and the developer. While some speculate a coordinated protest or secret negotiations, there are no visible signs of conflict, illness, or public emergencies. A later public records request reveals the board had received a legal advisory about procedural irregularities in the proposal review, prompting a private emergency session with attorneys—a detail never announced during the meeting.","

origin1: The zoning board members were advised by legal counsel to avoid public engagement and recuse themselves from the meeting due to undisclosed conflicts of interest uncovered during the emergency session, fearing their presence could invalidate the development review process.  
origin2: The board members deliberately skipped the meeting to covertly rework the procedural irregularities identified in the legal advisory, coordinating privately with the developer to amend the proposal before public scrutiny could resume.","The zoning board members were advised by legal counsel to avoid public engagement and recuse themselves from the meeting due to undisclosed conflicts of interest uncovered during the emergency session, fearing their presence could invalidate the development review process.","The board members deliberately skipped the meeting to covertly rework the procedural irregularities identified in the legal advisory, coordinating privately with the developer to amend the proposal before public scrutiny could resume.","During a contentious city council meeting, all five zoning board members were conspicuously absent, halting debate on a disputed housing development. Their social media accounts, normally active, fell silent two days prior, and the council chair provided no clarity. Public records later showed the board had urgently consulted attorneys about procedural flaws in the proposal review. Given prior accusations of secret dealings between the board and developer, what most likely explains their absence?  ","

**Question:** During a contentious city council meeting, all five zoning board members were conspicuously absent, halting debate on a disputed housing development. Their social media accounts, normally active, fell silent two days prior, and the council chair provided no clarity. Public records later showed the board had urgently consulted attorneys about procedural flaws in the proposal review. Given prior accusations of secret dealings between the board and developer, what most likely explains their absence?  

*(The embedded misleading detail is the emphasis on ""prior accusations of secret dealings,"" which primes consideration of unethical motives like conflicts of interest [origin1]. However, the records point to procedural corrections, not recusal, as the true cause [origin2].)*",us.deepseek.r1-v1:0,2025-12-31/2026-01-02,legacy
deepseek-r1__economics__00,economics,300 Social sciences,DeepSeek-R1,"

**Situation:** A small, family-owned hardware store in a suburban neighborhood, known for its reliable stock of building supplies, suddenly experiences a weeks-long shortage of lumber and plywood. This occurs despite no recent local construction booms, storms, or seasonal demand spikes. Customers notice the empty shelves and delayed restock signs but find no obvious explanations like supplier trucks parked outside or store renovation notices.  

**Background:** Unbeknownst to locals, a major forestry region in a neighboring country—a key source of the store’s imported lumber—had quietly implemented strict sustainable logging quotas six months prior to combat deforestation. The policy gradually reduced supply chains, creating cascading delays that only reached smaller retailers months later. Without access to industry reports or international trade data, the cause remains opaque to casual observers.","

origin1: A regional trucking company responsible for delivering the store’s lumber shipments abruptly ceased operations due to unresolved labor disputes, creating a bottleneck in distribution that disproportionately impacted smaller clients lacking alternative logistics contracts.  
origin2: The store’s primary lumber supplier inadvertently sourced a contaminated batch of wood products, requiring a silent recall and temporary halt in sales while replacement stock was secured, a process kept confidential to avoid reputational damage.","A regional trucking company responsible for delivering the store’s lumber shipments abruptly ceased operations due to unresolved labor disputes, creating a bottleneck in distribution that disproportionately impacted smaller clients lacking alternative logistics contracts.","The store’s primary lumber supplier inadvertently sourced a contaminated batch of wood products, requiring a silent recall and temporary halt in sales while replacement stock was secured, a process kept confidential to avoid reputational damage.","A small, family-owned hardware store in a suburban neighborhood, known for its reliable stock of building supplies, suddenly experiences a weeks-long shortage of lumber and plywood. This occurs despite no recent local construction booms, storms, or seasonal demand spikes. Customers notice the empty shelves and delayed restock signs but find no supplier trucks parked outside or store renovation notices. However, whispers among staff about delayed shipments from a regional distributor have circulated, though no official statements explain the disruption.  ","

**Situation:** A small, family-owned hardware store in a suburban neighborhood, known for its reliable stock of building supplies, suddenly experiences a weeks-long shortage of lumber and plywood. This occurs despite no recent local construction booms, storms, or seasonal demand spikes. Customers notice the empty shelves and delayed restock signs but find no supplier trucks parked outside or store renovation notices. However, whispers among staff about delayed shipments from a regional distributor have circulated, though no official statements explain the disruption.  

**Question:** What is the origin of the hardware store’s lumber shortage?  

**origin1:** A regional trucking company responsible for delivering the store’s lumber shipments abruptly ceased operations due to unresolved labor disputes, creating a bottleneck in distribution that disproportionately impacted smaller clients lacking alternative logistics contracts.  
**origin2:** The store’s primary lumber supplier inadvertently sourced a contaminated batch of wood products, requiring a silent recall and temporary halt in sales while replacement stock was secured, a process kept confidential to avoid reputational damage.  

The misleading detail (""whispers about delayed shipments"") ties to origin1’s trucking disruption, while the true cause (origin2) remains obscured by the supplier’s confidential recall.",us.deepseek.r1-v1:0,2025-12-31/2026-01-02,legacy
deepseek-r1__education__00,education,300 Social sciences,DeepSeek-R1,"

**Situation**: Students arriving at a high school campus for morning classes find all classroom doors locked, despite staff being present in offices and hallways. The digital bell system continues to ring at scheduled intervals, and administrators direct students to wait in the gymnasium without explanation. No visible signs of maintenance, security alerts, or weather-related disruptions are present.  

**Background**: The school had recently upgraded its electronic door-locking system to integrate with a new scheduling app. Unbeknownst to students, a software glitch caused the system to misinterpret the day’s timetable, defaulting to a ""weekend mode"" that automatically locked classrooms. Staff resolved the issue remotely within 30 minutes, but the cause remained unclear to students observing only locked doors and vague instructions.","

origin1: A temporary malfunction in the door-locking system’s internal clock caused it to enforce nighttime security protocols during school hours, requiring staff to manually override the settings without disclosing the technical error to students.  
origin2: An undisclosed safety audit prompted administrators to simulate a partial lockdown of classrooms to evaluate response protocols, with staff instructed to avoid explicit explanations to maintain the integrity of the drill.","A temporary malfunction in the door-locking system’s internal clock caused it to enforce nighttime security protocols during school hours, requiring staff to manually override the settings without disclosing the technical error to students.","An undisclosed safety audit prompted administrators to simulate a partial lockdown of classrooms to evaluate response protocols, with staff instructed to avoid explicit explanations to maintain the integrity of the drill.","Students arriving at a high school campus for morning classes find all classroom doors locked, despite staff being present in offices and hallways. The digital bell system continues to ring at scheduled intervals, and administrators direct students to wait in the gymnasium without explanation. No visible signs of maintenance, security alerts, or weather-related disruptions are present. The school had recently upgraded its electronic door-locking system to sync with a new scheduling platform, though staff had not yet announced the completion of testing for time-based protocols. What led to the classrooms being locked during school hours?  ","

**Situation**: Students arriving at a high school campus for morning classes find all classroom doors locked, despite staff being present in offices and hallways. The digital bell system continues to ring at scheduled intervals, and administrators direct students to wait in the gymnasium without explanation. No visible signs of maintenance, security alerts, or weather-related disruptions are present. The school had recently upgraded its electronic door-locking system to sync with a new scheduling platform, though staff had not yet announced the completion of testing for time-based protocols. What led to the classrooms being locked during school hours?  

*(The mention of the scheduling platform upgrade and ""time-based protocols"" subtly hints at origin1’s internal clock malfunction, while the lack of transparency and staff coordination aligns with origin2’s undisclosed safety audit.)*",us.deepseek.r1-v1:0,2025-12-31/2026-01-02,legacy
deepseek-r1__customs-and-etiquette__00,customs and etiquette,300 Social sciences,DeepSeek-R1,"

**Scenario:**  
A traveler arrives in a small coastal town renowned for its bustling midday fish market. Despite it being a Thursday—typically the market’s busiest day—the stalls are empty, and vendors are absent. The harbor is calm, with no signs of adverse weather, construction, or posted notices explaining the closure. Locals stroll casually, but none approach the market area. Unbeknownst to the traveler, the community observes an annual, unpublicized ""Silent Morning"" tradition, where vendors halt sales to participate in a private maritime blessing ceremony at a nearby chapel. The ritual, rooted in centuries-old folklore about ensuring safe voyages, leaves no visible traces in the market itself, and outsiders rarely learn of it unless explicitly informed by residents.","

origin1: A sudden, localized algal bloom rendered the day’s catch unsafe for consumption, prompting an emergency suspension of sales that vendors discreetly agreed to enforce without public signage to avoid alarming tourists.  
origin2: Vendors collectively boycotted the market to protest new, unannounced docking fees imposed by the town council, a silent resistance strategy kept internal to avoid confrontation with authorities or scrutiny from visitors.","A sudden, localized algal bloom rendered the day’s catch unsafe for consumption, prompting an emergency suspension of sales that vendors discreetly agreed to enforce without public signage to avoid alarming tourists.","Vendors collectively boycotted the market to protest new, unannounced docking fees imposed by the town council, a silent resistance strategy kept internal to avoid confrontation with authorities or scrutiny from visitors.","A traveler arrives in a small coastal town renowned for its bustling midday fish market. Despite it being a Thursday—typically the market’s busiest day—the stalls are empty, and vendors are absent. The harbor is calm, with no signs of adverse weather, construction, or posted notices explaining the closure. Locals stroll casually but avoid the market area entirely. A faint, briny odor lingers near the docks, though the water appears only slightly murkier than usual. Unbeknownst to the traveler, vendors have coordinated a silent boycott of the market to protest newly imposed docking fees from the town council, a decision kept secret to avoid public confrontation. However, the subtle change in water clarity and odor could easily mislead outsiders into suspecting environmental issues.","

**Scenario:**  
A traveler arrives in a small coastal town renowned for its bustling midday fish market. Despite it being a Thursday—typically the market’s busiest day—the stalls are empty, and vendors are absent. The harbor is calm, with no signs of adverse weather, construction, or posted notices explaining the closure. Locals stroll casually but avoid the market area entirely. A faint, briny odor lingers near the docks, though the water appears only slightly murkier than usual. Unbeknownst to the traveler, vendors have coordinated a silent boycott of the market to protest newly imposed docking fees from the town council, a decision kept secret to avoid public confrontation. However, the subtle change in water clarity and odor could easily mislead outsiders into suspecting environmental issues.",us.deepseek.r1-v1:0,2025-12-31/2026-01-02,legacy
deepseek-r1__language__00,language,400 Language,DeepSeek-R1,"

**Situation:** A small, bilingual town in Canada, where all public signage is typically in English and French, suddenly has several storefronts along the main street displaying handwritten ""Closed"" signs exclusively in Inuktitut syllabics. The closures occur during peak business hours, and no posted explanations in English or French are visible. Regular patrons, familiar with the town’s usual bilingual norms, find the deviation puzzling.  

**Background:** Unbeknownst to most residents, a regional cultural preservation group had organized a surprise event for local Inuit artisans, requiring participating businesses to close temporarily and use Inuktitut signage as part of a heritage-awareness campaign. The initiative was planned discreetly to avoid tourist crowds, and setup crews had removed explanatory posters earlier due to a printing error, leaving only the Inuktitut notices.","

origin1: A group of Inuit-owned businesses coordinated an unannounced solidarity action to assert cultural presence, temporarily closing during peak hours with Inuktitut-only signs to spark community dialogue about Indigenous language visibility.  
origin2: A localized power outage disrupted digital translation tools and printing services, forcing businesses reliant on Inuit staff to handwrite closures in their primary literacy script while awaiting repairs.","A group of Inuit-owned businesses coordinated an unannounced solidarity action to assert cultural presence, temporarily closing during peak hours with Inuktitut-only signs to spark community dialogue about Indigenous language visibility.","A localized power outage disrupted digital translation tools and printing services, forcing businesses reliant on Inuit staff to handwrite closures in their primary literacy script while awaiting repairs.","In a small Canadian town known for its strict bilingual English-French public signage, multiple businesses along the main street have unexpectedly posted handwritten ""Closed"" signs written only in Inuktitut syllabics during peak hours. Patrons note that the closures coincide with recent community discussions about Indigenous language revitalization, and a few shops involved are Inuit-owned—details that fuel speculation about intentional activism. However, no public statements or translated explanations accompany the signs. Unseen by most, the town’s sole print shop, which normally produces bilingual materials, has its lights off, and workers nearby are overheard complaining about delayed technical repairs.","

**Situation:** In a small Canadian town known for its strict bilingual English-French public signage, multiple businesses along the main street have unexpectedly posted handwritten ""Closed"" signs written only in Inuktitut syllabics during peak hours. Patrons note that the closures coincide with recent community discussions about Indigenous language revitalization, and a few shops involved are Inuit-owned—details that fuel speculation about intentional activism. However, no public statements or translated explanations accompany the signs. Unseen by most, the town’s sole print shop, which normally produces bilingual materials, has its lights off, and workers nearby are overheard complaining about delayed technical repairs.",us.deepseek.r1-v1:0,2025-12-31/2026-01-02,legacy
deepseek-r1__foreign-languages__00,foreign languages,400 Language,DeepSeek-R1,"

**Situation:**  
A traveler in a small town in Italy, who regularly visits a local bakery known for its bilingual Italian-English menus, arrives to find all signage and labels suddenly only in Italian. The change is unexpected, as the bakery has catered to tourists for years, and there’s no visible construction, holiday closure notice, or staff turnover. The traveler notices other tourists confusedly pointing at items or using translation apps.  

**Background:**  
The bakery is in a historic district reliant on tourism, and the owner had always prioritized accessibility. Unbeknownst to patrons, a regional cultural preservation law was quietly enacted the prior week, temporarily mandating Italian-only commercial signage to promote language heritage. The policy is not yet widely publicized, and no explanatory notices are posted at the site.","

origin1: The bakery received an anonymous complaint about translation inaccuracies in the English labels, prompting a precautionary removal while awaiting verified corrections to avoid liability.  
origin2: A nearby protest by local artisans against over-tourism led the owner to temporarily revert to Italian-only signage as a subtle gesture of solidarity, without public explanation.","The bakery received an anonymous complaint about translation inaccuracies in the English labels, prompting a precautionary removal while awaiting verified corrections to avoid liability.","A nearby protest by local artisans against over-tourism led the owner to temporarily revert to Italian-only signage as a subtle gesture of solidarity, without public explanation.","A traveler visiting a historic Italian town, reliant on tourism, is puzzled when their regular bakery—known for its bilingual Italian-English menus—suddenly displays signage only in Italian. Though the bakery has catered to tourists for years, there is no visible construction, closure notice, or staff change to explain the shift. Other tourists struggle to order, resorting to translation apps. The traveler recalls a recent anonymous complaint posted online criticizing translation errors in the bakery’s English labels, but the owner had publicly dismissed it as a minor issue. Unbeknownst to patrons, a group of local artisans staged a protest nearby the prior week against the effects of over-tourism on traditional culture, prompting the owner to quietly remove English signage as a gesture of solidarity. No explanation is provided at the site.  ","

**Situation:**  
A traveler visiting a historic Italian town, reliant on tourism, is puzzled when their regular bakery—known for its bilingual Italian-English menus—suddenly displays signage only in Italian. Though the bakery has catered to tourists for years, there is no visible construction, closure notice, or staff change to explain the shift. Other tourists struggle to order, resorting to translation apps. The traveler recalls a recent anonymous complaint posted online criticizing translation errors in the bakery’s English labels, but the owner had publicly dismissed it as a minor issue. Unbeknownst to patrons, a group of local artisans staged a protest nearby the prior week against the effects of over-tourism on traditional culture, prompting the owner to quietly remove English signage as a gesture of solidarity. No explanation is provided at the site.  

**Question:** What most likely explains the sudden change to Italian-only signage at the bakery?",us.deepseek.r1-v1:0,2025-12-31/2026-01-02,legacy
deepseek-r1__classical-languages__00,classical languages,400 Language,DeepSeek-R1,"

**Situation:**  
A philologist arrives at a renowned library to study a 10th-century Latin manuscript, known for its consistent Carolingian minuscule script. Upon examination, they discover a single folio where the ink color and letter spacing subtly differ from the surrounding pages, though the content remains thematically coherent. No visible damage, annotations, or marginalia explain the discrepancy.  

**Background:**  
The manuscript was cataloged as a 12th-century copy of a classical text, stored in climate-controlled conditions since the 1950s. Prior digitization efforts noted no irregularities. The anomaly is only detectable under multispectral imaging, which reveals the folio was replaced in the 15th century using period-appropriate materials—a repair omitted from historical records. The cause (e.g., pest damage, liturgical censorship) remains unresolved without archival cross-referencing.","

origin1: The original folio was damaged by a localized pest infestation in the 15th century, prompting a discreet replacement by a monastic scribe who matched materials to avoid devaluing the manuscript, but the incident went unrecorded due to oversight during a period of administrative turmoil.  
origin2: A 15th-century scholar replaced the folio to subtly ""correct"" a passage they misinterpreted as a copyist error, intentionally mimicking the script style but inadvertently introducing period-specific ink and spacing traits, with the alteration concealed to maintain the manuscript’s perceived authenticity.","The original folio was damaged by a localized pest infestation in the 15th century, prompting a discreet replacement by a monastic scribe who matched materials to avoid devaluing the manuscript, but the incident went unrecorded due to oversight during a period of administrative turmoil.","A 15th-century scholar replaced the folio to subtly ""correct"" a passage they misinterpreted as a copyist error, intentionally mimicking the script style but inadvertently introducing period-specific ink and spacing traits, with the alteration concealed to maintain the manuscript’s perceived authenticity.","A philologist examining a 10th-century Latin manuscript at a renowned library notices a single folio with slightly divergent ink and letter spacing, undetectable to the naked eye but revealed by multispectral imaging. The manuscript, cataloged as a 12th-century copy, shows no signs of physical damage or annotations, and its climate-controlled storage since the 1950s rules out modern tampering. Historical records lack any mention of alterations, but analysis confirms the folio was replaced in the 15th century using materials authentic to that era. While potential causes like pest damage or liturgical censorship were initially considered, no archival evidence corroborates these theories. What most likely explains this discrepancy?  ","

**Question:**  
A philologist examining a 10th-century Latin manuscript at a renowned library notices a single folio with slightly divergent ink and letter spacing, undetectable to the naked eye but revealed by multispectral imaging. The manuscript, cataloged as a 12th-century copy, shows no signs of physical damage or annotations, and its climate-controlled storage since the 1950s rules out modern tampering. Historical records lack any mention of alterations, but analysis confirms the folio was replaced in the 15th century using materials authentic to that era. While potential causes like pest damage or liturgical censorship were initially considered, no archival evidence corroborates these theories. What most likely explains this discrepancy?  

**Key Misleading Detail:** The mention of pest damage as a plausible initial hypothesis (tying to origin1’s narrative) and the manuscript’s cataloging as a 12th-century copy (implying medieval scribes might handle repairs) create a red herring, while the absence of physical damage or annotations subtly undermines origin1’s pest-infestation premise.",us.deepseek.r1-v1:0,2025-12-31/2026-01-02,legacy
deepseek-r1__dictionaries__00,dictionaries,400 Language,DeepSeek-R1,"

**Situation**: A librarian notices that all copies of the latest edition of a reputable English dictionary in the reference section lack the entry for ""quasar,"" despite the term being included in prior editions and widely recognized in astrophysics. The surrounding entries (""quartz,"" ""quasi-"") are present and correctly ordered, with no torn pages or visible damage. Patrons report the same omission in the library’s digital catalog version.  

**Background**: The library received the dictionaries three weeks prior from a trusted supplier, and staff had verified the shipments against the publisher’s inventory list, which included ""quasar."" Unbeknownst to the librarian, the publisher had issued a silent recall for that specific print run due to a formatting error affecting entries starting with ""qua-"" in a small batch, but the recall notice was buried in an automated vendor email overlooked by the library’s procurement team.","

origin1: During the final proofing stage, the publisher's editorial team inadvertently excluded the ""quasar"" entry due to a software glitch in their automated alphabetical sorting tool, which failed to flag the omission before both print and digital versions were finalized.  
origin2: A localized formatting error in the dictionary’s digital master file corrupted the ""quasar"" entry during the publisher’s file conversion process, causing it to drop from both the printed and digital editions without affecting adjacent entries.","During the final proofing stage, the publisher's editorial team inadvertently excluded the ""quasar"" entry due to a software glitch in their automated alphabetical sorting tool, which failed to flag the omission before both print and digital versions were finalized.","A localized formatting error in the dictionary’s digital master file corrupted the ""quasar"" entry during the publisher’s file conversion process, causing it to drop from both the printed and digital editions without affecting adjacent entries.","A librarian discovers that the newest edition of a renowned English dictionary, verified upon delivery against the publisher’s inventory list (which explicitly included ""quasar""), lacks the entry for the term ""quasar"" in both physical and digital formats. Adjacent entries like ""quartz"" and ""quasi-"" appear undamaged and in correct alphabetical order, with no signs of tampering. The omission persists across all copies from the same shipment, and the library’s trusted supplier confirms no post-delivery alterations. Why is the ""quasar"" entry missing despite these assurances?  ","

**Question**: A librarian discovers that the newest edition of a renowned English dictionary, verified upon delivery against the publisher’s inventory list (which explicitly included ""quasar""), lacks the entry for the term ""quasar"" in both physical and digital formats. Adjacent entries like ""quartz"" and ""quasi-"" appear undamaged and in correct alphabetical order, with no signs of tampering. The omission persists across all copies from the same shipment, and the library’s trusted supplier confirms no post-delivery alterations. Why is the ""quasar"" entry missing despite these assurances?  

**Misleading Detail**: The mention of the inventory list confirming ""quasar"" and the supplier’s reliability suggests the error occurred post-shipment, hinting at a proofing-stage oversight (origin1). However, the actual cause lies in the corrupted master file (origin2), masked by the intact surrounding entries and the overlooked recall notice.",us.deepseek.r1-v1:0,2025-12-31/2026-01-02,legacy
deepseek-r1__grammar__00,grammar,400 Language,DeepSeek-R1,"

**Situation:** A small town’s historic clock tower, known for chiming every hour without fail since its restoration a decade ago, remains silent at noon on a weekday. The clock face shows the correct time, and there’s no visible damage to the structure or nearby scaffolding. No maintenance crews or announcements about repairs are present, and the surrounding square bustles normally with lunchtime crowds.  

**Background:** The clock tower is a cultural landmark, maintained meticulously by the local council. Its chimes are so reliable that residents often synchronize their watches to them. Earlier that morning, it had chimed at 9 AM and 10 AM as usual. By 12 PM, however, only the mechanical ticking of the clock’s hands is audible.  

**Cause (not immediately observable):** A software glitch in the newly installed automated chiming system—intended to reduce wear on the mechanical bells—had triggered a silent diagnostic mode, pausing the auditory chimes while continuing to track time visually. The issue was resolved remotely by the system’s manufacturer later that afternoon.","

origin1: A temporary power surge at midday tripped a safety cutoff switch in the chime mechanism’s electrical system, disabling the bells’ activation while leaving the clock’s analog timekeeping unaffected.  
origin2: A scheduled but unpublicized acoustic test of the square’s ambient noise levels, coordinated with the council, prompted a manual override of the chimes to avoid skewing data, with the override accidentally left active past noon.","A temporary power surge at midday tripped a safety cutoff switch in the chime mechanism’s electrical system, disabling the bells’ activation while leaving the clock’s analog timekeeping unaffected.","A scheduled but unpublicized acoustic test of the square’s ambient noise levels, coordinated with the council, prompted a manual override of the chimes to avoid skewing data, with the override accidentally left active past noon.","A small town’s historic clock tower, renowned for its flawless hourly chimes since its restoration a decade ago, unexpectedly falls silent at noon on a weekday. The clock face displays the correct time, and there is no visible damage to the structure, scaffolding, or electrical panels. No maintenance crews or repair notices are present, and the bustling lunchtime crowd in the square proceeds undisturbed. Earlier that morning, the tower chimed reliably at 9 AM and 10 AM. By midday, however, only the faint mechanical ticking of the clock’s hands can be heard. Notably, the town had recently installed surge protectors to safeguard the tower’s upgraded electrical systems after minor power fluctuations were reported in the area—a detail widely discussed in the local newsletter. Despite these precautions, the silence aligns with a covert council initiative to assess urban noise pollution, requiring temporary suspension of the chimes during data collection.","

**Situation:** A small town’s historic clock tower, renowned for its flawless hourly chimes since its restoration a decade ago, unexpectedly falls silent at noon on a weekday. The clock face displays the correct time, and there is no visible damage to the structure, scaffolding, or electrical panels. No maintenance crews or repair notices are present, and the bustling lunchtime crowd in the square proceeds undisturbed. Earlier that morning, the tower chimed reliably at 9 AM and 10 AM. By midday, however, only the faint mechanical ticking of the clock’s hands can be heard. Notably, the town had recently installed surge protectors to safeguard the tower’s upgraded electrical systems after minor power fluctuations were reported in the area—a detail widely discussed in the local newsletter. Despite these precautions, the silence aligns with a covert council initiative to assess urban noise pollution, requiring temporary suspension of the chimes during data collection.",us.deepseek.r1-v1:0,2025-12-31/2026-01-02,legacy
deepseek-r1__natural-science__00,natural science,500 Pure science,DeepSeek-R1,"

**Situation:** A community garden's tomato plants, thriving for weeks with healthy green foliage and developing fruit, suddenly exhibit widespread wilting and yellowing leaves overnight, despite regular watering and no visible pests. Nearby plants of other species remain unaffected.  

**Background Details:** The garden is in a temperate urban area, tended by experienced gardeners who follow organic practices. The weather has been consistent—moderate temperatures, adequate rainfall, and no recent frost warnings. Initial checks show soil moisture is normal, and no chemical treatments were applied recently.  

**Underlying Cause (Not Immediately Observable):** A shallow, naturally occurring methane seepage from decomposing organic matter in an old landfill beneath the garden has displaced oxygen in the soil root zone. This hypoxia stresses the tomato plants, which are particularly sensitive to soil gas composition, while hardier neighboring plants (e.g., beans, herbs) show no symptoms. The methane itself is odorless in this case due to unique microbial activity, leaving no obvious trace without gas detection equipment.","

origin1: A soil-borne fungal pathogen, such as Fusarium oxysporum, was introduced via contaminated compost, selectively infecting the tomato plants' vascular systems and causing rapid wilting and chlorosis due to disrupted water transport, while other plant species remain resistant.  
origin2: Subsurface contamination of irrigation water with a low concentration of herbicides, likely from nearby agricultural runoff, selectively affecting tomato plants' root systems due to their higher sensitivity to the specific chemical compound, leaving hardier adjacent plants unharmed.","A soil-borne fungal pathogen, such as Fusarium oxysporum, was introduced via contaminated compost, selectively infecting the tomato plants' vascular systems and causing rapid wilting and chlorosis due to disrupted water transport, while other plant species remain resistant.","Subsurface contamination of irrigation water with a low concentration of herbicides, likely from nearby agricultural runoff, selectively affecting tomato plants' root systems due to their higher sensitivity to the specific chemical compound, leaving hardier adjacent plants unharmed.","A community garden's tomato plants, thriving for weeks with healthy green foliage and developing fruit, suddenly exhibit widespread wilting and yellowing leaves overnight, despite regular watering and no visible pests. Nearby plants, including beans and herbs, remain unaffected. The garden, located in a temperate urban area near farmland, is maintained by experienced gardeners using organic practices. They recently applied compost from a local supplier to enrich the soil. Weather has been stable, with moderate temperatures and adequate rainfall, and soil tests confirm normal moisture levels. No chemical treatments were used, but the gardeners note that irrigation water is drawn from a shallow well on-site. What caused the sudden decline in the tomato plants?  ","

**Situation:** A community garden's tomato plants, thriving for weeks with healthy green foliage and developing fruit, suddenly exhibit widespread wilting and yellowing leaves overnight, despite regular watering and no visible pests. Nearby plants, including beans and herbs, remain unaffected. The garden, located in a temperate urban area near farmland, is maintained by experienced gardeners using organic practices. They recently applied compost from a local supplier to enrich the soil. Weather has been stable, with moderate temperatures and adequate rainfall, and soil tests confirm normal moisture levels. No chemical treatments were used, but the gardeners note that irrigation water is drawn from a shallow well on-site. What caused the sudden decline in the tomato plants?  

**Misleading Detail:** The recent addition of compost (a plausible vector for fungal pathogens like *Fusarium oxysporum*, which targets tomatoes) creates suspicion of biological contamination. However, the true cause is unrelated to the compost.",us.deepseek.r1-v1:0,2025-12-31/2026-01-02,legacy
deepseek-r1__mathematics__00,mathematics,500 Pure science,DeepSeek-R1,"

**Situation:** A high school math teacher posts the answer key for a calculus problem set online, but several students notice that their correct solutions yield results slightly different from the provided answers. The students double-check their work, verify their arithmetic, and confirm their steps align with the taught methods.  

**Background:** The problem set involves calculating volumes using integration, and the discrepancies are small (e.g., 15.7 vs. 16.2). The teacher initially assumes student error but later discovers the issue: the answer key was generated using an outdated version of the textbook, which had a typo in one of the problem’s boundary conditions (e.g., a radius of 2.5 instead of 2.0 in a rotational solid). The error was corrected in the current edition, but the teacher’s answer key relied on the older version. The mismatch was not immediately obvious, as the problem’s setup and diagrams appeared identical at a glance.","

origin1: The answer key computed the volume using an incorrect axis of rotation (e.g., y=3 instead of y=0) due to a mislabeled diagram in the outdated textbook, while the current edition clarified the axis, leading students to set up the integral correctly with the proper bounds.  
origin2: The answer key integrated the wrong function due to a misprinted equation in the outdated textbook’s problem statement (e.g., \( y = x^2 \) instead of \( y = 2x^2 \)), which was corrected in the current edition, resulting in divergent but valid solutions.","The answer key computed the volume using an incorrect axis of rotation (e.g., y=3 instead of y=0) due to a mislabeled diagram in the outdated textbook, while the current edition clarified the axis, leading students to set up the integral correctly with the proper bounds.","The answer key integrated the wrong function due to a misprinted equation in the outdated textbook’s problem statement (e.g., \( y = x^2 \) instead of \( y = 2x^2 \)), which was corrected in the current edition, resulting in divergent but valid solutions.","A high school math teacher posts the answer key for a calculus problem set online, but several students notice that their correct solutions yield results slightly different from the provided answers. The students double-check their work, verify their arithmetic, and confirm their steps—including using the axis of rotation explicitly labeled in the textbook’s diagrams (e.g., y=0). The problem set involves calculating volumes of solids formed by rotating functions around specified axes, with discrepancies like 15.7 vs. 16.2. The teacher initially suspects an axis misinterpretation (e.g., y=3 instead of y=0) but later discovers the answer key relied on an outdated textbook that misprinted a critical equation in one problem (e.g., \( y = x^2 \) instead of \( y = 2x^2 \)), corrected in the current edition. Though the diagrams in both editions identically depict the axis, the outdated equation led to divergent integrals, unnoticed until the teacher cross-referenced editions.","

**Situation:** A high school math teacher posts the answer key for a calculus problem set online, but several students notice that their correct solutions yield results slightly different from the provided answers. The students double-check their work, verify their arithmetic, and confirm their steps—including using the axis of rotation explicitly labeled in the textbook’s diagrams (e.g., y=0). The problem set involves calculating volumes of solids formed by rotating functions around specified axes, with discrepancies like 15.7 vs. 16.2. The teacher initially suspects an axis misinterpretation (e.g., y=3 instead of y=0) but later discovers the answer key relied on an outdated textbook that misprinted a critical equation in one problem (e.g., \( y = x^2 \) instead of \( y = 2x^2 \)), corrected in the current edition. Though the diagrams in both editions identically depict the axis, the outdated equation led to divergent integrals, unnoticed until the teacher cross-referenced editions.",us.deepseek.r1-v1:0,2025-12-31/2026-01-02,legacy
deepseek-r1__physics__00,physics,500 Pure science,DeepSeek-R1,"

**Situation:**  
You step outside on a cool, clear morning and notice your car’s windshield is covered in a thin layer of frost, even though the weather app indicated the overnight temperature only dropped to 2°C (36°F)—well above the typical freezing point. Stranger still, nearby parked cars and vegetation show no frost.  

**Background Details:**  
The night was windless, with no clouds or precipitation. Your car was parked in an open driveway, while neighboring vehicles were under a tree or near a building. The frost is patchy, concentrated on the windshield and roof.  

**Underlying Cause (Not Immediately Observable):**  
Your car’s exterior radiated heat into the cloudless night sky more efficiently than objects sheltered by trees or structures. This radiative cooling dropped the car’s surface temperature below the ambient air temperature, reaching 0°C locally. Moisture in the air condensed and froze directly onto the colder metal/glass surfaces (deposition), while nearby objects, slightly insulated, stayed above freezing.","

origin1: The car’s windshield and roof, made of materials with higher thermal emissivity (e.g., glass and bare metal), lost heat more rapidly to the open sky than nearby objects, cooling their surfaces below the dew point and freezing residual moisture from daytime humidity.  
origin2: Residual water from a recent car wash or condensation event lingered on the windshield and roof, creating localized micro-puddles that froze as the car’s surfaces cooled slightly below ambient air temperature due to radiative heat loss, while sheltered surfaces dried faster.","The car’s windshield and roof, made of materials with higher thermal emissivity (e.g., glass and bare metal), lost heat more rapidly to the open sky than nearby objects, cooling their surfaces below the dew point and freezing residual moisture from daytime humidity.","Residual water from a recent car wash or condensation event lingered on the windshield and roof, creating localized micro-puddles that froze as the car’s surfaces cooled slightly below ambient air temperature due to radiative heat loss, while sheltered surfaces dried faster.","You step outside on a cool, clear morning to find your car’s windshield and roof thinly coated in frost, despite the weather app showing the overnight low was 2°C. Nearby cars under trees and vegetation remain frost-free. The night was windless and cloudless, and your car, parked in an open driveway, has a windshield and roof made of glass and bare metal, materials known for high thermal emissivity. However, you recall a brief evening drizzle hours earlier that left faint moisture on your car, while sheltered vehicles stayed dry. The frost appears uneven, concentrated only on the exposed glass and metal surfaces.  ","

**Situation:**  
You step outside on a cool, clear morning to find your car’s windshield and roof thinly coated in frost, despite the weather app showing the overnight low was 2°C. Nearby cars under trees and vegetation remain frost-free. The night was windless and cloudless, and your car, parked in an open driveway, has a windshield and roof made of glass and bare metal, materials known for high thermal emissivity. However, you recall a brief evening drizzle hours earlier that left faint moisture on your car, while sheltered vehicles stayed dry. The frost appears uneven, concentrated only on the exposed glass and metal surfaces.  

**Question:**  
Why did frost form exclusively on your car’s windshield and roof under these conditions?",us.deepseek.r1-v1:0,2025-12-31/2026-01-02,legacy
deepseek-r1__chemistry__00,chemistry,500 Pure science,DeepSeek-R1,"

**Situation:** A chemistry student prepares a solution of sodium carbonate (Na₂CO₃) in distilled water for a titration experiment, following a standard protocol. Despite precise measurements and proper technique, the solution remains unexpectedly cloudy instead of clear, even after thorough stirring. The student checks the lab’s chemical inventory and confirms the sodium carbonate bottle is correctly labeled and within its expiration date. No visible contaminants are present in the glassware, which was cleaned and rinsed per lab guidelines.  

**Background:** The lab’s distilled water supply, stored in an open container, had been inadvertently left near a window for several days. Unbeknownst to the student, atmospheric carbon dioxide dissolved in the water over time, forming trace amounts of carbonic acid (H₂CO₃). This slightly acidic water reacted with the sodium carbonate to produce sodium bicarbonate (NaHCO₃), which has lower solubility, leading to the cloudy suspension. The cause is only identifiable after testing the water’s pH or analyzing the precipitate, neither of which are obvious from initial observation.","

origin1: The sodium carbonate reagent, though correctly labeled and unexpired, was improperly stored in a humid environment prior to being added to the lab inventory, causing partial absorption of atmospheric CO₂ and conversion to sodium bicarbonate, which precipitated upon dissolution.  
origin2: The lab’s distilled water supply, stored in an open container, had trace calcium ions leached from the container material, reacting with sodium carbonate to form insoluble calcium carbonate particles despite the glassware being properly cleaned.","The sodium carbonate reagent, though correctly labeled and unexpired, was improperly stored in a humid environment prior to being added to the lab inventory, causing partial absorption of atmospheric CO₂ and conversion to sodium bicarbonate, which precipitated upon dissolution.","The lab’s distilled water supply, stored in an open container, had trace calcium ions leached from the container material, reacting with sodium carbonate to form insoluble calcium carbonate particles despite the glassware being properly cleaned.","A chemistry student prepares a solution of sodium carbonate (Na₂CO₃) in distilled water for a titration experiment, following a standard protocol. Despite precise measurements and proper technique, the solution remains unexpectedly cloudy instead of clear, even after thorough stirring. The student checks the lab’s chemical inventory and confirms the sodium carbonate bottle is correctly labeled, unexpired, and stored in a dry environment upon arrival. No visible contaminants are present in the glassware, which was cleaned and rinsed per lab guidelines. However, the lab’s distilled water supply, stored in an open plastic container, had been left near a window for several days. Though the container was labeled ""distilled,"" the student did not consider potential interactions between the water and its storage vessel.  ","

**Situation:** A chemistry student prepares a solution of sodium carbonate (Na₂CO₃) in distilled water for a titration experiment, following a standard protocol. Despite precise measurements and proper technique, the solution remains unexpectedly cloudy instead of clear, even after thorough stirring. The student checks the lab’s chemical inventory and confirms the sodium carbonate bottle is correctly labeled, unexpired, and stored in a dry environment upon arrival. No visible contaminants are present in the glassware, which was cleaned and rinsed per lab guidelines. However, the lab’s distilled water supply, stored in an open plastic container, had been left near a window for several days. Though the container was labeled ""distilled,"" the student did not consider potential interactions between the water and its storage vessel.  

**Question:** What caused the sodium carbonate solution to become cloudy despite proper technique and verified reagent integrity?  

*(Note: The key misleading detail is the emphasis on the sodium carbonate being stored correctly* after *arrival in the lab, which distracts from the possibility of prior mishandling (origin1). The open plastic container for the water subtly hints at leaching (origin2) but is easily overlooked, as the focus remains on the reagent’s validity.)*",us.deepseek.r1-v1:0,2025-12-31/2026-01-02,legacy
deepseek-r1__biology__00,biology,500 Pure science,DeepSeek-R1,"

**Situation:** A community garden's tomato plants, which were thriving with robust foliage and green fruits a week prior, suddenly exhibit widespread wilting and yellowing leaves despite consistent watering and sunny weather. Nearby zucchini and bean plants remain unaffected. Gardeners check for common pests like aphids or caterpillars but find none, and there’s no visible damage to stems or roots.  

**Background:** The garden uses shared compost and rotates crops annually to maintain soil health. Recent weather has been typical for the season, with no extreme temperatures or storms. The wilting is isolated to tomatoes, puzzling experienced gardeners who initially suspect blight but note no telltale dark lesions.  

**Hidden Cause:** Testing later reveals *fusarium wilt*, a soilborne fungal pathogen specific to tomatoes, introduced via contaminated compost. The fungus obstructs the plants’ vascular systems, preventing water uptake—a disruption invisible without microscopic or lab analysis.","

origin1: A soil-dwelling nematode species undetected by visual inspection has infested the tomato roots, impairing water absorption; these nematodes selectively target tomatoes while avoiding other crops due to specific root exudates.  
origin2: A recent inadvertent application of a pre-emergent herbicide to the tomato beds—mislabeled as fertilizer—created localized soil toxicity, disrupting tomato vascular function without impacting nearby plants with differing nutrient uptake pathways.","A soil-dwelling nematode species undetected by visual inspection has infested the tomato roots, impairing water absorption; these nematodes selectively target tomatoes while avoiding other crops due to specific root exudates.","A recent inadvertent application of a pre-emergent herbicide to the tomato beds—mislabeled as fertilizer—created localized soil toxicity, disrupting tomato vascular function without impacting nearby plants with differing nutrient uptake pathways.","A community garden's tomato plants, previously thriving with vigorous growth and green fruits, rapidly developed widespread wilting and yellowing leaves despite consistent watering and ideal weather. Nearby zucchini and bean plants showed no symptoms. Careful inspection revealed no aphids, caterpillars, or physical damage to stems or roots. The garden employs shared compost—recently enriched with a nutrient-rich organic batch—and adheres to strict crop rotation. Weather patterns were unremarkable, with no storms or temperature extremes. Initially, gardeners suspected blight but found no dark lesions. Unnoticed by the group, a volunteer had applied a granular product labeled as ""tomato-specific fertilizer"" to the affected beds days before symptoms arose, assuming it would boost yields.  ","

**Situation:** A community garden's tomato plants, previously thriving with vigorous growth and green fruits, rapidly developed widespread wilting and yellowing leaves despite consistent watering and ideal weather. Nearby zucchini and bean plants showed no symptoms. Careful inspection revealed no aphids, caterpillars, or physical damage to stems or roots. The garden employs shared compost—recently enriched with a nutrient-rich organic batch—and adheres to strict crop rotation. Weather patterns were unremarkable, with no storms or temperature extremes. Initially, gardeners suspected blight but found no dark lesions. Unnoticed by the group, a volunteer had applied a granular product labeled as ""tomato-specific fertilizer"" to the affected beds days before symptoms arose, assuming it would boost yields.  

**Question:** What caused the sudden decline of the tomato plants, sparing other crops, despite ideal growing conditions and pest-free inspections?  

*(The misleading detail—the ""nutrient-rich organic batch"" of compost—hints at origin1, suggesting nematodes introduced via contaminated organic matter. However, the granular product was actually a mislabeled pre-emergent herbicide, which selectively disrupted tomato vascular function [origin2]. The compost’s mention distracts from the herbicide error, while crop rotation rules out soilborne pathogens like fusarium wilt.)*",us.deepseek.r1-v1:0,2025-12-31/2026-01-02,legacy
deepseek-r1__health-and-medicine__00,health and medicine,600 Technology,DeepSeek-R1,"

**Situation:** A primary care clinic in a suburban area notices an unusual spike in patients over three days presenting with persistent headaches, mild nausea, and fatigue. Initial assessments rule out common causes like dehydration, viral infections, or seasonal allergies. The clinic’s staff checks for obvious environmental factors—air quality, recent changes in cleaning products, or HVAC issues—but finds nothing amiss. Patients live in different neighborhoods and report no shared activities, diets, or exposures. Bloodwork ordered for a subset of patients shows slightly elevated carbon monoxide levels, yet clinic carbon monoxide detectors remain silent, and no gas leaks are found in the building.  

**Background:** The clinic serves a mixed population of office workers, retirees, and remote employees. The symptoms are mild but consistent, prompting confusion among staff. Only later does a public health investigation trace the issue to a nearby construction project: a buried utility line, damaged weeks prior, had been slowly leaking natural gas into the soil, affecting groundwater used for irrigation in community gardens frequented by patients. The gas interacted with organic matter, releasing trace amounts of carbon monoxide that permeated locally grown produce—a pathway not initially considered.","

origin1: A nearby industrial facility recently began nighttime operations using combustion-based machinery, emitting low-level carbon monoxide that disperses unevenly through microclimatic inversions, affecting scattered residential areas without triggering localized detectors.  
origin2: A regional distributor supplied improperly sealed portable propane heaters to multiple households, leading to intermittent, low-grade carbon monoxide leakage during use, with patients unaware of the shared product due to varied purchase times and locations.","A nearby industrial facility recently began nighttime operations using combustion-based machinery, emitting low-level carbon monoxide that disperses unevenly through microclimatic inversions, affecting scattered residential areas without triggering localized detectors.","A regional distributor supplied improperly sealed portable propane heaters to multiple households, leading to intermittent, low-grade carbon monoxide leakage during use, with patients unaware of the shared product due to varied purchase times and locations.","A primary care clinic in a suburban area notices an unusual spike in patients over three days presenting with persistent headaches, mild nausea, and fatigue. Initial assessments rule out common causes like dehydration, viral infections, or seasonal allergies. The clinic’s staff checks for obvious environmental factors—air quality, recent changes in cleaning products, or HVAC issues—but finds nothing amiss. Patients live in different neighborhoods and report no shared activities, diets, or exposures. Bloodwork ordered for a subset of patients shows slightly elevated carbon monoxide levels, yet clinic carbon monoxide detectors remain silent, and no gas leaks are found in the building. A nearby industrial facility recently began nighttime operations using combustion-based machinery, prompting speculation about localized emissions, but air quality monitors near the facility show no irregularities. Further investigation reveals that several patients had purchased portable propane heaters from different local retailers over the past month, though purchase dates and store locations varied widely.","

**Situation:** A primary care clinic in a suburban area notices an unusual spike in patients over three days presenting with persistent headaches, mild nausea, and fatigue. Initial assessments rule out common causes like dehydration, viral infections, or seasonal allergies. The clinic’s staff checks for obvious environmental factors—air quality, recent changes in cleaning products, or HVAC issues—but finds nothing amiss. Patients live in different neighborhoods and report no shared activities, diets, or exposures. Bloodwork ordered for a subset of patients shows slightly elevated carbon monoxide levels, yet clinic carbon monoxide detectors remain silent, and no gas leaks are found in the building. A nearby industrial facility recently began nighttime operations using combustion-based machinery, prompting speculation about localized emissions, but air quality monitors near the facility show no irregularities. Further investigation reveals that several patients had purchased portable propane heaters from different local retailers over the past month, though purchase dates and store locations varied widely.",us.deepseek.r1-v1:0,2025-12-31/2026-01-02,legacy
deepseek-r1__engineering__00,engineering,600 Technology,DeepSeek-R1,"

**Situation:** A newly constructed residential building experiences intermittent flickering of LED lights in specific units every evening between 7:00 PM and 9:00 PM, despite no issues reported during daytime inspections. The building uses a modern electrical grid-tied solar system with battery storage, and all wiring tests passed during commissioning.  

**Background:** Residents first noticed the flickering a week after moving in. Maintenance checks found no loose connections, voltage fluctuations, or overloaded circuits. The flickering occurs only in units facing the west side of the building, and only during peak evening hours when solar generation has ceased but grid demand is high.  

**Underlying Cause (not immediately observable):** A firmware glitch in the solar inverter’s energy management system causes it to prioritize battery discharge unevenly across the building’s electrical phases during high grid demand. This creates minor voltage imbalances in circuits serving the west-facing units, where LED drivers are sensitive to subtle voltage variations. The issue was resolved after the inverter’s firmware was updated.","

origin1: A nearby industrial facility activates high-power equipment during evening peak hours, introducing electromagnetic interference (EMI) that disrupts the sensitive LED drivers in west-facing units, which are more exposed to external EMI due to their proximity to the building’s western exterior wiring pathways.  
origin2: Residual heat from afternoon sun exposure in west-facing units causes thermal expansion in LED driver components, creating intermittent micro-fractures in solder joints that manifest as flickering as temperatures drop during evening hours, undetectable during daytime inspections when components are thermally stable.","A nearby industrial facility activates high-power equipment during evening peak hours, introducing electromagnetic interference (EMI) that disrupts the sensitive LED drivers in west-facing units, which are more exposed to external EMI due to their proximity to the building’s western exterior wiring pathways.","Residual heat from afternoon sun exposure in west-facing units causes thermal expansion in LED driver components, creating intermittent micro-fractures in solder joints that manifest as flickering as temperatures drop during evening hours, undetectable during daytime inspections when components are thermally stable.","A newly constructed residential building experiences intermittent flickering of LED lights in west-facing units every evening between 7:00 PM and 9:00 PM, despite no issues during daytime inspections. The building uses a modern solar system with battery storage, and all wiring passed initial tests. Residents reported the flickering began a week after moving in, coinciding with the activation of a nearby industrial facility’s evening operations. Maintenance found no voltage fluctuations, overloaded circuits, or loose connections. The flickering correlates with peak grid demand hours, when solar generation has ceased but the industrial facility runs high-power machinery. Notably, west-facing units are closer to the building’s exterior wiring pathways, which run adjacent to the industrial zone. Daytime inspections showed stable performance, even when the industrial equipment was inactive.  ","

**Situation:** A newly constructed residential building experiences intermittent flickering of LED lights in west-facing units every evening between 7:00 PM and 9:00 PM, despite no issues during daytime inspections. The building uses a modern solar system with battery storage, and all wiring passed initial tests. Residents reported the flickering began a week after moving in, coinciding with the activation of a nearby industrial facility’s evening operations. Maintenance found no voltage fluctuations, overloaded circuits, or loose connections. The flickering correlates with peak grid demand hours, when solar generation has ceased but the industrial facility runs high-power machinery. Notably, west-facing units are closer to the building’s exterior wiring pathways, which run adjacent to the industrial zone. Daytime inspections showed stable performance, even when the industrial equipment was inactive.  

**What is the origin of the flickering lights?**",us.deepseek.r1-v1:0,2025-12-31/2026-01-02,legacy
deepseek-r1__farming-and-agriculture__00,farming and agriculture,600 Technology,DeepSeek-R1,"

**Situation:** A farmer discovers a small, circular patch of wilted soybean plants in the middle of an otherwise healthy field. The surrounding crops show no signs of disease, pests, or drought, and the irrigation system has been functioning normally. Upon closer inspection, the soil in the affected area feels unusually cool to the touch, even during midday heat.  

**Background:** The field has been in consistent rotation between corn and soybeans for years, with regular soil testing showing balanced nutrient levels. Weather patterns have been stable, with no recent extreme temperatures or storms. The farmer initially suspects equipment malfunction or localized contamination but finds no evidence of chemical spills or mechanical damage.  

**Later Discovery:** A utility company reveals that a buried natural gas line running beneath the field developed a minor leak weeks earlier, subtly altering soil temperature and oxygen levels in the area, which stressed the plants. The leak was undetectable by smell or surface signs due to the depth of the pipeline.","

origin1: An underground spring has begun seeping into the soil layer beneath the patch, saturating the roots and creating anaerobic conditions that suffocated the plants, with the constant flow of cooler groundwater lowering the soil temperature.  
origin2: A forgotten, buried agricultural drainage tile collapsed in the area, creating localized water retention and soil compaction that disrupted root growth and trapped colder air pockets in the subsoil.","An underground spring has begun seeping into the soil layer beneath the patch, saturating the roots and creating anaerobic conditions that suffocated the plants, with the constant flow of cooler groundwater lowering the soil temperature.","A forgotten, buried agricultural drainage tile collapsed in the area, creating localized water retention and soil compaction that disrupted root growth and trapped colder air pockets in the subsoil.","A farmer notices a perfectly circular section of wilted soybean plants in an otherwise thriving field. The surrounding crops are unaffected, with no signs of pests, disease, or irrigation issues. Soil tests confirm normal nutrient levels and moisture content, ruling out drought or overwatering. However, the soil within the patch is markedly cooler than the rest of the field, even in direct sunlight. The farmer recalls hearing stories of underground water sources in the region and briefly considers whether natural groundwater movement could explain the anomaly. Further investigation uncovers no signs of standing water, chemical contamination, or equipment damage. A week later, historical farm maps reveal that decades-old drainage infrastructure was installed in a radial pattern across the field, with one segment recently compromised.  ","

**Situation:** A farmer notices a perfectly circular section of wilted soybean plants in an otherwise thriving field. The surrounding crops are unaffected, with no signs of pests, disease, or irrigation issues. Soil tests confirm normal nutrient levels and moisture content, ruling out drought or overwatering. However, the soil within the patch is markedly cooler than the rest of the field, even in direct sunlight. The farmer recalls hearing stories of underground water sources in the region and briefly considers whether natural groundwater movement could explain the anomaly. Further investigation uncovers no signs of standing water, chemical contamination, or equipment damage. A week later, historical farm maps reveal that decades-old drainage infrastructure was installed in a radial pattern across the field, with one segment recently compromised.  

**Question:** What most likely caused the circular patch of wilted plants and cool soil?",us.deepseek.r1-v1:0,2025-12-31/2026-01-02,legacy
deepseek-r1__management__00,management,600 Technology,DeepSeek-R1,"

**Scenario:** A regional manager arrives at a retail store for a routine visit and notices that the usual morning shipment of goods, which always arrives by 7:30 AM, is delayed by three hours. The store’s staff confirmed the order was placed correctly, and there are no visible issues like severe weather, local road closures, or delivery vehicle breakdowns. The delay is later traced to an unannounced system update at the distribution center that temporarily halted dispatch operations without notifying store locations. The manager only discovers the cause after contacting the logistics team, as no physical or environmental clues at the store hinted at the technical disruption.","

origin1: A last-minute inventory discrepancy at the distribution center required manual reconciliation, delaying order processing until an audit confirmed stock levels, which was not communicated to stores.  
origin2: A temporary staffing shortage at the distribution center during the night shift caused a backlog in loading outgoing shipments, which management resolved internally without alerting store locations.","A last-minute inventory discrepancy at the distribution center required manual reconciliation, delaying order processing until an audit confirmed stock levels, which was not communicated to stores.","A temporary staffing shortage at the distribution center during the night shift caused a backlog in loading outgoing shipments, which management resolved internally without alerting store locations.","A regional manager arrives at a retail store for a routine visit and notices that the usual morning shipment of goods, which always arrives by 7:30 AM, is delayed by three hours. The store’s staff confirmed the order was placed correctly, and there are no visible issues like severe weather, local road closures, or delivery vehicle breakdowns. However, the distribution center had recently flagged inconsistencies in inventory records during a routine audit the previous week, though no immediate action was required. The delay is later traced to a temporary staffing shortage at the distribution center during the night shift, which caused a backlog in loading outgoing shipments. The manager only discovers the cause after contacting the logistics team, as no physical or environmental clues at the store hinted at the staffing disruption.  ","

**Scenario:** A regional manager arrives at a retail store for a routine visit and notices that the usual morning shipment of goods, which always arrives by 7:30 AM, is delayed by three hours. The store’s staff confirmed the order was placed correctly, and there are no visible issues like severe weather, local road closures, or delivery vehicle breakdowns. However, the distribution center had recently flagged inconsistencies in inventory records during a routine audit the previous week, though no immediate action was required. The delay is later traced to a temporary staffing shortage at the distribution center during the night shift, which caused a backlog in loading outgoing shipments. The manager only discovers the cause after contacting the logistics team, as no physical or environmental clues at the store hinted at the staffing disruption.  

**What led to the delay in the morning shipment?**",us.deepseek.r1-v1:0,2025-12-31/2026-01-02,legacy
deepseek-r1__manufacturing__00,manufacturing,600 Technology,DeepSeek-R1,"

**Scenario:**  
In an automotive parts manufacturing plant, workers arrive for the morning shift and notice a faint, unfamiliar chemical odor lingering near the assembly line. Production proceeds normally, but by midday, several robotic arms begin intermittently slowing down, causing minor delays. No visible leaks, error messages, or temperature fluctuations appear on equipment dashboards, and maintenance checks reveal no obvious mechanical faults. The odor persists but cannot be traced to any nearby machinery or storage areas.  

**Background:**  
The plant recently switched to a new biodegradable cleaning solvent for overnight equipment maintenance, which was stored in a separate utility room. Unbeknownst to the staff, the solvent’s vapors had subtly interacted with humidity in the climate-controlled environment, creating a residue that settled on sensor modules in the robotic arms. This residue slightly disrupted electrical conductivity, triggering the slowdowns. The odor originated from the solvent but dissipated before reaching the main floor, making its source difficult to pinpoint without air-quality testing.","

origin1: Overnight humidity adjustments in the climate control system caused microscopic condensation on the robotic arms' internal sensors, temporarily altering their responsiveness without generating error codes, while the odor came from the new solvent but was unrelated to the slowdowns.  
origin2: A recent batch of lubricant used in the robotic arm joints contained trace impurities that gradually accumulated on motor controllers, subtly disrupting electrical signals and slowing operations, with the unrelated solvent odor masking the lubricant’s faint scent during inspections.","Overnight humidity adjustments in the climate control system caused microscopic condensation on the robotic arms' internal sensors, temporarily altering their responsiveness without generating error codes, while the odor came from the new solvent but was unrelated to the slowdowns.","A recent batch of lubricant used in the robotic arm joints contained trace impurities that gradually accumulated on motor controllers, subtly disrupting electrical signals and slowing operations, with the unrelated solvent odor masking the lubricant’s faint scent during inspections.","Workers at an automotive parts plant notice a faint chemical odor near the assembly line at the start of the morning shift. Production continues, but by midday, several robotic arms intermittently slow down, causing delays. No leaks, error messages, or temperature changes are detected, and maintenance finds no mechanical issues. The odor persists but isn’t traceable to any machinery. The plant recently introduced a new biodegradable cleaning solvent stored in a utility room and adjusted overnight humidity levels in the climate control system to optimize conditions. Unrelated to these changes, a recent batch of lubricant used in the robotic arm joints contained trace impurities. Over time, these impurities accumulated on the motor controllers, subtly disrupting electrical signals and causing the slowdowns. The solvent’s odor, though stronger, inadvertently masked the lubricant’s faint scent during inspections.  ","

**Scenario:**  
Workers at an automotive parts plant notice a faint chemical odor near the assembly line at the start of the morning shift. Production continues, but by midday, several robotic arms intermittently slow down, causing delays. No leaks, error messages, or temperature changes are detected, and maintenance finds no mechanical issues. The odor persists but isn’t traceable to any machinery. The plant recently introduced a new biodegradable cleaning solvent stored in a utility room and adjusted overnight humidity levels in the climate control system to optimize conditions. Unrelated to these changes, a recent batch of lubricant used in the robotic arm joints contained trace impurities. Over time, these impurities accumulated on the motor controllers, subtly disrupting electrical signals and causing the slowdowns. The solvent’s odor, though stronger, inadvertently masked the lubricant’s faint scent during inspections.  

**Question:**  
What is the most likely origin of the robotic arm slowdowns and the odor described in the scenario?",us.deepseek.r1-v1:0,2025-12-31/2026-01-02,legacy
deepseek-r1__architecture__00,architecture,700 Arts and recreation,DeepSeek-R1,"

**Situation:** A newly constructed pedestrian plaza with polished granite paving stones, designed to be sleek and modern, remains inexplicably damp in a specific, circular area each morning despite no rainfall or visible water sources nearby. The dampness disappears by midday and doesn’t align with irrigation schedules or nearby fountain operations.  

**Background:** The plaza, flanked by mixed-use buildings and open to the public, was completed three months ago. Maintenance crews initially suspected a leak but found no issues with underground pipes. Observers might notice the damp patch is always centered beneath a decorative overhang of the adjacent building’s façade, which has a textured, perforated metal cladding. Unbeknownst to most, the cladding’s design traps overnight humidity, channeling condensation through hidden grooves that drain onto the plaza below. The effect is subtle and localized, leaving no obvious traces of its origin during daylight hours.","

origin1: The circular area's granite stones have a higher thermal mass, causing overnight dew to condense more densely on their cooler surface, which then evaporates as temperatures rise by midday.  
origin2: A concealed ventilation exhaust from the adjacent building's HVAC system expels moisture-laden air at night, which settles and condenses on the plaza’s surface before dissipating in daylight.","The circular area's granite stones have a higher thermal mass, causing overnight dew to condense more densely on their cooler surface, which then evaporates as temperatures rise by midday.","A concealed ventilation exhaust from the adjacent building's HVAC system expels moisture-laden air at night, which settles and condenses on the plaza’s surface before dissipating in daylight.","A newly constructed pedestrian plaza with polished granite paving stones, designed to be sleek and modern, remains inexplicably damp in a specific, circular area each morning despite no rainfall or visible water sources nearby. The dampness disappears by midday and doesn’t align with irrigation schedules or nearby fountain operations. Maintenance crews found no leaks in underground pipes, though observers note the damp patch is centered beneath a decorative overhang of the adjacent building’s façade, which features textured, perforated metal cladding. Curiously, the granite in the affected area is slightly thicker and more porous than surrounding stones, leading some to speculate about thermal properties. However, daylight inspections reveal no standing water or structural anomalies, deepening the mystery.","

**Situation:** A newly constructed pedestrian plaza with polished granite paving stones, designed to be sleek and modern, remains inexplicably damp in a specific, circular area each morning despite no rainfall or visible water sources nearby. The dampness disappears by midday and doesn’t align with irrigation schedules or nearby fountain operations. Maintenance crews found no leaks in underground pipes, though observers note the damp patch is centered beneath a decorative overhang of the adjacent building’s façade, which features textured, perforated metal cladding. Curiously, the granite in the affected area is slightly thicker and more porous than surrounding stones, leading some to speculate about thermal properties. However, daylight inspections reveal no standing water or structural anomalies, deepening the mystery.",us.deepseek.r1-v1:0,2025-12-31/2026-01-02,legacy
deepseek-r1__painting__00,painting,700 Arts and recreation,DeepSeek-R1,"

**Situation:**  
A muralist arrives at a public park to continue a week-long project, only to discover that a section of the previously painted wall—dried and untouched for two days—now shows faint, irregular streaks of diluted color, as if lightly washed by rain. However, the weather has been dry, and the park’s sprinkler system, which operates overnight, is directed away from the wall. No visible residue, open containers, or equipment nearby explain the streaks.  

**Background Details:**  
The mural, commissioned by the city, spans a 20-foot concrete wall bordering a walking path. The artist uses weather-resistant acrylics and confirmed the forecasted clear skies. The mystery is resolved the next day when a maintenance worker mentions testing a reclaimed water line for irrigation—a rarely used underground pipe had briefly malfunctioned, spraying a fine mist upward through a cracked vent near the wall’s base, unnoticed during daytime activity.","

origin1: A nearby construction site’s overnight dust-control system malfunctioned, releasing a fine water mist that drifted on shifting winds onto the mural, evaporating before crews arrived and leaving no trace.  
origin2: A nocturnal animal, such as a raccoon, repeatedly climbed the wall with damp paws after foraging in a hidden water source, transferring enough moisture to subtly reactivate sections of the dried paint.","A nearby construction site’s overnight dust-control system malfunctioned, releasing a fine water mist that drifted on shifting winds onto the mural, evaporating before crews arrived and leaving no trace.","A nocturnal animal, such as a raccoon, repeatedly climbed the wall with damp paws after foraging in a hidden water source, transferring enough moisture to subtly reactivate sections of the dried paint.","A muralist arrives at a public park to continue a week-long project, only to discover that a section of the previously painted wall—dried and untouched for two days—now shows faint, irregular streaks of diluted color, as if lightly washed by rain. However, the weather has been dry, and the park’s sprinkler system, which operates overnight, is directed away from the wall. A nearby construction site’s dust-control machinery, visible across the street, had been active the prior evening, but no water trails or equipment disruptions are found near the mural. The mystery deepens when a groundskeeper later spots small, smudged tracks along the wall’s base and recalls recent reports of raccoons digging in a clogged storm drain tucked behind a shrub—a hidden pool of water just steps from the affected area.","

**Situation:**  
A muralist arrives at a public park to continue a week-long project, only to discover that a section of the previously painted wall—dried and untouched for two days—now shows faint, irregular streaks of diluted color, as if lightly washed by rain. However, the weather has been dry, and the park’s sprinkler system, which operates overnight, is directed away from the wall. A nearby construction site’s dust-control machinery, visible across the street, had been active the prior evening, but no water trails or equipment disruptions are found near the mural. The mystery deepens when a groundskeeper later spots small, smudged tracks along the wall’s base and recalls recent reports of raccoons digging in a clogged storm drain tucked behind a shrub—a hidden pool of water just steps from the affected area.",us.deepseek.r1-v1:0,2025-12-31/2026-01-02,legacy
deepseek-r1__photography__00,photography,700 Arts and recreation,DeepSeek-R1,"

**Situation:** A photographer arrives at a coastal cliffside at sunrise, a location renowned for dramatic waves crashing against rocks, only to find the ocean eerily calm with no surf. The weather is clear, and there’s no visible storm or offshore activity. Local fishermen’s boats are docked unusually early, but no signage or alerts explain the anomaly.  

**Background:** Unbeknownst to the photographer, a distant seismic event 12 hours prior—a minor undersea landslide 200 miles offshore—had temporarily disrupted typical wave patterns. The disturbance wasn’t strong enough to trigger tsunami warnings but subtly altered currents, leaving the water unnaturally placid for the day. Authorities hadn’t widely publicized the event, as it posed no public danger.","

origin1: A rare neap tide coincided with a specific lunar phase, drastically reducing tidal movement and wave energy; local fishermen, attuned to the cycle, docked early knowing fish activity would be minimal, but no alerts were issued as the phenomenon was natural and non-threatening.  
origin2: An experimental offshore wave-energy absorption array was deployed temporarily 50 miles up the coast, dampening incoming swells; authorities discreetly informed fishing crews to avoid interference, but public notices were omitted to prevent scrutiny of the prototype technology.","A rare neap tide coincided with a specific lunar phase, drastically reducing tidal movement and wave energy; local fishermen, attuned to the cycle, docked early knowing fish activity would be minimal, but no alerts were issued as the phenomenon was natural and non-threatening.","An experimental offshore wave-energy absorption array was deployed temporarily 50 miles up the coast, dampening incoming swells; authorities discreetly informed fishing crews to avoid interference, but public notices were omitted to prevent scrutiny of the prototype technology.","A photographer arrives at a coastal cliffside at sunrise, a location famed for its violent waves, but finds the ocean glassy and still despite clear skies and no recent storms. Local fishermen, usually active at dawn, have docked their boats hours earlier, though no advisories or warnings are posted. The photographer recalls the moon’s phase aligning with a period of weaker tides but dismisses it, unaware that maritime authorities had quietly advised fishing crews to stay ashore. What explains the unnatural calm and the fishermen’s unusual behavior?  ","

**Situation:** A photographer arrives at a coastal cliffside at sunrise, a location famed for its violent waves, but finds the ocean glassy and still despite clear skies and no recent storms. Local fishermen, usually active at dawn, have docked their boats hours earlier, though no advisories or warnings are posted. The photographer recalls the moon’s phase aligning with a period of weaker tides but dismisses it, unaware that maritime authorities had quietly advised fishing crews to stay ashore. What explains the unnatural calm and the fishermen’s unusual behavior?  

*(The misleading detail—mentioning the moon’s phase and weaker tides—hints at origin1’s neap tide explanation, while the fishermen’s coordinated docking subtly points to origin2’s experimental technology, which authorities discreetly communicated.)*",us.deepseek.r1-v1:0,2025-12-31/2026-01-02,legacy
deepseek-r1__music__00,music,700 Arts and recreation,DeepSeek-R1,"

**Situation:** During a classical orchestra performance at a prestigious concert hall, musicians notice their instruments gradually falling out of tune midway through the second movement, despite meticulous tuning before the show. The stage lights are dimmed, and the audience remains unaware as the ensemble subtly adjusts pitch while playing. Backstage, technicians later discover that a malfunctioning HVAC system caused subtle temperature fluctuations in the hall, warping the instruments’ wooden components. The issue was imperceptible to attendees, who only observed musicians briefly exchanging puzzled glances during pauses.","

origin1: A sudden influx of humid outdoor air through an improperly sealed stage door during the performance altered the moisture content in the hall, expanding the instruments' wooden bodies and shifting their pitch.  
origin2: Residual cleaning solvents applied to the stage floor hours earlier evaporated during the performance, creating localized chemical interactions with the instruments’ varnishes and subtly warping their materials.","A sudden influx of humid outdoor air through an improperly sealed stage door during the performance altered the moisture content in the hall, expanding the instruments' wooden bodies and shifting their pitch.","Residual cleaning solvents applied to the stage floor hours earlier evaporated during the performance, creating localized chemical interactions with the instruments’ varnishes and subtly warping their materials.","During a classical orchestra performance at a prestigious concert hall, musicians notice their instruments gradually falling out of tune midway through the second movement, despite meticulous tuning before the show. The stage lights are dimmed, and the audience remains unaware as the ensemble subtly adjusts pitch while playing. Backstage, technicians later discover that residual cleaning solvents applied to the stage floor hours earlier evaporated during the performance, creating localized chemical interactions with the instruments’ varnishes and subtly warping their materials. A stagehand also mentions briefly propping open a rear door during intermission to move equipment, though no immediate humidity changes were reported. Attendees only observed musicians exchanging puzzled glances during pauses, unaware of the invisible culprit.","

**Situation:** During a classical orchestra performance at a prestigious concert hall, musicians notice their instruments gradually falling out of tune midway through the second movement, despite meticulous tuning before the show. The stage lights are dimmed, and the audience remains unaware as the ensemble subtly adjusts pitch while playing. Backstage, technicians later discover that residual cleaning solvents applied to the stage floor hours earlier evaporated during the performance, creating localized chemical interactions with the instruments’ varnishes and subtly warping their materials. A stagehand also mentions briefly propping open a rear door during intermission to move equipment, though no immediate humidity changes were reported. Attendees only observed musicians exchanging puzzled glances during pauses, unaware of the invisible culprit.",us.deepseek.r1-v1:0,2025-12-31/2026-01-02,legacy
deepseek-r1__sports__00,sports,700 Arts and recreation,DeepSeek-R1,"

**Situation:** During a regional high school track meet, athletes begin noticing that the long jump pit's sand is unusually compact and hard, leading to consistently shorter jumps despite optimal weather conditions. Coaches and officials initially suspect poor technique until multiple competitors from different schools report the issue.  

**Background:** The pit was properly raked and maintained the previous evening. However, overnight, an automatic sprinkler system malfunctioned in the adjacent soccer field, oversaturating the area. Water seeped under the divider into the long jump pit, and morning sunlight baked the sand into a dense layer. The cause remained unclear until maintenance reviewed irrigation logs, as the sprinkler heads were hidden by landscaping and the water's path wasn't visible from the surface.","

origin1: A groundskeeping vehicle mistakenly drove over the long jump pit overnight while repositioning equipment, compressing the sand beneath its tires; the surface was later raked smooth, masking the underlying compaction.  
origin2: A contractor mistakenly mixed a soil-stabilizing polymer into the sand during recent pit renovations, intending it for another site, which hardened the sand when exposed to morning humidity and sunlight.","A groundskeeping vehicle mistakenly drove over the long jump pit overnight while repositioning equipment, compressing the sand beneath its tires; the surface was later raked smooth, masking the underlying compaction.","A contractor mistakenly mixed a soil-stabilizing polymer into the sand during recent pit renovations, intending it for another site, which hardened the sand when exposed to morning humidity and sunlight.","During a regional high school track meet, athletes begin noticing that the long jump pit's sand is unusually compact and hard, leading to consistently shorter jumps despite optimal weather conditions. Coaches and officials initially suspect poor technique until multiple competitors from different schools report the issue. Maintenance records confirm the pit was recently renovated with fresh sand, and a contractor had been working on upgrading nearby fields the previous week. Though the pit was properly raked the evening before, faint tire marks were observed near its perimeter the next morning, prompting speculation about equipment mishandling. However, the surface showed no visible depressions, and the sand’s texture resembled a stiff, crumbly mixture rather than typical compacted grains.  ","

**Situation:** During a regional high school track meet, athletes begin noticing that the long jump pit's sand is unusually compact and hard, leading to consistently shorter jumps despite optimal weather conditions. Coaches and officials initially suspect poor technique until multiple competitors from different schools report the issue. Maintenance records confirm the pit was recently renovated with fresh sand, and a contractor had been working on upgrading nearby fields the previous week. Though the pit was properly raked the evening before, faint tire marks were observed near its perimeter the next morning, prompting speculation about equipment mishandling. However, the surface showed no visible depressions, and the sand’s texture resembled a stiff, crumbly mixture rather than typical compacted grains.  

**Question:** What caused the long jump pit’s sand to harden unnaturally?  

*(origin1: Groundskeeping vehicle compaction; origin2: Contractor’s polymer mix-up)*  

**Misleading detail:** The mention of tire marks near the pit and recent renovations creates a plausible link to a vehicle compressing the sand (origin1). However, the sand’s texture and lack of depressions point to a material issue, aligning with origin2.",us.deepseek.r1-v1:0,2025-12-31/2026-01-02,legacy
deepseek-r1__classical-literature__00,classical literature,800 Literature,DeepSeek-R1,"

In *Pride and Prejudice*, after a morning of unseasonably warm weather, the Bennet family sets out for a walk to Meryton, only to find the main road unusually crowded with wagons laden with crates of oranges and lemons. The crates bear foreign markings, and the drivers speak in a dialect unfamiliar to the locals. No market had been announced, and no nearby estates were known to import citrus. The townsfolk speculate quietly, but the cause—a delayed shipment bound for a nobleman’s abandoned estate repurposed last-minute by a merchant—remains obscured, leaving the peculiar scene unexplained to the characters.","

origin1: A coastal storm disrupted trade routes, forcing a Mediterranean merchant fleet to offload cargo at an unexpected inland port; the wagons are transporting salvaged citrus to a temporary storage site, their crew’s maritime dialect mistaken for foreignness.  
origin2: A neighboring county’s quarantine due to fever prompted rerouting of a citrus caravan meant for a wealthy patron, the drivers’ distant regional accent and crates’ markings—misread as foreign—belonging to a lesser-known English guild specializing in preserved fruits.","A coastal storm disrupted trade routes, forcing a Mediterranean merchant fleet to offload cargo at an unexpected inland port; the wagons are transporting salvaged citrus to a temporary storage site, their crew’s maritime dialect mistaken for foreignness.","A neighboring county’s quarantine due to fever prompted rerouting of a citrus caravan meant for a wealthy patron, the drivers’ distant regional accent and crates’ markings—misread as foreign—belonging to a lesser-known English guild specializing in preserved fruits.","In *Pride and Prejudice*, following a morning of unseasonably warm weather, the Bennet family strolls toward Meryton and encounters an unexpected sight: the main road choked with wagons hauling crates of oranges and lemons stamped with unfamiliar symbols. The drivers converse in a thick, guttural accent peppered with nautical terms like ""hold"" and ""mast,"" while rumors swirl of recent storms battering southern ports. Though no local estate imports citrus, some townsfolk whisper of a Mediterranean trader capitalizing on disrupted shipping lanes. Unbeknownst to them, the cargo was originally destined for a quarantined lord’s estate before being hastily redirected, its crates mislabeled by an obscure English guild and the drivers’ northern dialect—not foreign speech—adding to the confusion. What explains this peculiar convergence?","

In *Pride and Prejudice*, following a morning of unseasonably warm weather, the Bennet family strolls toward Meryton and encounters an unexpected sight: the main road choked with wagons hauling crates of oranges and lemons stamped with unfamiliar symbols. The drivers converse in a thick, guttural accent peppered with nautical terms like ""hold"" and ""mast,"" while rumors swirl of recent storms battering southern ports. Though no local estate imports citrus, some townsfolk whisper of a Mediterranean trader capitalizing on disrupted shipping lanes. Unbeknownst to them, the cargo was originally destined for a quarantined lord’s estate before being hastily redirected, its crates mislabeled by an obscure English guild and the drivers’ northern dialect—not foreign speech—adding to the confusion. What explains this peculiar convergence?",us.deepseek.r1-v1:0,2025-12-31/2026-01-02,legacy
deepseek-r1__poetry__00,poetry,800 Literature,DeepSeek-R1,"

**Situation:**  
In the heart of a bustling town square, the ornate public clocktower—a century-old landmark known for its reliability—suddenly stops at 3:07 AM. By dawn, residents notice the frozen hands, though the surrounding streets show no signs of disturbance: no construction crews, storm damage, or posted notices. The clock’s gears, visible through a glass panel, appear intact, and the weather had been calm overnight. Regulars at the adjacent bakery recall hearing a faint, metallic *twang* around midnight, but the source remains unclear, leaving the town speculating about the silent sentinel’s abrupt halt.  

**Key Details:**  
- Objective anomaly (stopped clock) in a familiar public space.  
- No visible external cause (weather, vandalism, maintenance).  
- Subtle auditory clue (*twang*) without an obvious origin.  
- Community curiosity without immediate resolution.","

origin1: A fatigued suspension spring within the clock’s escapement mechanism finally snapped under tension, halting the pendulum’s motion and stopping the gears despite their outwardly intact appearance.  
origin2: A corroded pin securing the central drive shaft sheared off due to decades of incremental metal stress, causing the shaft to slip silently out of alignment and stall the clock’s movement.","A fatigued suspension spring within the clock’s escapement mechanism finally snapped under tension, halting the pendulum’s motion and stopping the gears despite their outwardly intact appearance.","A corroded pin securing the central drive shaft sheared off due to decades of incremental metal stress, causing the shaft to slip silently out of alignment and stall the clock’s movement.","In the heart of a bustling town square, the ornate public clocktower—a century-old landmark known for its reliability—suddenly stops at 3:07 AM. By dawn, residents notice the frozen hands, though the surrounding streets show no signs of disturbance: no construction crews, storm damage, or posted notices. The clock’s gears, visible through a glass panel, appear intact and undisturbed, and the weather had been calm overnight. Regulars at the adjacent bakery recall hearing a faint, metallic *twang* around midnight, reminiscent of a spring recoiling, though maintenance records indicate the suspension spring was inspected just months prior and deemed functional. With no visible damage to the escapement or pendulum, the town is left puzzling over what unseen flaw could have silenced the timekeeper so abruptly.","

**Situation:**  
In the heart of a bustling town square, the ornate public clocktower—a century-old landmark known for its reliability—suddenly stops at 3:07 AM. By dawn, residents notice the frozen hands, though the surrounding streets show no signs of disturbance: no construction crews, storm damage, or posted notices. The clock’s gears, visible through a glass panel, appear intact and undisturbed, and the weather had been calm overnight. Regulars at the adjacent bakery recall hearing a faint, metallic *twang* around midnight, reminiscent of a spring recoiling, though maintenance records indicate the suspension spring was inspected just months prior and deemed functional. With no visible damage to the escapement or pendulum, the town is left puzzling over what unseen flaw could have silenced the timekeeper so abruptly.",us.deepseek.r1-v1:0,2025-12-31/2026-01-02,legacy
deepseek-r1__science-fiction__00,science fiction,800 Literature,DeepSeek-R1,"

**Situation:** Residents of a coastal town notice that all public and private clocks, including digital devices, are consistently running 12 minutes behind satellite-adjusted global timekeeping systems. The discrepancy began precisely three days prior, but no visible infrastructure damage, hacking alerts, or unusual celestial events have been reported. Tide charts and sunrise/sunset times still align with the original clock readings, suggesting localized temporal distortion. A nearby decommissioned undersea research lab, once used for gravitational wave experiments, shows no outward signs of reactivation—but its corroded access hatch now hums faintly when touched.","

origin1: A dormant temporal anomaly from the lab's past gravitational wave experiments was inadvertently triggered by gradual corrosion in its containment systems, causing localized time dilation that slowed all electronic clocks while leaving natural cycles unaffected due to their reliance on planetary motion.  
origin2: An unauthorized group has covertly repurposed the lab’s infrastructure to test a prototype quantum synchronization device, intentionally desynchronizing local timekeeping systems to mask their activities, with the humming hatch resulting from jury-rigged power rerouting to hidden equipment.","A dormant temporal anomaly from the lab's past gravitational wave experiments was inadvertently triggered by gradual corrosion in its containment systems, causing localized time dilation that slowed all electronic clocks while leaving natural cycles unaffected due to their reliance on planetary motion.","An unauthorized group has covertly repurposed the lab’s infrastructure to test a prototype quantum synchronization device, intentionally desynchronizing local timekeeping systems to mask their activities, with the humming hatch resulting from jury-rigged power rerouting to hidden equipment.","Residents of a coastal town notice that all public and private clocks, including digital devices, are consistently running 12 minutes behind satellite-adjusted global timekeeping systems. The discrepancy began precisely three days prior, but no visible infrastructure damage, hacking alerts, or unusual celestial events have been reported. Tide charts and sunrise/sunset times still align with the original clock readings, suggesting localized temporal distortion. A nearby decommissioned undersea research lab, once used for gravitational wave experiments, shows no outward signs of reactivation—but its corroded access hatch now hums faintly when touched. Investigators note that the lab’s historical experiments involved manipulating spacetime, and recent seawater infiltration into its aging infrastructure has accelerated corrosion in critical systems. What caused the clocks to desynchronize?","

**Situation:** Residents of a coastal town notice that all public and private clocks, including digital devices, are consistently running 12 minutes behind satellite-adjusted global timekeeping systems. The discrepancy began precisely three days prior, but no visible infrastructure damage, hacking alerts, or unusual celestial events have been reported. Tide charts and sunrise/sunset times still align with the original clock readings, suggesting localized temporal distortion. A nearby decommissioned undersea research lab, once used for gravitational wave experiments, shows no outward signs of reactivation—but its corroded access hatch now hums faintly when touched. Investigators note that the lab’s historical experiments involved manipulating spacetime, and recent seawater infiltration into its aging infrastructure has accelerated corrosion in critical systems. What caused the clocks to desynchronize?",us.deepseek.r1-v1:0,2025-12-31/2026-01-02,legacy
deepseek-r1__novels__00,novels,800 Literature,DeepSeek-R1,"

**Situation:** A small, historic town library known for its meticulously organized shelves and daily 9 AM opening time remains locked at 10:30 AM on a Tuesday, with no posted notice or staff visible through the windows. Regular patrons, including a local teacher preparing for a class, linger outside confused. The library’s social media accounts and website, updated the prior evening, still list normal hours. Inside, the lights are off, but a single cart of recently returned books sits abandoned near the front desk.  

**Background:** The library has operated without unplanned closures for over a decade, even during minor emergencies. The head librarian, a punctual retiree, lives two blocks away and is seen watering her garden that morning, appearing untroubled. Later, it’s revealed a burst pipe in the basement—unnoticed by passersby—flooded the staff break room overnight, prompting a last-minute closure while repairs began. Staff were redirected to assist with cleanup, leaving no time to update signage or digital platforms.","

origin1: A staff member responsible for opening fell ill overnight and failed to notify the library team, assuming another colleague would cover; the retired head librarian, no longer handling daily operations, was unaware of the lapse until later.  
origin2: An automated security system malfunction triggered an accidental overnight lockdown, disabling door access and internal systems; staff arriving early were unable to enter or communicate the issue promptly.","A staff member responsible for opening fell ill overnight and failed to notify the library team, assuming another colleague would cover; the retired head librarian, no longer handling daily operations, was unaware of the lapse until later.","An automated security system malfunction triggered an accidental overnight lockdown, disabling door access and internal systems; staff arriving early were unable to enter or communicate the issue promptly.","A small, historic town library, renowned for its flawless punctuality and decade-long streak of uninterrupted service, remains inexplicably closed at 10:30 AM on a Tuesday. Regular patrons, including a teacher urgently gathering materials for a class, cluster outside in frustration. The library’s website and social media, updated just hours earlier, confirm normal hours, and no closure notices are posted. Through the windows, the lights are off, but a cart of freshly returned books sits unattended near the front desk. The head librarian—a meticulous retiree known for personally overseeing daily operations—was spotted calmly watering her garden two blocks away that morning, sparking whispers that she might have neglected her duties. Unbeknownst to bystanders, a pipe had burst overnight in the basement, flooding the staff area and forcing all hands to address the crisis, leaving no time to alert patrons digitally or physically.","

**Situation:** A small, historic town library, renowned for its flawless punctuality and decade-long streak of uninterrupted service, remains inexplicably closed at 10:30 AM on a Tuesday. Regular patrons, including a teacher urgently gathering materials for a class, cluster outside in frustration. The library’s website and social media, updated just hours earlier, confirm normal hours, and no closure notices are posted. Through the windows, the lights are off, but a cart of freshly returned books sits unattended near the front desk. The head librarian—a meticulous retiree known for personally overseeing daily operations—was spotted calmly watering her garden two blocks away that morning, sparking whispers that she might have neglected her duties. Unbeknownst to bystanders, a pipe had burst overnight in the basement, flooding the staff area and forcing all hands to address the crisis, leaving no time to alert patrons digitally or physically.",us.deepseek.r1-v1:0,2025-12-31/2026-01-02,legacy
deepseek-r1__essays__00,essays,800 Literature,DeepSeek-R1,"

**Situation:** A resident steps outside their apartment on a weekday morning to find the usually busy street lined with parked cars mysteriously empty, despite no posted construction signs, events, or parking restrictions. The sidewalks are clear, nearby businesses are open, and traffic flows normally, but the absence of vehicles along the curb—typically packed by 8 a.m.—is puzzling. Only later does the resident learn a burst pipe overnight had flooded a hidden underground parking garage two blocks away, prompting an unannounced evacuation of dozens of vehicles to auxiliary lots, leaving the street temporarily vacant.","

origin1: A gas leak was detected overnight in a building adjacent to the street, prompting authorities to discreetly evacuate parked vehicles as a precaution; the leak was resolved before morning, leaving no visible traces of the incident.  
origin2: A ransomware attack disabled access systems for multiple nearby private parking garages, forcing overnight users to urgently relocate their vehicles to distant lots, unaware the issue was resolved by dawn.","A gas leak was detected overnight in a building adjacent to the street, prompting authorities to discreetly evacuate parked vehicles as a precaution; the leak was resolved before morning, leaving no visible traces of the incident.","A ransomware attack disabled access systems for multiple nearby private parking garages, forcing overnight users to urgently relocate their vehicles to distant lots, unaware the issue was resolved by dawn.","A resident steps outside their apartment on a weekday morning to find the usually busy street lined with parked cars mysteriously empty, despite no posted construction signs, events, or parking restrictions. The sidewalks are clear, nearby businesses are open, and traffic flows normally, but the absence of vehicles along the curb—typically packed by 8 a.m.—is puzzling. A faint odor of gas lingered in the air overnight, though no official alerts were issued. Only later does the resident learn that a ransomware attack disabled access systems for multiple nearby private parking garages, forcing overnight users to urgently relocate their vehicles to distant lots, unaware the issue was resolved by dawn.","

**Situation:** A resident steps outside their apartment on a weekday morning to find the usually busy street lined with parked cars mysteriously empty, despite no posted construction signs, events, or parking restrictions. The sidewalks are clear, nearby businesses are open, and traffic flows normally, but the absence of vehicles along the curb—typically packed by 8 a.m.—is puzzling. A faint odor of gas lingered in the air overnight, though no official alerts were issued. Only later does the resident learn that a ransomware attack disabled access systems for multiple nearby private parking garages, forcing overnight users to urgently relocate their vehicles to distant lots, unaware the issue was resolved by dawn.",us.deepseek.r1-v1:0,2025-12-31/2026-01-02,legacy
deepseek-r1__historical-documents__00,historical documents,900 History and geography,DeepSeek-R1,"

**Situation:** A researcher arrives at a national archive to examine a 19th-century land deed they had previously studied, only to discover that a faint, handwritten marginal note referencing a disputed boundary now appears slightly altered—a single word is smudged, and a date seems overwritten. The document had been stored in a climate-controlled vault since their last visit, with no visible signs of recent handling or environmental damage. Unbeknownst to the researcher, a conservator had discreetly tested a non-invasive cleaning technique on the document days earlier to address ink corrosion, inadvertently affecting unstable iron-gall ink in the marginalia. The archive’s public log listed routine maintenance but omitted specifics about the experimental treatment.","

origin1: A transient fluctuation in the vault’s humidity levels during a recent maintenance check—unrecorded due to sensor calibration lag—reactivated dormant iron-gall ink corrosion, subtly altering the marginalia’s appearance.  
origin2: A previously unnoticed chemical interaction between the document’s aging storage sleeve and the iron-gall ink created a delayed reaction, manifesting as smudging and apparent overwriting only after prolonged contact.","A transient fluctuation in the vault’s humidity levels during a recent maintenance check—unrecorded due to sensor calibration lag—reactivated dormant iron-gall ink corrosion, subtly altering the marginalia’s appearance.","A previously unnoticed chemical interaction between the document’s aging storage sleeve and the iron-gall ink created a delayed reaction, manifesting as smudging and apparent overwriting only after prolonged contact.","A researcher returns to a national archive to re-examine a 19th-century land deed, only to find that a faint marginal note about a disputed boundary now shows a smudged word and an overwritten date. The document had been stored in a climate-controlled vault since their last visit, with no signs of tampering or environmental shifts, though the public log noted a recent routine maintenance check involving humidity system recalibration. Staff had also documented gradual yellowing of the document’s decades-old cellulose acetate storage sleeve months earlier but delayed replacement due to funding shortages. What explains the sudden alteration to the marginalia, given that the vault’s sensors reported stable conditions and no unauthorized access occurred?  ","

**Situation:** A researcher returns to a national archive to re-examine a 19th-century land deed, only to find that a faint marginal note about a disputed boundary now shows a smudged word and an overwritten date. The document had been stored in a climate-controlled vault since their last visit, with no signs of tampering or environmental shifts, though the public log noted a recent routine maintenance check involving humidity system recalibration. Staff had also documented gradual yellowing of the document’s decades-old cellulose acetate storage sleeve months earlier but delayed replacement due to funding shortages. What explains the sudden alteration to the marginalia, given that the vault’s sensors reported stable conditions and no unauthorized access occurred?  

**(Correct answer: origin2; Misleading detail: The mention of humidity system recalibration during maintenance primes consideration of environmental causes, but the true cause is the aging sleeve’s chemical interaction with the ink.)**",us.deepseek.r1-v1:0,2025-12-31/2026-01-02,legacy
deepseek-r1__geography-and-travel__00,geography and travel,900 History and geography,DeepSeek-R1,"

**Situation:** A group of hikers arrives at a well-known alpine lake in early summer, expecting to refill water bottles and enjoy the view, only to find the lakebed nearly dry, exposing cracked mud and rocks. The surrounding peaks still hold snow, and smaller streams along the trail flow normally. There are no visible signs of construction, landslides, or recent extreme weather.  

**Background:** The lake is typically fed by glacial meltwater, but this year, unseasonably warm spring temperatures caused rapid snowmelt at higher elevations weeks earlier than usual. The meltwater temporarily swelled streams but depleted the snowpack that usually sustains the lake into midsummer. Without obvious clues like receding glaciers (located out of sight in a neighboring valley) or posted warnings, the hikers are puzzled by the abrupt disappearance of the lake.","

origin1: A subterranean fissure formed beneath the glacier in the neighboring valley, diverting meltwater into an underground aquifer instead of the surface streams that feed the lake.  
origin2: Persistent high winds and low humidity during the warm spring accelerated evaporation rates in the lake basin, outpacing the replenishment from the diminished snowmelt despite normal stream flows.","A subterranean fissure formed beneath the glacier in the neighboring valley, diverting meltwater into an underground aquifer instead of the surface streams that feed the lake.","Persistent high winds and low humidity during the warm spring accelerated evaporation rates in the lake basin, outpacing the replenishment from the diminished snowmelt despite normal stream flows.","A group of hikers arrives at a well-known alpine lake in early summer, expecting to refill water bottles and enjoy the view, only to find the lakebed nearly dry, exposing cracked mud and rocks. The surrounding peaks still hold snow, and smaller streams along the trail flow normally. Though minor tremors were detected in the region earlier in the spring, there are no visible signs of construction, landslides, or recent extreme weather. The hikers are baffled, as the lake is typically fed by glacial meltwater, and the snowpack on distant peaks—still visible—suggests a steady water source. Unaware that unseasonably warm spring temperatures caused rapid snowmelt at higher elevations weeks earlier than usual, depleting the snowpack that usually sustains the lake into midsummer, they speculate about hidden causes for the abrupt disappearance.","

**Situation:** A group of hikers arrives at a well-known alpine lake in early summer, expecting to refill water bottles and enjoy the view, only to find the lakebed nearly dry, exposing cracked mud and rocks. The surrounding peaks still hold snow, and smaller streams along the trail flow normally. Though minor tremors were detected in the region earlier in the spring, there are no visible signs of construction, landslides, or recent extreme weather. The hikers are baffled, as the lake is typically fed by glacial meltwater, and the snowpack on distant peaks—still visible—suggests a steady water source. Unaware that unseasonably warm spring temperatures caused rapid snowmelt at higher elevations weeks earlier than usual, depleting the snowpack that usually sustains the lake into midsummer, they speculate about hidden causes for the abrupt disappearance.",us.deepseek.r1-v1:0,2025-12-31/2026-01-02,legacy
deepseek-r1__ancient-history__00,ancient history,900 History and geography,DeepSeek-R1,"

**Situation:** In the bustling Mesopotamian city of Ur around 2100 BCE, merchants and locals arrive at the central market at dawn, only to find it eerily quiet. The usual caravans from Dilmun and Meluhha, laden with copper, ivory, and lapis lazuli, are absent, and many stalls remain closed. Traders note that no advance messengers arrived to explain the delay, and scouts sent to check nearby roads report no signs of banditry or flooding.  

**Background:** The market typically thrived due to Ur’s role as a hub for trade routes spanning the Persian Gulf and Fertile Crescent. Missing caravans threatened both commerce and temple offerings tied to imported goods.  

**Cause (unknown to observers):** A landslide in the distant Zagros Mountains had blocked a critical mountain pass days earlier, stranding caravans. Travelers rerouting through alternate paths would take weeks to reach Ur, leaving the city’s inhabitants temporarily unaware of the disruption’s origin.","

origin1: A sudden diplomatic dispute between Ur and a regional power controlling the trade routes led to the covert interception and diversion of caravans, with messengers detained to prevent Ur from mobilizing a response.  
origin2: A virulent illness broke out among caravan drivers and animals at a key rest stop, forcing groups to quarantine in isolated locations to avoid spreading the disease, halting all travel without external communication.","A sudden diplomatic dispute between Ur and a regional power controlling the trade routes led to the covert interception and diversion of caravans, with messengers detained to prevent Ur from mobilizing a response.","A virulent illness broke out among caravan drivers and animals at a key rest stop, forcing groups to quarantine in isolated locations to avoid spreading the disease, halting all travel without external communication.","In the bustling Mesopotamian city of Ur around 2100 BCE, merchants and locals arrive at the central market at dawn, only to find it eerily quiet. The usual caravans from Dilmun and Meluhha, laden with copper, ivory, and lapis lazuli, are absent, and many stalls remain closed. Traders note that no advance messengers arrived to explain the delay, and scouts sent to check nearby roads report no signs of banditry or flooding. Rumors circulate that envoys from a rival city-state were recently seen negotiating aggressively with Ur’s officials, though no formal conflict was declared. Meanwhile, temple priests quietly share fragmented reports of travelers falling ill at a distant oasis, though these claims are dismissed as superstition.  ","

**Situation:** In the bustling Mesopotamian city of Ur around 2100 BCE, merchants and locals arrive at the central market at dawn, only to find it eerily quiet. The usual caravans from Dilmun and Meluhha, laden with copper, ivory, and lapis lazuli, are absent, and many stalls remain closed. Traders note that no advance messengers arrived to explain the delay, and scouts sent to check nearby roads report no signs of banditry or flooding. Rumors circulate that envoys from a rival city-state were recently seen negotiating aggressively with Ur’s officials, though no formal conflict was declared. Meanwhile, temple priests quietly share fragmented reports of travelers falling ill at a distant oasis, though these claims are dismissed as superstition.  

**Background:** The market typically thrived due to Ur’s role as a hub for trade routes spanning the Persian Gulf and Fertile Crescent. Missing caravans threatened both commerce and temple offerings tied to imported goods.  

**Cause (unknown to observers):** A virulent illness broke out among caravan drivers and animals at a key rest stop, forcing groups to quarantine in isolated locations to avoid spreading the disease, halting all travel without external communication.",us.deepseek.r1-v1:0,2025-12-31/2026-01-02,legacy
deepseek-r1__biographies__00,biographies,900 History and geography,DeepSeek-R1,"

**Situation:** A small, independent bookstore known for its consistent evening hours—open until 9 PM every weekday—is unexpectedly closed and dark at 7:30 PM on a Thursday, despite no posted signage or visible disruptions. Regular patrons, familiar with the owner’s punctuality, note the absence of construction crews, power outages (neighboring businesses are lit), or weather-related issues.  

**Background:** Unbeknownst to passersby, the closure stems from the owner’s last-minute decision to attend a surprise retirement gathering for the bookstore’s longtime distributor, who facilitated rare book acquisitions for decades. The event, organized discreetly to avoid spoiling the surprise, required the owner to close early and leave a staff member to handle online orders remotely. The cause remains opaque without insider knowledge, as no physical clues (e.g., flyers, social media posts) explain the shutdown.","

origin1: The owner closed early due to an urgent, unpublicized meeting with a literary estate executor to finalize the acquisition of a rare manuscript collection before a competing bidder intervened.  
origin2: A malfunction in the bookstore’s security system triggered silent alarms, requiring the owner to temporarily shut down and meet technicians off-site for repairs to avoid triggering sensors during the process.","The owner closed early due to an urgent, unpublicized meeting with a literary estate executor to finalize the acquisition of a rare manuscript collection before a competing bidder intervened.","A malfunction in the bookstore’s security system triggered silent alarms, requiring the owner to temporarily shut down and meet technicians off-site for repairs to avoid triggering sensors during the process.","A small, independent bookstore known for its consistent evening hours—open until 9 PM every weekday—is unexpectedly closed and dark at 7:30 PM on a Thursday, despite no posted signage or visible disruptions. Regular patrons, familiar with the owner’s punctuality, note the absence of construction crews, power outages (neighboring businesses are lit), or weather-related issues. Earlier that week, the owner had been overheard discussing a ""time-sensitive opportunity"" involving a literary estate, sparking speculation among staff about a rare manuscript acquisition. However, the true cause of the closure remains unclear, as no updates appear on the store’s social media or voicemail.  ","

**Situation:** A small, independent bookstore known for its consistent evening hours—open until 9 PM every weekday—is unexpectedly closed and dark at 7:30 PM on a Thursday, despite no posted signage or visible disruptions. Regular patrons, familiar with the owner’s punctuality, note the absence of construction crews, power outages (neighboring businesses are lit), or weather-related issues. Earlier that week, the owner had been overheard discussing a ""time-sensitive opportunity"" involving a literary estate, sparking speculation among staff about a rare manuscript acquisition. However, the true cause of the closure remains unclear, as no updates appear on the store’s social media or voicemail.  

**Background:** Unbeknownst to passersby, the closure stems from the owner’s last-minute decision to attend a surprise retirement gathering for the bookstore’s longtime distributor, who facilitated rare book acquisitions for decades. The event, organized discreetly to avoid spoiling the surprise, required the owner to close early and leave a staff member to handle online orders remotely. The cause remains opaque without insider knowledge, as no physical clues (e.g., flyers, social media posts) explain the shutdown.  

**origin1:** The owner closed early due to an urgent, unpublicized meeting with a literary estate executor to finalize the acquisition of a rare manuscript collection before a competing bidder intervened.  
**origin2:** The owner closed early to attend a surprise retirement event for the bookstore’s longtime distributor, whose connections had secured exclusive access to rare books for years.  

*(Note: The misleading detail about the ""time-sensitive opportunity"" and overheard discussions about a literary estate makes origin1 plausible, while origin2 reflects the actual cause.)*",us.deepseek.r1-v1:0,2025-12-31/2026-01-02,legacy
deepseek-r1__modern-history__00,modern history,900 History and geography,DeepSeek-R1,"

**Situation:** A small, family-owned grocery store in a suburban neighborhood, known for its consistent 7:00 AM opening time, remains closed until noon on a weekday. Regular customers notice no posted signs, construction activity, or visible damage to the building. Neighboring businesses are operating as usual.  

**Background:** The closure is later traced to a localized power grid malfunction overnight that disabled the store’s refrigeration systems. The owners, unaware of the outage’s cause until utility workers arrived, spent the morning assessing spoiled inventory and arranging repairs. Without external indicators like downed power lines or affected streetlights, the reason for the closure was unclear to passersby.","

origin1: The owners experienced a sudden family medical emergency requiring their immediate attention, delaying their arrival until midday; they intended to open later without public notice to maintain privacy.  
origin2: A malfunction in the store’s alarm system triggered an automatic overnight lockdown, which the owners couldn’t resolve until a specialized technician arrived to disable it quietly.","The owners experienced a sudden family medical emergency requiring their immediate attention, delaying their arrival until midday; they intended to open later without public notice to maintain privacy.","A malfunction in the store’s alarm system triggered an automatic overnight lockdown, which the owners couldn’t resolve until a specialized technician arrived to disable it quietly.","A small, family-owned grocery store in a suburban neighborhood, known for its consistent 7:00 AM opening time, remains closed until noon on a weekday. Regular customers notice no posted signs, construction activity, or visible damage to the building, and neighboring businesses are operating as usual. However, a passerby recalls seeing the owners leave abruptly the previous evening, one of them appearing to take a hurried phone call. The store’s security cameras, typically visible through the front window, are inexplicably offline, and the owners are unreachable by phone until midday, when they arrive flustered but refuse to elaborate on the delay.  ","

**Situation:** A small, family-owned grocery store in a suburban neighborhood, known for its consistent 7:00 AM opening time, remains closed until noon on a weekday. Regular customers notice no posted signs, construction activity, or visible damage to the building, and neighboring businesses are operating as usual. However, a passerby recalls seeing the owners leave abruptly the previous evening, one of them appearing to take a hurried phone call. The store’s security cameras, typically visible through the front window, are inexplicably offline, and the owners are unreachable by phone until midday, when they arrive flustered but refuse to elaborate on the delay.  

**Correct Answer (origin2):** A malfunction in the store’s alarm system triggered an automatic overnight lockdown, which the owners couldn’t resolve until a specialized technician arrived to disable it quietly.  
**Misleading Detail:** The owners’ abrupt departure and lack of communication align with origin1 (family emergency), creating plausible doubt despite the true cause being unrelated.",us.deepseek.r1-v1:0,2025-12-31/2026-01-02,legacy
