id,genre,category,model,original_situation,origins,origin1,origin2,situation,situation_raw,generator_id,created_at,hydra_version
qwen3-235b-a22b-2507__computer-programming__00,computer programming,"000 Computer science, information and general works",Qwen3 235B A22B 2507,"A software engineer begins their workday and attempts to run a routine automated test suite that has passed consistently for weeks. The tests now fail due to a timeout when connecting to an internal authentication service, even though the service’s status dashboard shows all systems operational and network connectivity appears normal. The logs indicate no recent deployment or configuration change, and no alerts have been triggered by the monitoring system, making the cause non-obvious and requiring deeper investigation into subtle service dependencies or transient network policies.","origin1: A recent, undocumented change in the internal service mesh routing rules has introduced a latency spike under specific load conditions, which only manifests during peak authentication request volumes in the morning but does not trigger alarms because response codes remain within acceptable thresholds.  
origin2: The authentication service’s underlying database replica set experienced a silent failover during off-hours, leaving one of the read replicas in a stale state that intermittently returns delayed responses for certain token validation queries, a condition not detected by standard health checks.","A recent, undocumented change in the internal service mesh routing rules has introduced a latency spike under specific load conditions, which only manifests during peak authentication request volumes in the morning but does not trigger alarms because response codes remain within acceptable thresholds.","The authentication service’s underlying database replica set experienced a silent failover during off-hours, leaving one of the read replicas in a stale state that intermittently returns delayed responses for certain token validation queries, a condition not detected by standard health checks.","A software engineer begins their workday and attempts to run a routine automated test suite that has passed consistently for weeks. The tests now fail due to a timeout when connecting to an internal authentication service, even though the service’s status dashboard shows all systems operational and network connectivity appears normal. The logs indicate no recent deployment or configuration change, and no alerts have been triggered by the monitoring system, making the cause non-obvious and requiring deeper investigation into subtle service dependencies or transient network policies. Further inspection reveals that the authentication service occasionally takes over 30 seconds to respond during token validation, but only for specific user roles, while most health probes—which check basic endpoint reachability—continue to report success. Interestingly, network tracing shows elevated latency specifically between the authentication servers and a backend database cluster, yet infrastructure teams confirm no recent deployments or maintenance activity. Despite the absence of alerts, historical metrics later show a brief period the previous night when one of the database replicas stopped replicating updates, eventually falling out of sync without triggering a failure alert because the primary replica remained responsive and the cluster’s self-healing mechanism marked the stale node as available too soon after a silent failover.","A software engineer begins their workday and attempts to run a routine automated test suite that has passed consistently for weeks. The tests now fail due to a timeout when connecting to an internal authentication service, even though the service’s status dashboard shows all systems operational and network connectivity appears normal. The logs indicate no recent deployment or configuration change, and no alerts have been triggered by the monitoring system, making the cause non-obvious and requiring deeper investigation into subtle service dependencies or transient network policies. Further inspection reveals that the authentication service occasionally takes over 30 seconds to respond during token validation, but only for specific user roles, while most health probes—which check basic endpoint reachability—continue to report success. Interestingly, network tracing shows elevated latency specifically between the authentication servers and a backend database cluster, yet infrastructure teams confirm no recent deployments or maintenance activity. Despite the absence of alerts, historical metrics later show a brief period the previous night when one of the database replicas stopped replicating updates, eventually falling out of sync without triggering a failure alert because the primary replica remained responsive and the cluster’s self-healing mechanism marked the stale node as available too soon after a silent failover.",qwen.qwen3-235b-a22b-2507-v1:0,2025-12-31/2026-01-02,legacy
qwen3-235b-a22b-2507__libraries__00,libraries,"000 Computer science, information and general works",Qwen3 235B A22B 2507,"At a public library that typically maintains weekday hours from 9 a.m. to 8 p.m., a patron arrives at 6:30 p.m. and finds the main entrance locked and all interior lights turned off, despite no posted notices about early closure. The library’s digital sign still displays regular hours, and nearby streetlights are on, suggesting evening operations should be underway. The cause—such as an internal power failure affecting only the library building or an urgent staff emergency—cannot be determined from outside observation.","origin1: An internal electrical fault in the library’s main power distribution panel caused a complete blackout within the building, triggering automatic shutdowns of lighting and electronic access systems, while external signage powered by a separate municipal grid remained unaffected.  
origin2: A sudden medical emergency involving a staff member required immediate evacuation and lockdown of the facility, leading personnel to close the building swiftly without time to update signage or post external notifications.","An internal electrical fault in the library’s main power distribution panel caused a complete blackout within the building, triggering automatic shutdowns of lighting and electronic access systems, while external signage powered by a separate municipal grid remained unaffected.","A sudden medical emergency involving a staff member required immediate evacuation and lockdown of the facility, leading personnel to close the building swiftly without time to update signage or post external notifications.","A patron arrives at the public library at 6:30 p.m., well within the posted weekday hours of 9 a.m. to 8 p.m., only to find the main entrance locked, all interior lights off, and no one inside. The digital sign outside still accurately displays the regular operating hours, and the surrounding area is illuminated by already-active streetlights, indicating that dusk has fallen and the library should be open for evening patrons. Nearby visitors confirm that the lights went out and the doors were sealed abruptly about twenty minutes earlier, with no announcements or warning. While the outage appears isolated to the building and might suggest an internal power failure affecting lighting and access controls, there was no flickering or electrical fluctuation reported—instead, emergency responders were seen entering through a side door with medical equipment, though they left without a stretcher or visible patient.","A patron arrives at the public library at 6:30 p.m., well within the posted weekday hours of 9 a.m. to 8 p.m., only to find the main entrance locked, all interior lights off, and no one inside. The digital sign outside still accurately displays the regular operating hours, and the surrounding area is illuminated by already-active streetlights, indicating that dusk has fallen and the library should be open for evening patrons. Nearby visitors confirm that the lights went out and the doors were sealed abruptly about twenty minutes earlier, with no announcements or warning. While the outage appears isolated to the building and might suggest an internal power failure affecting lighting and access controls, there was no flickering or electrical fluctuation reported—instead, emergency responders were seen entering through a side door with medical equipment, though they left without a stretcher or visible patient.",qwen.qwen3-235b-a22b-2507-v1:0,2025-12-31/2026-01-02,legacy
qwen3-235b-a22b-2507__artificial-intelligence__00,artificial intelligence,"000 Computer science, information and general works",Qwen3 235B A22B 2507,"A city’s automated traffic light system operates normally at all intersections during rush hour, except for one major junction where the lights cycle erratically—staying red for northbound traffic far longer than programmed, while side streets with little to no vehicles receive green signals. The anomaly persists for nearly 20 minutes, and no construction crews, downed power lines, or visible damage are present, nor has there been an emergency override reported by local authorities. Engineers later discover that a nearby AI-powered construction zone monitoring system had mistakenly broadcast a temporary traffic management signal due to a misclassified object—its cameras confused a large delivery drone hovering overhead with high-priority maintenance equipment—causing the smart traffic grid to enter an unlogged, adaptive coordination mode.","origin1: A nearby AI-powered construction zone monitoring system misclassified a large delivery drone hovering above the junction as high-priority maintenance equipment, triggering an unlogged adaptive coordination mode in the smart traffic grid that prioritized non-existent construction zone traffic flow.  
origin2: A firmware glitch in the traffic light controller at the affected junction caused a timing loop error that disproportionately extended red phases for northbound traffic while cycling through empty side streets, induced by a recent silent update that interacted unpredictably with local sensor inputs.","A nearby AI-powered construction zone monitoring system misclassified a large delivery drone hovering above the junction as high-priority maintenance equipment, triggering an unlogged adaptive coordination mode in the smart traffic grid that prioritized non-existent construction zone traffic flow.","A firmware glitch in the traffic light controller at the affected junction caused a timing loop error that disproportionately extended red phases for northbound traffic while cycling through empty side streets, induced by a recent silent update that interacted unpredictably with local sensor inputs.","During rush hour, a city’s automated traffic light system functions normally across all intersections except one major junction, where northbound traffic faces unusually long red signals while side streets with little to no vehicles routinely receive green lights. The erratic pattern continues for nearly 20 minutes, with no nearby construction crews, power outages, or physical damage detected, and no emergency overrides logged by transportation authorities. Engineers investigating the anomaly discover recent firmware updates had been silently pushed to traffic control units across the city—part of an ongoing effort to improve responsiveness to real-time traffic conditions. While initial analysis points to an external AI-powered construction monitoring system that briefly transmitted a traffic coordination signal after its cameras misidentified a hovering delivery drone as authorized maintenance equipment, deeper diagnostics reveal that the actual fault originated in a timing loop within the junction’s own controller, triggered unpredictably when the new firmware processed conflicting inputs from its embedded vehicle sensors, despite the update having passed all pre-deployment tests.","During rush hour, a city’s automated traffic light system functions normally across all intersections except one major junction, where northbound traffic faces unusually long red signals while side streets with little to no vehicles routinely receive green lights. The erratic pattern continues for nearly 20 minutes, with no nearby construction crews, power outages, or physical damage detected, and no emergency overrides logged by transportation authorities. Engineers investigating the anomaly discover recent firmware updates had been silently pushed to traffic control units across the city—part of an ongoing effort to improve responsiveness to real-time traffic conditions. While initial analysis points to an external AI-powered construction monitoring system that briefly transmitted a traffic coordination signal after its cameras misidentified a hovering delivery drone as authorized maintenance equipment, deeper diagnostics reveal that the actual fault originated in a timing loop within the junction’s own controller, triggered unpredictably when the new firmware processed conflicting inputs from its embedded vehicle sensors, despite the update having passed all pre-deployment tests.",qwen.qwen3-235b-a22b-2507-v1:0,2025-12-31/2026-01-02,legacy
qwen3-235b-a22b-2507__magazines__00,magazines,"000 Computer science, information and general works",Qwen3 235B A22B 2507,"On a Tuesday morning, a local resident stops by the corner newsstand to buy a copy of *The Weekly Review*, as she does every week. The newsstand is open, but the usual rack with the latest issue is empty, and no copies are visible behind the counter. The vendor confirms they didn’t receive the delivery that morning, despite it being 10:30 a.m.—well past the usual arrival time. The other magazines are stocked normally, and there’s no sign of weather-related delays or visible disruptions in the area, but the cause of the missing shipment remains unclear.","origin1: A minor labeling error at the regional distribution center caused *The Weekly Review* to be misrouted to a neighboring town’s delivery truck, where it was unloaded and shelved at a different newsstand unaware of the mistake.  
origin2: The delivery truck carrying *The Weekly Review* experienced a brief, unreported mechanical issue that delayed its route by several hours, with the driver failing to notify the distribution hub or newsstand due to a temporary communication outage.","A minor labeling error at the regional distribution center caused The Weekly Review to be misrouted to a neighboring town’s delivery truck, where it was unloaded and shelved at a different newsstand unaware of the mistake.","The delivery truck carrying The Weekly Review experienced a brief, unreported mechanical issue that delayed its route by several hours, with the driver failing to notify the distribution hub or newsstand due to a temporary communication outage.","On a Tuesday morning, a local resident stops by the corner newsstand to buy a copy of *The Weekly Review*, as she does every week. The newsstand is open, but the usual rack with the latest issue is empty, and no copies are visible behind the counter. The vendor confirms they didn’t receive the delivery that morning, despite it being 10:30 a.m.—well past the usual arrival time. The other magazines are stocked normally, and there’s no sign of weather-related delays or visible disruptions in the area, but the cause of the missing shipment remains unclear. Later that afternoon, a resident from a nearby town mentions casually that they were surprised to see *The Weekly Review* already on display at their local newsstand—an unusual occurrence, since that outlet typically doesn’t carry the publication.","On a Tuesday morning, a local resident stops by the corner newsstand to buy a copy of *The Weekly Review*, as she does every week. The newsstand is open, but the usual rack with the latest issue is empty, and no copies are visible behind the counter. The vendor confirms they didn’t receive the delivery that morning, despite it being 10:30 a.m.—well past the usual arrival time. The other magazines are stocked normally, and there’s no sign of weather-related delays or visible disruptions in the area, but the cause of the missing shipment remains unclear. Later that afternoon, a resident from a nearby town mentions casually that they were surprised to see *The Weekly Review* already on display at their local newsstand—an unusual occurrence, since that outlet typically doesn’t carry the publication.",qwen.qwen3-235b-a22b-2507-v1:0,2025-12-31/2026-01-02,legacy
qwen3-235b-a22b-2507__news-media__00,news media,"000 Computer science, information and general works",Qwen3 235B A22B 2507,"On a Tuesday morning, commuters arriving at the Westside Metro Station notice that the usually crowded southbound platform is completely empty, despite the electronic signs indicating that trains are running on schedule. The entrance turnstiles are operational, and station staff are present but refusing to allow passengers onto the platform, offering only brief, non-specific warnings about an “operational issue.” There are no visible signs of smoke, debris, or emergency vehicles near the entrance, and no public address announcements explain the closure, leaving passengers to board northbound trains or seek alternative routes without understanding the reason for the disruption.","origin1: A passenger with a medical emergency collapsed on the southbound track late the previous night, and although the individual was removed by emergency services, transit safety protocols require a full inspection of the rail alignment and signaling systems before resuming service, a process still underway during the morning rush.  
origin2: A small but undetected electrical fault in the trackside power system has triggered a fail-safe mode in the signaling network, automatically blocking train access to the platform; technicians are working to isolate the fault, but public communication systems are not synchronized with operational control updates.","A passenger with a medical emergency collapsed on the southbound track late the previous night, and although the individual was removed by emergency services, transit safety protocols require a full inspection of the rail alignment and signaling systems before resuming service, a process still underway during the morning rush.","A small but undetected electrical fault in the trackside power system has triggered a fail-safe mode in the signaling network, automatically blocking train access to the platform; technicians are working to isolate the fault, but public communication systems are not synchronized with operational control updates.","On a Tuesday morning, commuters arriving at the Westside Metro Station are met with an unusual scene: the typically packed southbound platform is eerily deserted, even though digital signage confirms trains are running on schedule and turnstiles remain fully functional. Station staff, stationed at the platform entrance, silently wave passengers away, offering only vague references to an “operational issue” when questioned. No emergency vehicles, debris, or damage are visible from the main concourse, and despite the presence of operational public address equipment, no announcements clarify the situation—leaving confused travelers to board northbound trains or find alternate transportation. Adding to the confusion, a local news report briefly circulates on social media, citing eyewitness claims of an ambulance seen near the station’s service entrance around midnight, fueling speculation of a medical incident. However, the true cause lies beneath the surface: an automated safety response initiated by a subtle electrical anomaly in the track power supply has silently disabled access to the platform, halting train movements despite no visible hazard or immediate danger.","On a Tuesday morning, commuters arriving at the Westside Metro Station are met with an unusual scene: the typically packed southbound platform is eerily deserted, even though digital signage confirms trains are running on schedule and turnstiles remain fully functional. Station staff, stationed at the platform entrance, silently wave passengers away, offering only vague references to an “operational issue” when questioned. No emergency vehicles, debris, or damage are visible from the main concourse, and despite the presence of operational public address equipment, no announcements clarify the situation—leaving confused travelers to board northbound trains or find alternate transportation. Adding to the confusion, a local news report briefly circulates on social media, citing eyewitness claims of an ambulance seen near the station’s service entrance around midnight, fueling speculation of a medical incident. However, the true cause lies beneath the surface: an automated safety response initiated by a subtle electrical anomaly in the track power supply has silently disabled access to the platform, halting train movements despite no visible hazard or immediate danger.",qwen.qwen3-235b-a22b-2507-v1:0,2025-12-31/2026-01-02,legacy
qwen3-235b-a22b-2507__philosophy__00,philosophy,100 Philosophy and psychology,Qwen3 235B A22B 2507,"On a Tuesday morning, a university philosophy lecturer arrives at the campus lecture hall expecting to find her 10:00 a.m. ethics seminar in progress, but the room is empty and the lights are off. The digital display outside confirms the room is scheduled for her class, and student enrollment records show 32 attendees. No announcements were made about a cancellation, and the department office is closed for an unforeseen staff meeting, leaving no immediate way to determine why the students and teaching assistant never appeared.","origin1: The university's classroom scheduling system experienced a silent synchronization error overnight, causing the lecture hall's digital display to incorrectly show the room as reserved for the ethics seminar while the students' and teaching assistant's calendar feeds reflected a last-minute temporary relocation to another building that never actually occurred.  
origin2: The teaching assistant, who typically opens the room and sets up materials, mistakenly believed the seminar had been moved to a different day due to a misread email about an upcoming guest lecture, and failed to notify the instructor or students before the class time.","The university's classroom scheduling system experienced a silent synchronization error overnight, causing the lecture hall's digital display to incorrectly show the room as reserved for the ethics seminar while the students' and teaching assistant's calendar feeds reflected a last-minute temporary relocation to another building that never actually occurred.","The teaching assistant, who typically opens the room and sets up materials, mistakenly believed the seminar had been moved to a different day due to a misread email about an upcoming guest lecture, and failed to notify the instructor or students before the class time.","On a Tuesday morning, a university philosophy lecturer arrives at the campus lecture hall expecting to find her 10:00 a.m. ethics seminar in progress, but the room is empty and the lights are off. The digital display outside confirms the room is scheduled for her class, and student enrollment records show 32 attendees. No announcements were made about a cancellation, and the department office is closed for an unforeseen staff meeting, leaving no immediate way to determine why the students and teaching assistant never appeared. Further investigation reveals that while the students’ calendars correctly listed the time and location, the teaching assistant—responsible for distributing session materials and unlocking auxiliary equipment—was seen at a café across town just before 10:00 a.m. reviewing notes for a different week’s topic, apparently under the impression the class had been rescheduled to Wednesday, a change that was never officially communicated or logged in the university system, though an email about a guest speaker visiting ""next week"" may have been misinterpreted.","On a Tuesday morning, a university philosophy lecturer arrives at the campus lecture hall expecting to find her 10:00 a.m. ethics seminar in progress, but the room is empty and the lights are off. The digital display outside confirms the room is scheduled for her class, and student enrollment records show 32 attendees. No announcements were made about a cancellation, and the department office is closed for an unforeseen staff meeting, leaving no immediate way to determine why the students and teaching assistant never appeared. Further investigation reveals that while the students’ calendars correctly listed the time and location, the teaching assistant—responsible for distributing session materials and unlocking auxiliary equipment—was seen at a café across town just before 10:00 a.m. reviewing notes for a different week’s topic, apparently under the impression the class had been rescheduled to Wednesday, a change that was never officially communicated or logged in the university system, though an email about a guest speaker visiting ""next week"" may have been misinterpreted.",qwen.qwen3-235b-a22b-2507-v1:0,2025-12-31/2026-01-02,legacy
qwen3-235b-a22b-2507__psychology__00,psychology,100 Philosophy and psychology,Qwen3 235B A22B 2507,"On a Tuesday morning at 8:15 AM, a school psychologist arrives at the elementary school where she works, only to find the main entrance locked and a notice posted stating that the counseling office is temporarily relocated to Room 105 due to ""unplanned facility adjustments."" The rest of the school is open, students are arriving normally, and there are no visible signs of maintenance or construction around the building. The usual morning routines are proceeding without disruption elsewhere, and no staff members are discussing the change in the office location in the hallway, leaving the reason for the relocation unclear despite the otherwise typical start to the school day.","origin1: A minor plumbing leak was detected overnight in the wall near the original counseling office, prompting facilities staff to seal the area to prevent moisture damage and mold, with the relocation to Room 105 serving as a short-term measure until repairs are assessed, but no formal announcement was made beyond the posted notice to avoid unnecessary concern.  
origin2: An incident involving a student in distress occurred late the previous afternoon in the counseling office, leading school administrators to temporarily close the room for private review of protocols and staff debriefing, with the relocation intended to maintain normal operations while minimizing attention to the situation.","A minor plumbing leak was detected overnight in the wall near the original counseling office, prompting facilities staff to seal the area to prevent moisture damage and mold, with the relocation to Room 105 serving as a short-term measure until repairs are assessed, but no formal announcement was made beyond the posted notice to avoid unnecessary concern.","An incident involving a student in distress occurred late the previous afternoon in the counseling office, leading school administrators to temporarily close the room for private review of protocols and staff debriefing, with the relocation intended to maintain normal operations while minimizing attention to the situation.","On a Tuesday morning at 8:15 AM, a school psychologist arrives at the elementary school where she works, only to find the main entrance locked and a notice posted stating that the counseling office is temporarily relocated to Room 105 due to ""unplanned facility adjustments."" The rest of the school is open, students are arriving normally, and there are no visible signs of maintenance or construction around the building. The usual morning routines are proceeding without disruption elsewhere, and no staff members are discussing the change in the office location in the hallway, leaving the reason for the relocation unclear despite the otherwise typical start to the school day. Earlier that morning, the custodial team was seen using a moisture detector near the original office's baseboards, and a stack of replacement tiles was left outside Room 105—details that suggest water damage might have prompted the move, though no official report was distributed.","On a Tuesday morning at 8:15 AM, a school psychologist arrives at the elementary school where she works, only to find the main entrance locked and a notice posted stating that the counseling office is temporarily relocated to Room 105 due to ""unplanned facility adjustments."" The rest of the school is open, students are arriving normally, and there are no visible signs of maintenance or construction around the building. The usual morning routines are proceeding without disruption elsewhere, and no staff members are discussing the change in the office location in the hallway, leaving the reason for the relocation unclear despite the otherwise typical start to the school day. Earlier that morning, the custodial team was seen using a moisture detector near the original office's baseboards, and a stack of replacement tiles was left outside Room 105—details that suggest water damage might have prompted the move, though no official report was distributed.",qwen.qwen3-235b-a22b-2507-v1:0,2025-12-31/2026-01-02,legacy
qwen3-235b-a22b-2507__dreams__00,dreams,100 Philosophy and psychology,Qwen3 235B A22B 2507,"In the middle of a Tuesday afternoon, you return to your usual parking spot near the office building after grabbing lunch, only to find a thick layer of fine, white sand covering the pavement and the lower parts of nearby cars. The weather has been dry and sunny all day, with no wind or construction activity visible in the area. Nearby sidewalks and streets are completely clear of sand, and there are no trucks, footprints, or signs of disturbance leading to or from the parking area—just this one isolated patch, deep enough to leave faint tire tracks, yet seemingly appearing out of nowhere.","origin1: A maintenance worker earlier that morning inadvertently left the hatch of an underground utility vault partially open after inspecting a section of the building’s drainage system, allowing a long-dormant accumulation of windblown desert sand trapped beneath the pavement over decades to gradually seep upward through the soil and fissures due to subtle ground settling, depositing a concentrated mound directly above the subsurface cavity.

origin2: A landscaping service delivering topsoil and decorative stones to a rooftop garden on the adjacent building used a crane to hoist materials in sealed fabric bags, one of which developed a small tear during ascent; as the crane arm swung over the parking area, trace amounts of fine white sand from within the compromised bag sifted out slowly and accumulated silently over several hours before the bag was noticed and replaced.","A maintenance worker earlier that morning inadvertently left the hatch of an underground utility vault partially open after inspecting a section of the building’s drainage system, allowing a long-dormant accumulation of windblown desert sand trapped beneath the pavement over decades to gradually seep upward through the soil and fissures due to subtle ground settling, depositing a concentrated mound directly above the subsurface cavity.","A landscaping service delivering topsoil and decorative stones to a rooftop garden on the adjacent building used a crane to hoist materials in sealed fabric bags, one of which developed a small tear during ascent; as the crane arm swung over the parking area, trace amounts of fine white sand from within the compromised bag sifted out slowly and accumulated silently over several hours before the bag was noticed and replaced.","On a clear, windless Tuesday afternoon, you return from lunch to discover a puzzling scene: a thick, localized deposit of fine white sand blanketing your usual parking spot near the office building, clinging to tire wells and coating the lower sections of nearby cars. The surrounding sidewalks and streets are entirely free of debris, with no tracks, recent construction, or overturned vehicles in sight—only this one concentrated patch, deep enough to hold faint impressions from passing tires. Curiously, a routine inspection earlier that morning did reveal a slightly ajar utility access hatch near the foundation of the building, leading some to suspect a slow emergence of long-trapped material from below, especially given the area’s historical proximity to dry, sandy soil formations. Yet, there were no signs of subsidence, moisture, or underground erosion, and neighboring spots just feet away remained completely untouched, as if the sand had fallen from above with unusual precision.","On a clear, windless Tuesday afternoon, you return from lunch to discover a puzzling scene: a thick, localized deposit of fine white sand blanketing your usual parking spot near the office building, clinging to tire wells and coating the lower sections of nearby cars. The surrounding sidewalks and streets are entirely free of debris, with no tracks, recent construction, or overturned vehicles in sight—only this one concentrated patch, deep enough to hold faint impressions from passing tires. Curiously, a routine inspection earlier that morning did reveal a slightly ajar utility access hatch near the foundation of the building, leading some to suspect a slow emergence of long-trapped material from below, especially given the area’s historical proximity to dry, sandy soil formations. Yet, there were no signs of subsidence, moisture, or underground erosion, and neighboring spots just feet away remained completely untouched, as if the sand had fallen from above with unusual precision.",qwen.qwen3-235b-a22b-2507-v1:0,2025-12-31/2026-01-02,legacy
qwen3-235b-a22b-2507__logic__00,logic,100 Philosophy and psychology,Qwen3 235B A22B 2507,"On a Tuesday morning, you arrive at your usual subway station at 8:15 a.m., just as you do every weekday, and notice the platform is completely empty. The digital display shows real-time train arrivals, all of which indicate ""Delayed — Next train in 25 min,"" despite no announcements on the public address system and no posted notices at the stairwell or ticket gates. The weather is clear, the trains on adjacent lines are running normally, and there are no visible signs of maintenance work, police activity, or obstructions on the tracks. The cause of the delay—such as a minor electrical fault detected by automated monitoring systems—remains undetectable without access to internal transit control information.","origin1: An automated trackside sensor detected a minor voltage fluctuation in the third rail power supply, triggering a silent fail-safe protocol that temporarily halts train entry into the affected segment until remote engineers confirm stability, with no public alert issued because the anomaly fell below the threshold requiring passenger notification.

origin2: A routine software synchronization between the signaling system and central dispatch inadvertently placed the line into a diagnostic hold mode, delaying all trains to allow the system to recalibrate, an event transparent to station infrastructure and visible only to backend operations staff.","An automated trackside sensor detected a minor voltage fluctuation in the third rail power supply, triggering a silent fail-safe protocol that temporarily halts train entry into the affected segment until remote engineers confirm stability, with no public alert issued because the anomaly fell below the threshold requiring passenger notification.","A routine software synchronization between the signaling system and central dispatch inadvertently placed the line into a diagnostic hold mode, delaying all trains to allow the system to recalibrate, an event transparent to station infrastructure and visible only to backend operations staff.","On a Tuesday morning, you arrive at your usual subway station at 8:15 a.m., just as you do every weekday, and notice the platform is completely empty. The digital display shows real-time train arrivals, all of which indicate ""Delayed — Next train in 25 min,"" despite no announcements on the public address system and no posted notices at the stairwell or ticket gates. The weather is clear, the trains on adjacent lines are running normally, and there are no visible signs of maintenance work, police activity, or obstructions on the tracks. Earlier that morning, maintenance logs confirm that automated sensors along the route registered a brief, sub-threshold voltage fluctuation in the third rail—well within operational tolerances—which did not trigger any alarms or safety cutoffs but coincided precisely with the onset of the delay. However, this electrical reading was later determined to be a routine variation, not requiring intervention. The actual cause of the delay—undetectable without access to internal transit control information—was a background maintenance process that, due to a timing overlap, initiated an unplanned synchronization cycle between the signaling system and central dispatch, placing the entire line into a silent diagnostic hold mode for system recalibration.","On a Tuesday morning, you arrive at your usual subway station at 8:15 a.m., just as you do every weekday, and notice the platform is completely empty. The digital display shows real-time train arrivals, all of which indicate ""Delayed — Next train in 25 min,"" despite no announcements on the public address system and no posted notices at the stairwell or ticket gates. The weather is clear, the trains on adjacent lines are running normally, and there are no visible signs of maintenance work, police activity, or obstructions on the tracks. Earlier that morning, maintenance logs confirm that automated sensors along the route registered a brief, sub-threshold voltage fluctuation in the third rail—well within operational tolerances—which did not trigger any alarms or safety cutoffs but coincided precisely with the onset of the delay. However, this electrical reading was later determined to be a routine variation, not requiring intervention. The actual cause of the delay—undetectable without access to internal transit control information—was a background maintenance process that, due to a timing overlap, initiated an unplanned synchronization cycle between the signaling system and central dispatch, placing the entire line into a silent diagnostic hold mode for system recalibration.",qwen.qwen3-235b-a22b-2507-v1:0,2025-12-31/2026-01-02,legacy
qwen3-235b-a22b-2507__ethics__00,ethics,100 Philosophy and psychology,Qwen3 235B A22B 2507,"On a Tuesday morning at 8:15 a.m., a delivery driver arrives at a suburban medical clinic to drop off a shipment of temperature-sensitive vaccines, as scheduled. The clinic’s exterior lights are off, the front door is locked, and the posted hours—open daily 7:00 a.m. to 6:00 p.m.—are clearly visible. A sign in the window reads “Open,” but no staff are visible through the windows, and the security system appears to be active, suggesting the building was not opened normally that day. There are no signs of emergency vehicles, damage, or public notices explaining the unusual closure, and nearby businesses are operating as usual, offering no obvious clues about what caused the deviation.","origin1: A power failure occurred overnight in the clinic alone due to a tripped circuit breaker linked to the main electrical panel, which disrupted the lighting, security system disarming sequence, and door locking mechanism, leaving the clinic physically inaccessible even though staff arrived on time and attempted to resolve the issue internally without triggering an external alarm.  
origin2: The clinic’s head nurse, responsible for opening the facility each morning, suffered a sudden medical emergency en route and was transported to a hospital, but no communication reached the rest of the staff or delivery contacts due to an unforeseen gap in the emergency protocol, causing the clinic to remain unopened despite no one being aware of the absence.","A power failure occurred overnight in the clinic alone due to a tripped circuit breaker linked to the main electrical panel, which disrupted the lighting, security system disarming sequence, and door locking mechanism, leaving the clinic physically inaccessible even though staff arrived on time and attempted to resolve the issue internally without triggering an external alarm.","The clinic’s head nurse, responsible for opening the facility each morning, suffered a sudden medical emergency en route and was transported to a hospital, but no communication reached the rest of the staff or delivery contacts due to an unforeseen gap in the emergency protocol, causing the clinic to remain unopened despite no one being aware of the absence.","On a Tuesday morning at 8:15 a.m., a delivery driver arrives at a suburban medical clinic to drop off a shipment of temperature-sensitive vaccines, as scheduled. The clinic’s exterior lights are off, the front door is locked, and the posted hours—open daily 7:00 a.m. to 6:00 p.m.—are clearly visible. A sign in the window reads “Open,” but no staff are visible through the windows, and the security system appears to be active, suggesting the building was not opened normally that day. There are no signs of emergency vehicles, damage, or public notices explaining the unusual closure, and nearby businesses are operating as usual, offering no obvious clues about what caused the deviation. Later, it is discovered that the circuit breaker for the clinic's main electrical panel had tripped the previous night — the same event that caused the door locks to engage automatically, disabled the alarm system from disarming remotely, and cut power to internal communications, preventing staff from coordinating after arriving. Despite these systemic failures, no one on-site activated emergency protocols or contacted external support, leaving the facility closed all morning without explanation.","On a Tuesday morning at 8:15 a.m., a delivery driver arrives at a suburban medical clinic to drop off a shipment of temperature-sensitive vaccines, as scheduled. The clinic’s exterior lights are off, the front door is locked, and the posted hours—open daily 7:00 a.m. to 6:00 p.m.—are clearly visible. A sign in the window reads “Open,” but no staff are visible through the windows, and the security system appears to be active, suggesting the building was not opened normally that day. There are no signs of emergency vehicles, damage, or public notices explaining the unusual closure, and nearby businesses are operating as usual, offering no obvious clues about what caused the deviation. Later, it is discovered that the circuit breaker for the clinic's main electrical panel had tripped the previous night — the same event that caused the door locks to engage automatically, disabled the alarm system from disarming remotely, and cut power to internal communications, preventing staff from coordinating after arriving. Despite these systemic failures, no one on-site activated emergency protocols or contacted external support, leaving the facility closed all morning without explanation.",qwen.qwen3-235b-a22b-2507-v1:0,2025-12-31/2026-01-02,legacy
qwen3-235b-a22b-2507__the-environment__00,the environment,300 Social sciences,Qwen3 235B A22B 2507,"On a Tuesday morning, you arrive at your usual bus stop downtown and notice that the electronic display, which normally shows real-time arrival times for all routes, is completely blank—no error message, no power indicator, just black. The other digital signs along the platform are working fine, and the buses themselves are running on schedule, arriving and departing without visible delay. The transit authority’s website shows no service alerts, and there’s no construction or visible damage near the kiosk. You observe several other passengers glancing at the dark screen before checking their phones.","origin1: A localized power fault in the display unit’s internal power supply has disabled the screen, possibly due to a failed converter or short circuit, while leaving the data connection and other platform electronics unaffected.  
origin2: The display was remotely deactivated by transit system technicians for an unannounced software update or diagnostic test, programmed to preserve operational systems like scheduling while temporarily suspending public-facing outputs.","A localized power fault in the display unit’s internal power supply has disabled the screen, possibly due to a failed converter or short circuit, while leaving the data connection and other platform electronics unaffected.","The display was remotely deactivated by transit system technicians for an unannounced software update or diagnostic test, programmed to preserve operational systems like scheduling while temporarily suspending public-facing outputs.","On a Tuesday morning, you arrive at your usual bus stop downtown and notice that the electronic display, which normally shows real-time arrival times for all routes, is completely blank—no error message, no power indicator, just black. The other digital signs along the platform are working fine, and the buses themselves are running on schedule, arriving and departing without visible delay. The transit authority’s website shows no service alerts, and there’s no construction or visible damage near the kiosk. You observe several other passengers glancing at the dark screen before checking their phones. A transit employee passes by shortly after and briefly inspects the unit, nodding to himself as if confirming an expected status, but makes no attempt to open the casing or perform repairs, instead jotting something on a clipboard and leaving promptly. Despite the outward appearance of a hardware malfunction, the system's data feed remains active—verified when a nearby passenger mentions that their transit app updated seconds ago with an approaching bus—yet the display stays dark, unaffected by the surrounding infrastructure's functionality.","On a Tuesday morning, you arrive at your usual bus stop downtown and notice that the electronic display, which normally shows real-time arrival times for all routes, is completely blank—no error message, no power indicator, just black. The other digital signs along the platform are working fine, and the buses themselves are running on schedule, arriving and departing without visible delay. The transit authority’s website shows no service alerts, and there’s no construction or visible damage near the kiosk. You observe several other passengers glancing at the dark screen before checking their phones. A transit employee passes by shortly after and briefly inspects the unit, nodding to himself as if confirming an expected status, but makes no attempt to open the casing or perform repairs, instead jotting something on a clipboard and leaving promptly. Despite the outward appearance of a hardware malfunction, the system's data feed remains active—verified when a nearby passenger mentions that their transit app updated seconds ago with an approaching bus—yet the display stays dark, unaffected by the surrounding infrastructure's functionality.",qwen.qwen3-235b-a22b-2507-v1:0,2025-12-31/2026-01-02,legacy
qwen3-235b-a22b-2507__politics__00,politics,300 Social sciences,Qwen3 235B A22B 2507,"On a Wednesday morning in early October, the state capitol's legislative office building opens later than usual—nearly an hour after its standard 7:00 a.m. start—despite no public announcement and clear weather. Security personnel are present but decline to explain the delay, simply directing staff to a temporary check-in station just inside the main doors. Inside, some lights remain off on the second floor, and several key committee rooms are locked, although no meetings were scheduled to conflict, and no maintenance signage is posted. The delay and restricted access persist until mid-morning, with no official reason released by the administrative office.","origin1: A covert internal investigation was initiated overnight into a potential security breach involving unauthorized access to a restricted legislative database, prompting protocol-driven lockdown measures and delayed access to sensitive areas until preliminary assessments were completed.  
origin2: Critical building management systems, including the main access control server, experienced a cascading failure due to a software update deployed late Tuesday evening, requiring manual override procedures and temporary reconfiguration that delayed normal operations without triggering external alerts.","A covert internal investigation was initiated overnight into a potential security breach involving unauthorized access to a restricted legislative database, prompting protocol-driven lockdown measures and delayed access to sensitive areas until preliminary assessments were completed.","Critical building management systems, including the main access control server, experienced a cascading failure due to a software update deployed late Tuesday evening, requiring manual override procedures and temporary reconfiguration that delayed normal operations without triggering external alerts.","On a Wednesday morning in early October, the state capitol's legislative office building opens nearly an hour later than its usual 7:00 a.m. start, despite clear weather and no public notice of delays. Security teams are stationed at the entrances, offering no explanation but redirecting staff to a temporary check-in point just inside the main doors. Inside, portions of the second floor remain dimly lit, and several key committee rooms are unexpectedly locked—even though no meetings or maintenance were scheduled—while IT personnel are seen moving discreetly between server closets and the administrative wing. Although rumors circulate about a potential data breach involving sensitive legislative records, no evidence of intrusion is later confirmed, and no official statement cites security concerns. Normal access gradually resumes by mid-morning, but the administrative office issues no clarification, leaving staff speculating about the cause of the disruption.","On a Wednesday morning in early October, the state capitol's legislative office building opens nearly an hour later than its usual 7:00 a.m. start, despite clear weather and no public notice of delays. Security teams are stationed at the entrances, offering no explanation but redirecting staff to a temporary check-in point just inside the main doors. Inside, portions of the second floor remain dimly lit, and several key committee rooms are unexpectedly locked—even though no meetings or maintenance were scheduled—while IT personnel are seen moving discreetly between server closets and the administrative wing. Although rumors circulate about a potential data breach involving sensitive legislative records, no evidence of intrusion is later confirmed, and no official statement cites security concerns. Normal access gradually resumes by mid-morning, but the administrative office issues no clarification, leaving staff speculating about the cause of the disruption.",qwen.qwen3-235b-a22b-2507-v1:0,2025-12-31/2026-01-02,legacy
qwen3-235b-a22b-2507__economics__00,economics,300 Social sciences,Qwen3 235B A22B 2507,"A commuter arrives at the subway station just before 8:30 a.m., during the peak workday rush, and finds an unusual delay alert displayed: Line 4 trains are running every 12 minutes instead of the usual 4-minute intervals. The station is fully staffed, no visible maintenance work is underway, and no accident reports have been issued. Though other lines are operating normally and the weather is clear, the reduced frequency persists for over an hour, affecting hundreds of passengers. The underlying cause—a minor software glitch in the signaling system at a key junction several miles away—was not apparent from the station’s appearance, announcements, or external conditions.","origin1: A redundant signaling processor at a critical junction automatically switched to backup mode due to a transient electrical fluctuation, causing the system to downrate train frequency as a safety precaution without triggering external alerts.  
origin2: An undetected software timing loop in the train调度 algorithm caused scheduled headways to incorrectly stretch from 4 to 12 minutes before self-correcting during a routine system sync.","A redundant signaling processor at a critical junction automatically switched to backup mode due to a transient electrical fluctuation, causing the system to downrate train frequency as a safety precaution without triggering external alerts.",An undetected software timing loop in the train调度 algorithm caused scheduled headways to incorrectly stretch from 4 to 12 minutes before self-correcting during a routine system sync.,"A commuter arrives at the subway station just before 8:30 a.m., during the peak workday rush, and finds an unusual delay alert displayed: Line 4 trains are running every 12 minutes instead of the usual 4-minute intervals. The station is fully staffed, no visible maintenance work is underway, and no accident reports have been issued. Though other lines are operating normally and the weather is clear, the reduced frequency persists for over an hour, affecting hundreds of passengers. The delay is particularly puzzling because system monitors at the station show no faults, and supervisors initially suspect a temporary hardware failover—later confirmed by logs showing that a redundant signaling processor at a critical junction had switched to backup mode during the outage, a fail-safe response typically triggered by electrical anomalies. However, investigators ultimately discover that no actual power fluctuation occurred; instead, an innocuous software update deployed overnight contained a latent bug that created an undetected timing loop in the train调度 algorithm, causing scheduled headways to incorrectly stretch from 4 to 12 minutes until the next routine system synchronization automatically corrected the cycle.","A commuter arrives at the subway station just before 8:30 a.m., during the peak workday rush, and finds an unusual delay alert displayed: Line 4 trains are running every 12 minutes instead of the usual 4-minute intervals. The station is fully staffed, no visible maintenance work is underway, and no accident reports have been issued. Though other lines are operating normally and the weather is clear, the reduced frequency persists for over an hour, affecting hundreds of passengers. The delay is particularly puzzling because system monitors at the station show no faults, and supervisors initially suspect a temporary hardware failover—later confirmed by logs showing that a redundant signaling processor at a critical junction had switched to backup mode during the outage, a fail-safe response typically triggered by electrical anomalies. However, investigators ultimately discover that no actual power fluctuation occurred; instead, an innocuous software update deployed overnight contained a latent bug that created an undetected timing loop in the train调度 algorithm, causing scheduled headways to incorrectly stretch from 4 to 12 minutes until the next routine system synchronization automatically corrected the cycle.",qwen.qwen3-235b-a22b-2507-v1:0,2025-12-31/2026-01-02,legacy
qwen3-235b-a22b-2507__education__00,education,300 Social sciences,Qwen3 235B A22B 2507,"A high school math teacher arrives at school one Tuesday morning to discover that all the classroom computers, including the interactive whiteboard, are offline, despite the district’s reliable network and no prior announcements of planned maintenance. Other teachers in adjacent classrooms report the same issue, but the school’s main office remains operational with full internet access, and no alarms or visible hardware failures are present in the IT closet near the second-floor wing. The school’s daily schedule proceeds as usual, but digital lesson plans and online testing must be postponed, and the technician says the cause won’t be known until the end of the day when logs from the internal network switches are analyzed.","origin1: A misconfigured VLAN assignment during a routine overnight security update inadvertently isolated all classroom network segments on the second floor from the core router, while leaving administrative VLANs unaffected, causing devices in instructional areas to lose connectivity despite full functionality elsewhere in the building.  
origin2: A recently installed motion-activated power conservation system on the second floor mistakenly cut power to network switches serving classrooms during off-hours, but failed to restore it fully upon occupancy detection, leaving the infrastructure unresponsive even though the physical connections and office systems remained intact.","A misconfigured VLAN assignment during a routine overnight security update inadvertently isolated all classroom network segments on the second floor from the core router, while leaving administrative VLANs unaffected, causing devices in instructional areas to lose connectivity despite full functionality elsewhere in the building.","A recently installed motion-activated power conservation system on the second floor mistakenly cut power to network switches serving classrooms during off-hours, but failed to restore it fully upon occupancy detection, leaving the infrastructure unresponsive even though the physical connections and office systems remained intact.","A high school math teacher arrives at school one Tuesday morning to discover that all the classroom computers, including the interactive whiteboard, are offline, despite the district’s reliable network and no prior announcements of planned maintenance. Other teachers in adjacent classrooms report the same issue, but the school’s main office remains operational with full internet access, and no alarms or visible hardware failures are present in the IT closet near the second-floor wing. The school’s daily schedule proceeds as usual, but digital lesson plans and online testing must be postponed, and the technician says the cause won’t be known until the end of the day when logs from the internal network switches are analyzed. Earlier that week, the district’s IT team performed a scheduled security update focused on network access controls, and preliminary inspection shows that classroom VLAN settings appear unchanged—yet traffic from instructional zones is not reaching the core router, suggesting a segmentation error. However, what ultimately emerges from the log analysis is that a recently installed motion-activated power conservation system on the second floor, intended to reduce energy use after school hours, had cut power to the network switches during the night and, despite motion being detected when staff arrived, failed to fully restore power to all units, leaving the switches in a powered-down state that mimicked a configuration failure even though the physical infrastructure was intact.","A high school math teacher arrives at school one Tuesday morning to discover that all the classroom computers, including the interactive whiteboard, are offline, despite the district’s reliable network and no prior announcements of planned maintenance. Other teachers in adjacent classrooms report the same issue, but the school’s main office remains operational with full internet access, and no alarms or visible hardware failures are present in the IT closet near the second-floor wing. The school’s daily schedule proceeds as usual, but digital lesson plans and online testing must be postponed, and the technician says the cause won’t be known until the end of the day when logs from the internal network switches are analyzed. Earlier that week, the district’s IT team performed a scheduled security update focused on network access controls, and preliminary inspection shows that classroom VLAN settings appear unchanged—yet traffic from instructional zones is not reaching the core router, suggesting a segmentation error. However, what ultimately emerges from the log analysis is that a recently installed motion-activated power conservation system on the second floor, intended to reduce energy use after school hours, had cut power to the network switches during the night and, despite motion being detected when staff arrived, failed to fully restore power to all units, leaving the switches in a powered-down state that mimicked a configuration failure even though the physical infrastructure was intact.",qwen.qwen3-235b-a22b-2507-v1:0,2025-12-31/2026-01-02,legacy
qwen3-235b-a22b-2507__customs-and-etiquette__00,customs and etiquette,300 Social sciences,Qwen3 235B A22B 2507,"On a Tuesday morning, a commuter arrives at the usual bus stop at 7:45 AM, just as she does every workday, only to find the stop unusually crowded and no bus arriving on schedule. The digital display at the stop indicates all buses are running normally, and there are no detour signs or visible obstructions along the street. Other passengers appear informed but do not explain the delay, and the reason—such as a minor accident two stops ahead that disrupted the route order without triggering system-wide alerts—cannot be determined from casual observation at that location.","origin1: A minor fender-bender occurred at a downstream intersection during peak traffic, causing a temporary blockage that delayed several buses on the route; although the incident was cleared quickly and did not prompt a formal service alert, it disrupted the scheduling rhythm enough to create a backlog of passengers at upstream stops like this one.  
origin2: The lead bus on the route experienced a brief technical malfunction that required a driver switch at a terminal without triggering a system-wide delay notification, causing subsequent buses to arrive later than usual while the digital display continued to report nominal operation based on the original timetable.","A minor fender-bender occurred at a downstream intersection during peak traffic, causing a temporary blockage that delayed several buses on the route; although the incident was cleared quickly and did not prompt a formal service alert, it disrupted the scheduling rhythm enough to create a backlog of passengers at upstream stops like this one.","The lead bus on the route experienced a brief technical malfunction that required a driver switch at a terminal without triggering a system-wide delay notification, causing subsequent buses to arrive later than usual while the digital display continued to report nominal operation based on the original timetable.","On a Tuesday morning at 7:45 AM, a commuter arrives at her regular bus stop to find an unusually large crowd of passengers and no sign of the usual bus. The digital display at the stop reads “On Schedule,” with no detour notices or visible disruptions nearby, and traffic flows smoothly along the route. Fellow commuters exchange knowing glances but offer no explanations, suggesting awareness of the issue—yet no official information is available. Although the system’s public-facing indicators show no delays, and no incidents have been reported along the roadway, the absence of the first bus of the day has caused a ripple effect, leaving subsequent buses to arrive in clusters much later than expected, with passengers accumulating at stops that rely on consistent timing. This disruption originated not from a roadway incident, but from an internal operational delay at the terminal that never made it into the real-time tracking system.","On a Tuesday morning at 7:45 AM, a commuter arrives at her regular bus stop to find an unusually large crowd of passengers and no sign of the usual bus. The digital display at the stop reads “On Schedule,” with no detour notices or visible disruptions nearby, and traffic flows smoothly along the route. Fellow commuters exchange knowing glances but offer no explanations, suggesting awareness of the issue—yet no official information is available. Although the system’s public-facing indicators show no delays, and no incidents have been reported along the roadway, the absence of the first bus of the day has caused a ripple effect, leaving subsequent buses to arrive in clusters much later than expected, with passengers accumulating at stops that rely on consistent timing. This disruption originated not from a roadway incident, but from an internal operational delay at the terminal that never made it into the real-time tracking system.",qwen.qwen3-235b-a22b-2507-v1:0,2025-12-31/2026-01-02,legacy
qwen3-235b-a22b-2507__language__00,language,400 Language,Qwen3 235B A22B 2507,"On a Tuesday morning, a commuter arrives at the usual bus stop downtown at 8:15 a.m., only to find that the bus bench is missing and has been replaced with fresh concrete footings, though no construction signs or workers are present. The bus schedule posted at the stop still lists normal service, and the surrounding sidewalks show no recent excavation or disruption. By the time the next bus arrives ten minutes later, the temporary shelter panel has also been removed, but no one nearby seems to know when or why the changes were made.","origin1:  
Overnight, a city infrastructure crew conducted an unscheduled, rapid replacement of the bus bench and shelter as part of a pilot program to install new vandal-resistant fixtures, completing the work in a single shift without advance public notice or on-site signage to minimize disruption.  

origin2:  
A private utility contractor, responding to an emergency underground cable fault near the stop, temporarily removed the bench and shelter to facilitate urgent repairs, then hastily restored the surface and removed all equipment before city inspectors arrived, intending to reinstall the fixtures the following day.","Overnight, a city infrastructure crew conducted an unscheduled, rapid replacement of the bus bench and shelter as part of a pilot program to install new vandal-resistant fixtures, completing the work in a single shift without advance public notice or on-site signage to minimize disruption.","A private utility contractor, responding to an emergency underground cable fault near the stop, temporarily removed the bench and shelter to facilitate urgent repairs, then hastily restored the surface and removed all equipment before city inspectors arrived, intending to reinstall the fixtures the following day.","On a Tuesday morning, a commuter arrives at the usual bus stop downtown at 8:15 a.m., only to find that the bus bench is missing and has been replaced with fresh concrete footings, though no construction signs or workers are present. The bus schedule posted at the stop still lists normal service, and the surrounding sidewalks show no recent excavation or disruption. By the time the next bus arrives ten minutes later, the temporary shelter panel has also been removed, but no one nearby seems to know when or why the changes were made. City transit logs confirm no scheduled upgrades or maintenance in the area, yet a local news brief from the previous evening mentions an abrupt power outage affecting several downtown blocks resolved by midnight—repairs that, according to internal utility records, required immediate access to a subterranean junction box directly beneath the bus stop, prompting a contractor to remove the fixtures overnight and conceal all signs of work before morning rush hour.","On a Tuesday morning, a commuter arrives at the usual bus stop downtown at 8:15 a.m., only to find that the bus bench is missing and has been replaced with fresh concrete footings, though no construction signs or workers are present. The bus schedule posted at the stop still lists normal service, and the surrounding sidewalks show no recent excavation or disruption. By the time the next bus arrives ten minutes later, the temporary shelter panel has also been removed, but no one nearby seems to know when or why the changes were made. City transit logs confirm no scheduled upgrades or maintenance in the area, yet a local news brief from the previous evening mentions an abrupt power outage affecting several downtown blocks resolved by midnight—repairs that, according to internal utility records, required immediate access to a subterranean junction box directly beneath the bus stop, prompting a contractor to remove the fixtures overnight and conceal all signs of work before morning rush hour.",qwen.qwen3-235b-a22b-2507-v1:0,2025-12-31/2026-01-02,legacy
qwen3-235b-a22b-2507__foreign-languages__00,foreign languages,400 Language,Qwen3 235B A22B 2507,"While walking to a scheduled French tutoring session at a small language school in Lyon, you arrive to find the classroom building unexpectedly locked, despite it being 10:15 a.m. on a Wednesday—well within the school’s standard operating hours. A printed notice in French is posted on the door, stating that all in-person classes are canceled for the day due to an internal staff training session. However, no email or announcement was sent to students in advance, and the school’s website and social media pages have not been updated. The neighboring businesses are open and operating normally, and there are no signs of a power outage, emergency, or other visible disruptions that would explain the closure.","origin1: The school’s primary administrative staff member responsible for student communications mistakenly believed that the staff training session was scheduled for the following week and failed to initiate the usual notification protocol, while the printed notice was posted by a colleague who assumed everyone else had already been informed.  
origin2: A last-minute decision was made by school management to hold an urgent mandatory training session in response to a regulatory compliance issue, and while the facility was quickly secured and the notice posted, the communication team was not notified in time to reach students through digital channels.","The school’s primary administrative staff member responsible for student communications mistakenly believed that the staff training session was scheduled for the following week and failed to initiate the usual notification protocol, while the printed notice was posted by a colleague who assumed everyone else had already been informed.","A last-minute decision was made by school management to hold an urgent mandatory training session in response to a regulatory compliance issue, and while the facility was quickly secured and the notice posted, the communication team was not notified in time to reach students through digital channels.","You arrive at the small language school in Lyon just after 10:15 a.m. on a Wednesday for your scheduled French tutoring session, only to find the classroom building locked without warning. A printed notice in French taped to the door explains that all in-person classes are canceled for the day due to an unscheduled internal staff training session. Surprisingly, no emails, text alerts, or social media updates were sent to inform students—none of which are visible even upon checking the website and online accounts—despite the school’s usual practice of sending timely notifications for such changes. Nearby shops and cafes are open, public transit is running normally, and there are no local news reports about city-wide issues or emergencies. One of the cleaning staff mentions overhearing teachers hurriedly gathering in the conference room earlier that morning, and you recall the school recently underwent a routine inspection by regional education officials the previous month, though no problems were officially reported at the time.","You arrive at the small language school in Lyon just after 10:15 a.m. on a Wednesday for your scheduled French tutoring session, only to find the classroom building locked without warning. A printed notice in French taped to the door explains that all in-person classes are canceled for the day due to an unscheduled internal staff training session. Surprisingly, no emails, text alerts, or social media updates were sent to inform students—none of which are visible even upon checking the website and online accounts—despite the school’s usual practice of sending timely notifications for such changes. Nearby shops and cafes are open, public transit is running normally, and there are no local news reports about city-wide issues or emergencies. One of the cleaning staff mentions overhearing teachers hurriedly gathering in the conference room earlier that morning, and you recall the school recently underwent a routine inspection by regional education officials the previous month, though no problems were officially reported at the time.",qwen.qwen3-235b-a22b-2507-v1:0,2025-12-31/2026-01-02,legacy
qwen3-235b-a22b-2507__classical-languages__00,classical languages,400 Language,Qwen3 235B A22B 2507,"On a Tuesday morning in a small Italian town, a Latin teacher arrives at the public library at 9:00 AM, as she has every Tuesday for the past three years, to access rare 16th-century editions of Cicero’s works. The library door is locked, and the posted hours—8:30 AM to 6:00 PM weekdays—are clearly displayed. A handwritten note in Italian is taped to the glass, stating the library will reopen at noon, but no reason is given. All lights inside are off, no staff are visible, and no construction or obvious disruption is apparent in the surrounding area. The silence and lack of any external clues make it impossible to determine whether the closure is due to a staff emergency, a power issue affecting only the building, or an administrative decision not evident to passersby.","origin1: A key member of the library staff suffered a sudden medical emergency that morning, requiring immediate hospitalization, and the remaining staff initiated an unplanned closure to manage the situation privately while awaiting administrative guidance.  
origin2: An undetected water leak beneath the building's main electrical panel caused a localized power shutdown that disabled the door locks and lighting, prompting a temporary closure until maintenance personnel could assess and resolve the issue safely.","A key member of the library staff suffered a sudden medical emergency that morning, requiring immediate hospitalization, and the remaining staff initiated an unplanned closure to manage the situation privately while awaiting administrative guidance.","An undetected water leak beneath the building's main electrical panel caused a localized power shutdown that disabled the door locks and lighting, prompting a temporary closure until maintenance personnel could assess and resolve the issue safely.","On a Tuesday morning in a small Italian town, a Latin teacher arrives at the public library at 9:00 AM, as she has every Tuesday for the past three years, to access rare 16th-century editions of Cicero’s works. The library door is locked, and the posted hours—8:30 AM to 6:00 PM weekdays—are clearly displayed. A handwritten note in Italian is taped to the glass, stating the library will reopen at noon, but no reason is given. All lights inside are off, no staff are visible, and no construction or obvious disruption is apparent in the surrounding area. A neighbor later mentions seeing the head librarian rush into the building briefly around 8:15 AM with a look of distress before leaving again moments later, calling urgently into a mobile phone. Surveillance footage, though not publicly available, confirms no staff entered after that time and no signs of illness, injury, or emergency response activity ever reached the site. The silence and lack of any external clues make it impossible to determine whether the closure is due to a staff emergency, a power issue affecting only the building, or an administrative decision not evident to passersby.","On a Tuesday morning in a small Italian town, a Latin teacher arrives at the public library at 9:00 AM, as she has every Tuesday for the past three years, to access rare 16th-century editions of Cicero’s works. The library door is locked, and the posted hours—8:30 AM to 6:00 PM weekdays—are clearly displayed. A handwritten note in Italian is taped to the glass, stating the library will reopen at noon, but no reason is given. All lights inside are off, no staff are visible, and no construction or obvious disruption is apparent in the surrounding area. A neighbor later mentions seeing the head librarian rush into the building briefly around 8:15 AM with a look of distress before leaving again moments later, calling urgently into a mobile phone. Surveillance footage, though not publicly available, confirms no staff entered after that time and no signs of illness, injury, or emergency response activity ever reached the site. The silence and lack of any external clues make it impossible to determine whether the closure is due to a staff emergency, a power issue affecting only the building, or an administrative decision not evident to passersby.",qwen.qwen3-235b-a22b-2507-v1:0,2025-12-31/2026-01-02,legacy
qwen3-235b-a22b-2507__dictionaries__00,dictionaries,400 Language,Qwen3 235B A22B 2507,"While walking past the public library on a weekday morning, you notice that the large rotating dictionary display near the entrance—normally stocked with updated reference volumes—is entirely empty. The glass case is undamaged, the alarm system shows no signs of activation, and library staff are present elsewhere in the building, going about their duties normally. The absence of the dictionaries is conspicuous, but there is no visible explanation, such as a sign, maintenance activity, or construction work, to indicate why they were removed.","origin1:  
The dictionaries were quietly removed the previous night by library personnel as part of a planned digital transition initiative, in which physical reference materials are being systematically archived to make space for interactive learning kiosks, with public announcement scheduled for next week.

origin2:  
A minor structural inspection revealed subtle stress marks near the display's mounting point, prompting facility staff to remove the heavy volumes temporarily to prevent potential collapse, with repairs planned for the weekend when the library is closed.","The dictionaries were quietly removed the previous night by library personnel as part of a planned digital transition initiative, in which physical reference materials are being systematically archived to make space for interactive learning kiosks, with public announcement scheduled for next week.","A minor structural inspection revealed subtle stress marks near the display's mounting point, prompting facility staff to remove the heavy volumes temporarily to prevent potential collapse, with repairs planned for the weekend when the library is closed.","On a quiet weekday morning, as you pass the public library, you pause at the entrance to find the large rotating dictionary display—usually filled with well-kept reference volumes—completely empty. The glass case remains intact, no alarms have been triggered, and no warning signs or notices are posted nearby. Library staff move about inside, attending to their usual tasks without apparent concern, yet no explanation for the sudden absence is visible. Interestingly, near the display, you spot a stack of pamphlets previewing a new “Future of Learning” exhibition featuring digital research stations, set to launch next week, though no formal upgrades have been publicly advertised yet. The removal appears deliberate, but not urgent—no tools or barricades are present, and the base of the display shows faint scuff marks, as if the books were recently lifted away with care.","On a quiet weekday morning, as you pass the public library, you pause at the entrance to find the large rotating dictionary display—usually filled with well-kept reference volumes—completely empty. The glass case remains intact, no alarms have been triggered, and no warning signs or notices are posted nearby. Library staff move about inside, attending to their usual tasks without apparent concern, yet no explanation for the sudden absence is visible. Interestingly, near the display, you spot a stack of pamphlets previewing a new “Future of Learning” exhibition featuring digital research stations, set to launch next week, though no formal upgrades have been publicly advertised yet. The removal appears deliberate, but not urgent—no tools or barricades are present, and the base of the display shows faint scuff marks, as if the books were recently lifted away with care.",qwen.qwen3-235b-a22b-2507-v1:0,2025-12-31/2026-01-02,legacy
qwen3-235b-a22b-2507__grammar__00,grammar,400 Language,Qwen3 235B A22B 2507,"A local public library typically opens at 9:00 a.m. and remains open until 5:00 p.m., Monday through Friday. On a given Tuesday morning, several regular patrons arrive at 9:15 a.m. to find the doors still locked and the interior lights off, despite no posted notices about closures or holidays, and the sign in the window still displaying normal hours. The automated phone system also continues to list standard operating times, and no weather event or public emergency has occurred that might explain the delay—yet staff are unseen, and there is no obvious indication of why the library has not opened on time.","origin1: A staff member responsible for opening the library arrived on time but was unexpectedly detained in a malfunctioning staff elevator between floors, rendering them unable to unlock the doors or activate the lights, and the distress signal from the elevator failed to trigger an immediate external alert.  
origin2: A minor power fluctuation overnight disrupted the building's access control system, causing the electronic door locks to remain engaged despite the scheduled unlock time, and the system failed to log the fault or notify maintenance automatically.","A staff member responsible for opening the library arrived on time but was unexpectedly detained in a malfunctioning staff elevator between floors, rendering them unable to unlock the doors or activate the lights, and the distress signal from the elevator failed to trigger an immediate external alert.","A minor power fluctuation overnight disrupted the building's access control system, causing the electronic door locks to remain engaged despite the scheduled unlock time, and the system failed to log the fault or notify maintenance automatically.","A local public library typically opens at 9:00 a.m. and remains open until 5:00 p.m., Monday through Friday. On a given Tuesday morning, several regular patrons arrive at 9:15 a.m. to find the doors still locked and the interior lights off, despite no posted notices about closures or holidays, and the sign in the window still displaying normal hours. The automated phone system also continues to list standard operating times, and no weather event or public emergency has occurred that might explain the delay—yet staff are unseen, and there is no obvious indication of why the library has not opened on time. Security footage later shows that the head librarian arrived at 8:52 a.m., swiped their access card at the staff entrance, and entered the building without issue, but no lights were turned on and the public doors remained locked. While reviewing internal systems, technicians discover that although the backup generator cycle completed normally and no circuit breakers had tripped, the central access control panel is displaying an outdated scheduled lock state, and a manual override is required to restore automatic operations.","A local public library typically opens at 9:00 a.m. and remains open until 5:00 p.m., Monday through Friday. On a given Tuesday morning, several regular patrons arrive at 9:15 a.m. to find the doors still locked and the interior lights off, despite no posted notices about closures or holidays, and the sign in the window still displaying normal hours. The automated phone system also continues to list standard operating times, and no weather event or public emergency has occurred that might explain the delay—yet staff are unseen, and there is no obvious indication of why the library has not opened on time. Security footage later shows that the head librarian arrived at 8:52 a.m., swiped their access card at the staff entrance, and entered the building without issue, but no lights were turned on and the public doors remained locked. While reviewing internal systems, technicians discover that although the backup generator cycle completed normally and no circuit breakers had tripped, the central access control panel is displaying an outdated scheduled lock state, and a manual override is required to restore automatic operations.",qwen.qwen3-235b-a22b-2507-v1:0,2025-12-31/2026-01-02,legacy
qwen3-235b-a22b-2507__natural-science__00,natural science,500 Pure science,Qwen3 235B A22B 2507,"On a clear summer morning in a suburban neighborhood, a homeowner notices that the swimming pool cover is partially ajar and water has overflowed onto the surrounding deck, despite no recent rainfall and the pool’s water level typically remaining stable. The automatic pool cleaner was running as scheduled the previous evening, and no one has accessed the pool area since. The overflow does not appear to be caused by wind or evaporation, and there are no visible cracks in the pool structure or signs of hose usage nearby. The underlying cause—such as a temporary pressure surge in the municipal water supply that backfilled the pool through an unnoticed malfunction in the refill valve—cannot be determined without checking internal plumbing systems or utility logs.","origin1: A temporary pressure surge in the municipal water supply overnight caused the pool's automatic refill valve to malfunction, allowing an unanticipated influx of water that gradually raised the level until it spilled over the edge.  
origin2: The automatic pool cleaner's movement during its cycle dislodged a small but critical seal in the skimmer box, leading to a slow recirculation imbalance that gradually increased the apparent water level until overflow occurred.","A temporary pressure surge in the municipal water supply overnight caused the pool's automatic refill valve to malfunction, allowing an unanticipated influx of water that gradually raised the level until it spilled over the edge.","The automatic pool cleaner's movement during its cycle dislodged a small but critical seal in the skimmer box, leading to a slow recirculation imbalance that gradually increased the apparent water level until overflow occurred.","On a clear summer morning in a suburban neighborhood, a homeowner discovers that the swimming pool cover is partially ajar and water has spilled onto the deck, forming a wide, shallow puddle that glistens in the sunlight. There has been no recent rainfall, the weather has been calm, and evaporation would have lowered the water level, not raised it. The automatic pool cleaner ran its usual overnight cycle, and the home security system shows no entry into the pool area. A quick inspection reveals no cracks in the pool, no sign of a backed-up hose, and the refill valve appears to be in proper working order, with no immediate evidence of external water influx. However, municipal records later confirm a brief but intense pressure spike in the local water system during the night—around the same time the pool cleaner was most active—suggesting the surge may have forced the refill valve open. Despite this, the real cause lies in a subtle internal disruption: the repeated motion of the pool cleaner inadvertently jostled a deteriorating seal in the skimmer box, creating a minor but persistent recirculation loop that slowly inflated the perceived water volume until it breached the pool’s edge, a flaw that only becomes evident upon dismantling the filtration housing.","On a clear summer morning in a suburban neighborhood, a homeowner discovers that the swimming pool cover is partially ajar and water has spilled onto the deck, forming a wide, shallow puddle that glistens in the sunlight. There has been no recent rainfall, the weather has been calm, and evaporation would have lowered the water level, not raised it. The automatic pool cleaner ran its usual overnight cycle, and the home security system shows no entry into the pool area. A quick inspection reveals no cracks in the pool, no sign of a backed-up hose, and the refill valve appears to be in proper working order, with no immediate evidence of external water influx. However, municipal records later confirm a brief but intense pressure spike in the local water system during the night—around the same time the pool cleaner was most active—suggesting the surge may have forced the refill valve open. Despite this, the real cause lies in a subtle internal disruption: the repeated motion of the pool cleaner inadvertently jostled a deteriorating seal in the skimmer box, creating a minor but persistent recirculation loop that slowly inflated the perceived water volume until it breached the pool’s edge, a flaw that only becomes evident upon dismantling the filtration housing.",qwen.qwen3-235b-a22b-2507-v1:0,2025-12-31/2026-01-02,legacy
qwen3-235b-a22b-2507__mathematics__00,mathematics,500 Pure science,Qwen3 235B A22B 2507,"A mathematics professor arrives at the university lecture hall ten minutes before a scheduled exam, only to find the room locked and the exam materials missing from the usual cabinet. The building is open, classes are being held in adjacent rooms, and the master key log shows no record of the room being accessed that day. The professor confirms with the department secretary that the exam was properly submitted for copying and distribution, yet neither the teaching assistant nor the facilities staff can locate the materials, and security footage from the night before is partially corrupted without explanation.","origin1: The exam materials were mistakenly placed in a temporary storage cart designated for rooms under maintenance, after a janitorial staffer misread the labeling on the cabinet and assumed the drawer belonged to a room scheduled for cleaning, a detail omitted from the official maintenance roster due to a clerical error.  
origin2: A well-intentioned but unauthorized faculty member relocated the exam materials to a secure off-site backup office after seeing the cabinet slightly ajar the previous evening, believing they were preventing a security risk, and forgot to log or communicate the move before going on a previously unannounced research leave.","The exam materials were mistakenly placed in a temporary storage cart designated for rooms under maintenance, after a janitorial staffer misread the labeling on the cabinet and assumed the drawer belonged to a room scheduled for cleaning, a detail omitted from the official maintenance roster due to a clerical error.","A well-intentioned but unauthorized faculty member relocated the exam materials to a secure off-site backup office after seeing the cabinet slightly ajar the previous evening, believing they were preventing a security risk, and forgot to log or communicate the move before going on a previously unannounced research leave.","A mathematics professor arrives at the university lecture hall ten minutes before a scheduled exam to discover the room locked and the exam materials absent from the designated cabinet, despite having confirmed with the department secretary that they were properly submitted for copying and placement. The building is otherwise operational, with classes underway in nearby rooms, and the master key log indicates no access to the lecture hall that day. The facilities staff insists no maintenance was performed, though a partially emptied cleaning cart was found just around the corner the previous evening, labeled with a room number adjacent to the lecture hall—an apparent coincidence, as no maintenance had been scheduled for that area. The teaching assistant, who usually handles distribution, claims no responsibility, and security footage from the night before shows an obscured figure near the cabinet before a sudden, unexplained corruption in the recording. What neither the custodial logs nor the security team can clarify is why the exams were found two days later in a fire-safe archival office downtown, a facility used by only a few senior faculty for emergency document storage, none of whom reported moving them.","A mathematics professor arrives at the university lecture hall ten minutes before a scheduled exam to discover the room locked and the exam materials absent from the designated cabinet, despite having confirmed with the department secretary that they were properly submitted for copying and placement. The building is otherwise operational, with classes underway in nearby rooms, and the master key log indicates no access to the lecture hall that day. The facilities staff insists no maintenance was performed, though a partially emptied cleaning cart was found just around the corner the previous evening, labeled with a room number adjacent to the lecture hall—an apparent coincidence, as no maintenance had been scheduled for that area. The teaching assistant, who usually handles distribution, claims no responsibility, and security footage from the night before shows an obscured figure near the cabinet before a sudden, unexplained corruption in the recording. What neither the custodial logs nor the security team can clarify is why the exams were found two days later in a fire-safe archival office downtown, a facility used by only a few senior faculty for emergency document storage, none of whom reported moving them.",qwen.qwen3-235b-a22b-2507-v1:0,2025-12-31/2026-01-02,legacy
qwen3-235b-a22b-2507__physics__00,physics,500 Pure science,Qwen3 235B A22B 2507,"One morning, a homeowner notices that their electric kettle, which had been working perfectly the night before, fails to heat water when switched on the next day. All other appliances in the kitchen—such as the microwave, toaster, and lights—are functioning normally, and the circuit breaker panel shows no tripped switches. The kettle's indicator light turns on, suggesting power is reaching the device, yet the water remains cold after several minutes. There is no visible damage, and the outlet tests functional with a multimeter. The exact cause—such as a partial failure in the internal heating element due to localized microfractures from thermal stress—cannot be determined without disassembling the appliance or using specialized diagnostic tools.","origin1: The kettle's heating element developed a microscopic internal fracture overnight due to accumulated thermal stress from repeated heating and cooling cycles, disrupting electrical continuity just enough to prevent heating while still allowing the indicator light to operate.  
origin2: A loose connection within the kettle's base or between the kettle and its power base—caused by minor wear from frequent use—created high resistance at the contact point, reducing current flow to a level insufficient for heating but still enough to power the low-draw indicator light.","The kettle's heating element developed a microscopic internal fracture overnight due to accumulated thermal stress from repeated heating and cooling cycles, disrupting electrical continuity just enough to prevent heating while still allowing the indicator light to operate.","A loose connection within the kettle's base or between the kettle and its power base—caused by minor wear from frequent use—created high resistance at the contact point, reducing current flow to a level insufficient for heating but still enough to power the low-draw indicator light.","One morning, a homeowner finds that their electric kettle, which had worked flawlessly the previous evening, no longer heats water despite appearing to turn on normally—the indicator light glows, the power switch clicks into place, and the outlet is confirmed live with a multimeter. All other kitchen appliances operate without issue, and the circuit breaker remains in the ""on"" position, showing no signs of tripping. Curiously, when the kettle is placed on the base, it emits a faint buzzing sound, and the base feels slightly warm to the touch after repeated attempts, suggesting some electrical activity is occurring. The kettle’s heating element had been replaced six months earlier during a routine repair, and since then, the device has been used daily without incident. Though the exterior shows no signs of damage, the persistent lack of heating despite the powered indicator light points to a hidden fault that affects only the high-current function of the device.","One morning, a homeowner finds that their electric kettle, which had worked flawlessly the previous evening, no longer heats water despite appearing to turn on normally—the indicator light glows, the power switch clicks into place, and the outlet is confirmed live with a multimeter. All other kitchen appliances operate without issue, and the circuit breaker remains in the ""on"" position, showing no signs of tripping. Curiously, when the kettle is placed on the base, it emits a faint buzzing sound, and the base feels slightly warm to the touch after repeated attempts, suggesting some electrical activity is occurring. The kettle’s heating element had been replaced six months earlier during a routine repair, and since then, the device has been used daily without incident. Though the exterior shows no signs of damage, the persistent lack of heating despite the powered indicator light points to a hidden fault that affects only the high-current function of the device.",qwen.qwen3-235b-a22b-2507-v1:0,2025-12-31/2026-01-02,legacy
qwen3-235b-a22b-2507__chemistry__00,chemistry,500 Pure science,Qwen3 235B A22B 2507,"A high school chemistry teacher prepares a demonstration of copper(II) sulfate crystallization, dissolving 40 grams of the blue crystals in 100 mL of near-boiling water to make a saturated solution, as she has done successfully many times before. She carefully covers the beaker with a watch glass and leaves it undisturbed overnight in the classroom, expecting well-formed crystals by the next morning. However, upon checking the next day, she finds only a thin crust around the rim and minimal crystal growth in the solution, despite no visible disturbances, open windows, or changes in room temperature that could explain the poor crystallization. The lack of convection currents due to unusually stable air in the room—possibly caused by a recent HVAC system adjustment—reduced evaporation and nucleation sites, but this subtle environmental factor is not detectable through casual observation.","origin1: The tap water used to prepare the solution had a slightly higher concentration of dissolved ions due to temporary changes in municipal water supply, which interfered with crystal lattice formation and suppressed nucleation, leading to minimal crystal growth despite proper saturation.  
origin2: The watch glass, though appearing clean, retained trace residues from a previous cleaning with a silicone-based polish that created a molecular barrier at the air-liquid interface, inhibiting evaporation and surface nucleation necessary for robust crystallization.","The tap water used to prepare the solution had a slightly higher concentration of dissolved ions due to temporary changes in municipal water supply, which interfered with crystal lattice formation and suppressed nucleation, leading to minimal crystal growth despite proper saturation.","The watch glass, though appearing clean, retained trace residues from a previous cleaning with a silicone-based polish that created a molecular barrier at the air-liquid interface, inhibiting evaporation and surface nucleation necessary for robust crystallization.","A high school chemistry teacher prepares her usual demonstration of copper(II) sulfate crystallization, dissolving 40 grams of the vivid blue crystals in 100 mL of near-boiling water to create a saturated solution—a procedure she has executed successfully for years. She covers the beaker with a watch glass she believes to be clean and leaves it undisturbed overnight in the classroom, expecting to see large, well-formed crystals the next morning. To her surprise, only a thin crust forms along the rim, with little to no crystal development in the bulk solution. There were no drafts, open windows, or fluctuations in room temperature, and the classroom’s newly optimized HVAC system had maintained exceptionally stable air conditions, seemingly ideal for slow crystallization. Notably, the school had recently switched to a different water source for maintenance reasons, prompting rumors of altered mineral content in the tap water, which many suspect could disrupt sensitive chemical processes. Despite these environmental controls and water changes, the real issue was not in the air or the water, but at the surface: the watch glass, though visually spotless, had been wiped with a cloth previously used with a silicone-based polish, leaving behind an invisible film that reduced surface tension and evaporation, effectively stifling the nucleation process crucial for crystal growth.","A high school chemistry teacher prepares her usual demonstration of copper(II) sulfate crystallization, dissolving 40 grams of the vivid blue crystals in 100 mL of near-boiling water to create a saturated solution—a procedure she has executed successfully for years. She covers the beaker with a watch glass she believes to be clean and leaves it undisturbed overnight in the classroom, expecting to see large, well-formed crystals the next morning. To her surprise, only a thin crust forms along the rim, with little to no crystal development in the bulk solution. There were no drafts, open windows, or fluctuations in room temperature, and the classroom’s newly optimized HVAC system had maintained exceptionally stable air conditions, seemingly ideal for slow crystallization. Notably, the school had recently switched to a different water source for maintenance reasons, prompting rumors of altered mineral content in the tap water, which many suspect could disrupt sensitive chemical processes. Despite these environmental controls and water changes, the real issue was not in the air or the water, but at the surface: the watch glass, though visually spotless, had been wiped with a cloth previously used with a silicone-based polish, leaving behind an invisible film that reduced surface tension and evaporation, effectively stifling the nucleation process crucial for crystal growth.",qwen.qwen3-235b-a22b-2507-v1:0,2025-12-31/2026-01-02,legacy
qwen3-235b-a22b-2507__biology__00,biology,500 Pure science,Qwen3 235B A22B 2507,"On a typical spring morning, a biology researcher arrives at a university greenhouse to collect leaf samples from a controlled cohort of Arabidopsis thaliana plants grown under identical light, temperature, and watering conditions. The plants in one growth chamber show significantly higher rates of stomatal opening compared to those in the other chambers, despite all environmental parameters being logged as uniform. The automated monitoring system shows no anomalies in light intensity, humidity, or CO₂ levels for that chamber, and there are no visible signs of equipment malfunction or human interference, making the cause of the physiological difference unclear without further diagnostic testing.","origin1: A minor, undetected air leak in the CO₂ delivery tubing of the affected chamber's regulation system caused fluctuating CO₂ concentrations below the recorded average, triggering increased stomatal opening as a physiological response, even though the sensor's averaged readings remained within normal bounds due to measurement smoothing.  
origin2: The light diffuser panel above the affected chamber had gradually degraded over time due to UV exposure, subtly altering the spectral quality of the light without reducing overall intensity, which influenced photoreceptor signaling and promoted stomatal aperture despite nominal light levels appearing unchanged.","A minor, undetected air leak in the CO₂ delivery tubing of the affected chamber's regulation system caused fluctuating CO₂ concentrations below the recorded average, triggering increased stomatal opening as a physiological response, even though the sensor's averaged readings remained within normal bounds due to measurement smoothing.","The light diffuser panel above the affected chamber had gradually degraded over time due to UV exposure, subtly altering the spectral quality of the light without reducing overall intensity, which influenced photoreceptor signaling and promoted stomatal aperture despite nominal light levels appearing unchanged.","On a typical spring morning, a biology researcher arrives at a university greenhouse to collect leaf samples from a controlled cohort of *Arabidopsis thaliana* plants grown under identical light, temperature, and watering conditions. The plants in one growth chamber show significantly higher rates of stomatal opening compared to those in the other chambers, despite all environmental parameters being logged as uniform. The automated monitoring system shows no anomalies in light intensity, humidity, or CO₂ levels for that chamber, and there are no visible signs of equipment malfunction or human interference, making the cause of the physiological difference unclear without further diagnostic testing. Notably, the CO₂ sensors in that chamber have consistently recorded stable levels, though detailed analysis later reveals that the data logs average readings over 15-minute intervals, potentially masking short-term fluctuations that could influence plant physiology—yet no physical damage or disconnections are found in the gas delivery system, and recalibration confirms the sensors were functioning accurately throughout the experiment.","On a typical spring morning, a biology researcher arrives at a university greenhouse to collect leaf samples from a controlled cohort of *Arabidopsis thaliana* plants grown under identical light, temperature, and watering conditions. The plants in one growth chamber show significantly higher rates of stomatal opening compared to those in the other chambers, despite all environmental parameters being logged as uniform. The automated monitoring system shows no anomalies in light intensity, humidity, or CO₂ levels for that chamber, and there are no visible signs of equipment malfunction or human interference, making the cause of the physiological difference unclear without further diagnostic testing. Notably, the CO₂ sensors in that chamber have consistently recorded stable levels, though detailed analysis later reveals that the data logs average readings over 15-minute intervals, potentially masking short-term fluctuations that could influence plant physiology—yet no physical damage or disconnections are found in the gas delivery system, and recalibration confirms the sensors were functioning accurately throughout the experiment.",qwen.qwen3-235b-a22b-2507-v1:0,2025-12-31/2026-01-02,legacy
qwen3-235b-a22b-2507__health-and-medicine__00,health and medicine,600 Technology,Qwen3 235B A22B 2507,"A 45-year-old patient arrives at a primary care clinic for a scheduled cholesterol follow-up, expecting to have a standard blood draw as part of routine monitoring. The phlebotomy lab informs her that her test cannot be processed that day, despite normal operating hours and staffing. No other patients appear to be affected, and the equipment shows no visible malfunctions. Later, it is revealed that the electronic lab order had been incorrectly tagged with a research protocol flag due to a back-end software synchronization error—something undetectable to both patient and staff through observation alone, and which required IT intervention to resolve.","origin1: A recent software update in the electronic health record system created a temporary synchronization conflict between the clinic’s scheduling module and the lab processing system, causing isolated orders—based on subtle timing patterns during batch transfers—to be misclassified under a research protocol without any user-facing indication.

origin2: A corrupted data field in the patient’s electronic record, originating from a previously discontinued research study she had once participated in, was inadvertently reactivated during a routine background data migration, triggering a silent flag that blocked standard lab processing despite no active enrollment.","A recent software update in the electronic health record system created a temporary synchronization conflict between the clinic’s scheduling module and the lab processing system, causing isolated orders—based on subtle timing patterns during batch transfers—to be misclassified under a research protocol without any user-facing indication.","A corrupted data field in the patient’s electronic record, originating from a previously discontinued research study she had once participated in, was inadvertently reactivated during a routine background data migration, triggering a silent flag that blocked standard lab processing despite no active enrollment.","A 45-year-old patient arrives at a primary care clinic for a scheduled cholesterol follow-up, expecting to have a standard blood draw as part of routine monitoring. The phlebotomy lab informs her that her test cannot be processed that day, despite normal operating hours and staffing. No other patients appear to be affected, and the equipment shows no visible malfunctions. When staff review the electronic health record, the lab order appears complete and authorized, with no alerts or error messages visible in the user interface. A technician notes that the system logs show the order was received but marked with a research protocol designation, which automatically routes it outside the standard processing workflow. The patient recalls participating in a diabetes prevention study nearly five years ago but was told her involvement ended with no ongoing data use. It is later discovered that during an overnight data maintenance cycle, legacy metadata from that expired study—previously dormant—was reactivated due to an incomplete archival flag, which reassociated her records with the defunct research protocol in a way that only surfaced during backend processing and required direct database intervention to correct.","A 45-year-old patient arrives at a primary care clinic for a scheduled cholesterol follow-up, expecting to have a standard blood draw as part of routine monitoring. The phlebotomy lab informs her that her test cannot be processed that day, despite normal operating hours and staffing. No other patients appear to be affected, and the equipment shows no visible malfunctions. When staff review the electronic health record, the lab order appears complete and authorized, with no alerts or error messages visible in the user interface. A technician notes that the system logs show the order was received but marked with a research protocol designation, which automatically routes it outside the standard processing workflow. The patient recalls participating in a diabetes prevention study nearly five years ago but was told her involvement ended with no ongoing data use. It is later discovered that during an overnight data maintenance cycle, legacy metadata from that expired study—previously dormant—was reactivated due to an incomplete archival flag, which reassociated her records with the defunct research protocol in a way that only surfaced during backend processing and required direct database intervention to correct.",qwen.qwen3-235b-a22b-2507-v1:0,2025-12-31/2026-01-02,legacy
qwen3-235b-a22b-2507__engineering__00,engineering,600 Technology,Qwen3 235B A22B 2507,"A civil engineer arrives at a construction site in the early afternoon to inspect the foundation work on a new building. The site was fully drained and dry during the morning inspection, with no forecasted rain. However, upon return, the engineer observes several inches of standing water in the excavation pit, despite all surrounding areas remaining dry and no visible signs of surface runoff or active water discharge nearby. The temporary sump pumps, which were operational earlier, are now submerged and non-functional, but there is no indication of mechanical failure or tampering, and the water shows no signs of recent flow or overflow from adjacent infrastructure.","origin1: A previously undetected subsurface hydrostatic pressure buildup in a confined aquifer beneath the excavation site suddenly discharged through soil fractures, releasing a volume of groundwater directly into the pit without surface expression or external flow.  
origin2: A remote, automatic valve in an underground stormwater retention system malfunctioned due to a software timing error, causing a controlled release of stored water through a subsurface drain line that discharges directly into the base of the excavation without surfacing upstream.","A previously undetected subsurface hydrostatic pressure buildup in a confined aquifer beneath the excavation site suddenly discharged through soil fractures, releasing a volume of groundwater directly into the pit without surface expression or external flow.","A remote, automatic valve in an underground stormwater retention system malfunctioned due to a software timing error, causing a controlled release of stored water through a subsurface drain line that discharges directly into the base of the excavation without surfacing upstream.","A civil engineer arrives at a construction site in the early afternoon to inspect the foundation work on a new building. The site was fully drained and dry during the morning inspection, with no forecasted rain and no recent precipitation. The surrounding terrain shows no signs of surface runoff, and adjacent storm drains remain empty and inactive. However, the engineer finds several inches of standing water in the excavation pit, submerging the previously functional sump pumps, which now sit idle but undamaged—power lines intact and no visible blockages. The water is clear, lacks sediment, and shows no evidence of flowing in from nearby sources or overland discharge. Nearby utility records indicate the presence of an underground stormwater retention system installed beneath a neighboring park, designed to release stored water during off-peak hours via subsurface piping; however, a geotechnical survey from last month had noted elevated pore pressures in a deep clay-confined aquifer beneath the site, a condition previously considered stable and isolated from construction activities. Despite this, monitoring wells in the vicinity show unchanged water levels, and there is no sign of ground heave or fracturing at the surface.","A civil engineer arrives at a construction site in the early afternoon to inspect the foundation work on a new building. The site was fully drained and dry during the morning inspection, with no forecasted rain and no recent precipitation. The surrounding terrain shows no signs of surface runoff, and adjacent storm drains remain empty and inactive. However, the engineer finds several inches of standing water in the excavation pit, submerging the previously functional sump pumps, which now sit idle but undamaged—power lines intact and no visible blockages. The water is clear, lacks sediment, and shows no evidence of flowing in from nearby sources or overland discharge. Nearby utility records indicate the presence of an underground stormwater retention system installed beneath a neighboring park, designed to release stored water during off-peak hours via subsurface piping; however, a geotechnical survey from last month had noted elevated pore pressures in a deep clay-confined aquifer beneath the site, a condition previously considered stable and isolated from construction activities. Despite this, monitoring wells in the vicinity show unchanged water levels, and there is no sign of ground heave or fracturing at the surface.",qwen.qwen3-235b-a22b-2507-v1:0,2025-12-31/2026-01-02,legacy
qwen3-235b-a22b-2507__farming-and-agriculture__00,farming and agriculture,600 Technology,Qwen3 235B A22B 2507,"A dairy farmer arrives at the milking parlor at 6:00 a.m., as usual, only to find that the automated milking system has not recorded any milking sessions from the previous evening, despite the cows having been brought in on time and the system appearing to power on normally. The control panel shows no error messages, and the vacuum pressure and milk line appear intact upon initial inspection. The barn’s security camera footage later reveals that the system briefly lost power for exactly 12 minutes during the evening milking, but the main electrical panel shows no tripped breakers, and neighboring equipment on the same circuit operated without interruption.","origin1: A voltage sag caused by a momentary grid fluctuation during evening milking disrupted the automated milking system’s data-logging function without tripping any breakers or affecting other equipment, as the milking system’s control unit restarted silently but failed to resume or record sessions after the dip.  
origin2: A faulty relay within the milking system’s internal power distribution board intermittently cut power only to the control module for 12 minutes, bypassing the main electrical panel and leaving no trace on external circuit breakers, while the rest of the system maintained enough residual pressure to appear operational.","A voltage sag caused by a momentary grid fluctuation during evening milking disrupted the automated milking system’s data-logging function without tripping any breakers or affecting other equipment, as the milking system’s control unit restarted silently but failed to resume or record sessions after the dip.","A faulty relay within the milking system’s internal power distribution board intermittently cut power only to the control module for 12 minutes, bypassing the main electrical panel and leaving no trace on external circuit breakers, while the rest of the system maintained enough residual pressure to appear operational.","A dairy farmer arrives at the milking parlor at 6:00 a.m., as usual, only to find that the automated milking system has not recorded any milking sessions from the previous evening, despite the cows having been brought in on time and the system appearing to power on normally. The control panel shows no error messages, and the vacuum pressure and milk line appear intact upon initial inspection. The barn’s security camera footage later reveals that the system briefly lost power for exactly 12 minutes during the evening milking, but the main electrical panel shows no tripped breakers, and neighboring equipment on the same circuit operated without interruption. Notably, a power quality monitor on the main grid feed detected a minor voltage fluctuation at nearly the same time, though it was within acceptable tolerance for most farm equipment and did not affect other devices—yet the milking system's control unit rebooted silently and failed to resume logging or initiate milking cycles after the event, leaving no internal fault codes despite the complete absence of recorded data.","A dairy farmer arrives at the milking parlor at 6:00 a.m., as usual, only to find that the automated milking system has not recorded any milking sessions from the previous evening, despite the cows having been brought in on time and the system appearing to power on normally. The control panel shows no error messages, and the vacuum pressure and milk line appear intact upon initial inspection. The barn’s security camera footage later reveals that the system briefly lost power for exactly 12 minutes during the evening milking, but the main electrical panel shows no tripped breakers, and neighboring equipment on the same circuit operated without interruption. Notably, a power quality monitor on the main grid feed detected a minor voltage fluctuation at nearly the same time, though it was within acceptable tolerance for most farm equipment and did not affect other devices—yet the milking system's control unit rebooted silently and failed to resume logging or initiate milking cycles after the event, leaving no internal fault codes despite the complete absence of recorded data.",qwen.qwen3-235b-a22b-2507-v1:0,2025-12-31/2026-01-02,legacy
qwen3-235b-a22b-2507__management__00,management,600 Technology,Qwen3 235B A22B 2507,"A manager arrives at the office at 8:15 a.m. to prepare for a scheduled team meeting at 9:00 a.m., only to find that the conference room’s video conferencing system is offline—despite having been tested and functioning properly the previous day and no reports of technical issues overnight. The router lights are normal, all cables appear securely connected, and other devices on the same network are operating without disruption. The cause is not immediately evident from visual inspection or standard troubleshooting steps, and IT support is not yet available to diagnose potential software glitches, authentication failures, or configuration changes made remotely the night before.","origin1: The video conferencing system was automatically updated during an overnight maintenance window, and a failed firmware update left it in a non-responsive state despite the network connection remaining active.  
origin2: An unauthorized but well-intentioned employee from another department temporarily disconnected the conferencing unit to test it in their own meeting room and failed to reconnect it properly before leaving.","The video conferencing system was automatically updated during an overnight maintenance window, and a failed firmware update left it in a non-responsive state despite the network connection remaining active.",An unauthorized but well-intentioned employee from another department temporarily disconnected the conferencing unit to test it in their own meeting room and failed to reconnect it properly before leaving.,"A manager arrives at the office at 8:15 a.m. to prepare for a scheduled team meeting at 9:00 a.m., only to find that the conference room’s video conferencing system is offline—despite having been tested and functioning properly the previous day and no reports of technical issues overnight. The router lights are normal, all cables appear securely connected, and other devices on the same network are operating without disruption. A quick review of system logs reveals no alerts or errors related to reboots, connectivity drops, or authentication failures, and there is no record of recent firmware updates in the device’s management console. However, a technician later discovers that although the Ethernet cable is plugged into the wall port, the other end had been disconnected from the back of the conferencing unit and left dangling, with no obvious signs of forced tampering or disturbance to the equipment cabinet. The system resumes normal operation immediately upon reconnection.","A manager arrives at the office at 8:15 a.m. to prepare for a scheduled team meeting at 9:00 a.m., only to find that the conference room’s video conferencing system is offline—despite having been tested and functioning properly the previous day and no reports of technical issues overnight. The router lights are normal, all cables appear securely connected, and other devices on the same network are operating without disruption. A quick review of system logs reveals no alerts or errors related to reboots, connectivity drops, or authentication failures, and there is no record of recent firmware updates in the device’s management console. However, a technician later discovers that although the Ethernet cable is plugged into the wall port, the other end had been disconnected from the back of the conferencing unit and left dangling, with no obvious signs of forced tampering or disturbance to the equipment cabinet. The system resumes normal operation immediately upon reconnection.",qwen.qwen3-235b-a22b-2507-v1:0,2025-12-31/2026-01-02,legacy
qwen3-235b-a22b-2507__manufacturing__00,manufacturing,600 Technology,Qwen3 235B A22B 2507,"At a precision machining facility, an operator begins their shift and discovers that several CNC machines are offline, even though the factory started operations as usual. The control panel indicates no active alarms, and power levels appear normal across the board. The production schedule was confirmed the previous day, all operators are present, and there are no visible signs of maintenance work or equipment failure—yet the machines remain unresponsive, with no immediate explanation apparent from inspecting the floor or control systems.","origin1: A firmware update was silently pushed overnight by the equipment vendor’s remote monitoring system during routine maintenance windows, causing a configuration mismatch that disables machine operation despite normal power and no fault codes.  
origin2: The central network switch responsible for machine-to-controller communication experienced a partial failure, allowing status signals to pass but blocking initialization commands, with no local alarms triggered due to redundant signal reporting.","A firmware update was silently pushed overnight by the equipment vendor’s remote monitoring system during routine maintenance windows, causing a configuration mismatch that disables machine operation despite normal power and no fault codes.","The central network switch responsible for machine-to-controller communication experienced a partial failure, allowing status signals to pass but blocking initialization commands, with no local alarms triggered due to redundant signal reporting.","At a precision machining facility, an operator begins their shift and discovers that several CNC machines are offline, even though the factory started operations as usual. The control panel indicates no active alarms, and power levels appear normal across the board. The production schedule was confirmed the previous day, all operators are present, and there are no visible signs of maintenance work or equipment failure—yet the machines remain unresponsive, with no immediate explanation apparent from inspecting the floor or control systems. Notably, the machines display up-to-date status information and respond to ping requests from the network, suggesting connectivity is intact, and the IT department confirms that no recent software patches or configuration changes were authorized—however, a deeper check reveals that while diagnostic data flows freely, command packets from the central controller never reach their intended targets, leaving the machines in a standby state they cannot exit despite appearing ready.","At a precision machining facility, an operator begins their shift and discovers that several CNC machines are offline, even though the factory started operations as usual. The control panel indicates no active alarms, and power levels appear normal across the board. The production schedule was confirmed the previous day, all operators are present, and there are no visible signs of maintenance work or equipment failure—yet the machines remain unresponsive, with no immediate explanation apparent from inspecting the floor or control systems. Notably, the machines display up-to-date status information and respond to ping requests from the network, suggesting connectivity is intact, and the IT department confirms that no recent software patches or configuration changes were authorized—however, a deeper check reveals that while diagnostic data flows freely, command packets from the central controller never reach their intended targets, leaving the machines in a standby state they cannot exit despite appearing ready.",qwen.qwen3-235b-a22b-2507-v1:0,2025-12-31/2026-01-02,legacy
qwen3-235b-a22b-2507__architecture__00,architecture,700 Arts and recreation,Qwen3 235B A22B 2507,"On a Tuesday morning at 9:15 AM, a cyclist approaching the newly constructed riverfront footbridge notices that one of the two automated glass entrance doors remains shut and unresponsive, despite the other operating normally. The building’s façade shows no visible damage, no construction signage is posted, and the digital display above the door indicates “Operational,” yet repeated attempts to use the inactive door trigger no sensor response. Maintenance logs later reveal that the door’s motion detector had entered a silent error state due to a software conflict after a routine overnight system update, a malfunction not detectable externally.","origin1: During the overnight system update, a timing flaw in the software patch caused the motion detection subroutine for one door to freeze silently, leaving the hardware powered but unresponsive to movement, while the other door continued operating normally under the same update.  
origin2: The motion sensor of the inactive door was inadvertently disabled during the previous day's maintenance due to a mislabeled control setting in the building management system, an error that went unnoticed because the system’s status display only reports complete outages, not configuration changes.","During the overnight system update, a timing flaw in the software patch caused the motion detection subroutine for one door to freeze silently, leaving the hardware powered but unresponsive to movement, while the other door continued operating normally under the same update.","The motion sensor of the inactive door was inadvertently disabled during the previous day's maintenance due to a mislabeled control setting in the building management system, an error that went unnoticed because the system’s status display only reports complete outages, not configuration changes.","On a Tuesday morning at 9:15 AM, a cyclist approaching the newly constructed riverfront footbridge notices that one of the two automated glass entrance doors remains shut and unresponsive, despite the other operating normally. The building’s façade shows no visible damage, no construction signage is posted, and the digital display above the door indicates “Operational,” yet repeated attempts to use the inactive door trigger no sensor response. Maintenance logs later reveal that during a routine overnight system update, a software conflict temporarily disrupted one door’s motion detection system—though both doors ran the same firmware and received identical updates, only the faulty door exhibited this issue, likely due to a timing vulnerability in the code specific to individual units. However, the root cause traces back further: during the previous day’s scheduled maintenance, a technician adjusted several access settings through the central building management interface, accidentally disabling the motion sensor for the malfunctioning door due to a mislabeled control—“Door A Sensor Enable” was incorrectly mapped to the inactive door’s system ID. The error did not trigger any alarms, as the status monitoring system only flags full hardware failures or complete shutdowns, not subtle configuration changes, making the door appear fully functional from both external observation and dashboard reporting.","On a Tuesday morning at 9:15 AM, a cyclist approaching the newly constructed riverfront footbridge notices that one of the two automated glass entrance doors remains shut and unresponsive, despite the other operating normally. The building’s façade shows no visible damage, no construction signage is posted, and the digital display above the door indicates “Operational,” yet repeated attempts to use the inactive door trigger no sensor response. Maintenance logs later reveal that during a routine overnight system update, a software conflict temporarily disrupted one door’s motion detection system—though both doors ran the same firmware and received identical updates, only the faulty door exhibited this issue, likely due to a timing vulnerability in the code specific to individual units. However, the root cause traces back further: during the previous day’s scheduled maintenance, a technician adjusted several access settings through the central building management interface, accidentally disabling the motion sensor for the malfunctioning door due to a mislabeled control—“Door A Sensor Enable” was incorrectly mapped to the inactive door’s system ID. The error did not trigger any alarms, as the status monitoring system only flags full hardware failures or complete shutdowns, not subtle configuration changes, making the door appear fully functional from both external observation and dashboard reporting.",qwen.qwen3-235b-a22b-2507-v1:0,2025-12-31/2026-01-02,legacy
qwen3-235b-a22b-2507__painting__00,painting,700 Arts and recreation,Qwen3 235B A22B 2507,"On a crisp Tuesday morning, a painter arrives at a historic townhouse to continue restoring a fresco in the entryway, as scheduled. The previous day, the interior walls were dry and ready for another layer of pigment. However, upon entering, he finds the lower third of the fresco damp, with water droplets glistening faintly on the surface, though no leaks are visible in the ceiling, the windows are closed, and there is no sign of recent cleaning activity. The building manager confirms that the HVAC system was operational overnight and no plumbing work was reported, leaving the source of the moisture unclear.","origin1: Condensation from a sudden overnight drop in temperature caused moisture in the air to condense on the cooler lower portion of the wall, where thermal mass and proximity to the stone foundation created a localized dew point.  
origin2: A slow, intermittent seepage of groundwater through a previously undetected micro-fracture in the foundation allowed capillary action to draw moisture upward, only reaching the lower fresco surface after hours of accumulation.","Condensation from a sudden overnight drop in temperature caused moisture in the air to condense on the cooler lower portion of the wall, where thermal mass and proximity to the stone foundation created a localized dew point.","A slow, intermittent seepage of groundwater through a previously undetected micro-fracture in the foundation allowed capillary action to draw moisture upward, only reaching the lower fresco surface after hours of accumulation.","On a crisp Tuesday morning, a painter arrives at a historic townhouse to continue restoring a fresco in the entryway, as scheduled. The previous day, the interior walls were dry and ready for another layer of pigment. However, upon entering, he finds the lower third of the fresco damp, with water droplets glistening faintly on the surface, though no leaks are visible in the ceiling, the windows are closed, and there is no sign of recent cleaning activity. The building manager confirms that the HVAC system was operational overnight and no plumbing work was reported, leaving the source of the moisture unclear. Notably, the hygrometer reading from the security log shows a sharp increase in relative humidity between 3 and 5 a.m., coinciding with the coolest hours of the night, and the stone foundation in that section of the house is known to remain several degrees colder than the upper walls, creating a thermal gradient that might encourage surface condensation. Yet, further inspection reveals that humidity levels in adjacent rooms—exposed to the same temperature drop—remained stable, and no condensation formed elsewhere, while a subsequent moisture probe detects a gradient increasing downward into the foundation, indicating a subsurface source rather than airborne accumulation.","On a crisp Tuesday morning, a painter arrives at a historic townhouse to continue restoring a fresco in the entryway, as scheduled. The previous day, the interior walls were dry and ready for another layer of pigment. However, upon entering, he finds the lower third of the fresco damp, with water droplets glistening faintly on the surface, though no leaks are visible in the ceiling, the windows are closed, and there is no sign of recent cleaning activity. The building manager confirms that the HVAC system was operational overnight and no plumbing work was reported, leaving the source of the moisture unclear. Notably, the hygrometer reading from the security log shows a sharp increase in relative humidity between 3 and 5 a.m., coinciding with the coolest hours of the night, and the stone foundation in that section of the house is known to remain several degrees colder than the upper walls, creating a thermal gradient that might encourage surface condensation. Yet, further inspection reveals that humidity levels in adjacent rooms—exposed to the same temperature drop—remained stable, and no condensation formed elsewhere, while a subsequent moisture probe detects a gradient increasing downward into the foundation, indicating a subsurface source rather than airborne accumulation.",qwen.qwen3-235b-a22b-2507-v1:0,2025-12-31/2026-01-02,legacy
qwen3-235b-a22b-2507__photography__00,photography,700 Arts and recreation,Qwen3 235B A22B 2507,"On a Sunday morning in early autumn, a photographer arrives at a popular city park to capture the golden-hour light filtering through the trees, a routine shoot they’ve done weekly for months. The paths are damp and puddles linger in low areas, despite the forecast showing clear skies overnight and no recent precipitation. Nearby benches and foliage appear dry, and there is no visible sign of recent park maintenance, sprinklers, or storm drains overflowing—leaving the source of the moisture unexplained by casual observation. The ground remains inconsistently wet, mostly near the east path, with no foot traffic or animal activity sufficient to account for it.","origin1: A burst underground water main beneath the east path has been slowly seeping into the surrounding soil overnight, with the water rising to the surface through capillary action and depressions in the terrain, while the leak remains undetected and unreported due to low pressure in the line and minimal overflow above ground.

origin2: A recent but now discontinued irrigation schedule adjustment for a newly planted tree bed near the east path caused automated underground drainage tiles to release moisture at night, and residual water has continued to emerge due to lingering soil saturation, though the system has since reverted to its original programming.","A burst underground water main beneath the east path has been slowly seeping into the surrounding soil overnight, with the water rising to the surface through capillary action and depressions in the terrain, while the leak remains undetected and unreported due to low pressure in the line and minimal overflow above ground.","A recent but now discontinued irrigation schedule adjustment for a newly planted tree bed near the east path caused automated underground drainage tiles to release moisture at night, and residual water has continued to emerge due to lingering soil saturation, though the system has since reverted to its original programming.","On a Sunday morning in early autumn, a photographer arrives at a popular city park to capture the golden-hour light filtering through the trees, a routine shoot they’ve done weekly for months. The paths are damp and puddles linger in low areas, particularly along the east path, despite the forecast showing clear skies overnight and no recent precipitation. Nearby benches and foliage appear dry, and there is no visible sign of recent park maintenance, active sprinklers, or storm drains overflowing—leaving the source of the moisture unexplained by casual observation. The ground remains inconsistently wet, mostly near the east path, with no foot traffic or animal activity sufficient to account for it. An inspection by park staff the previous evening had confirmed all irrigation systems were operating normally, but unbeknownst to them, a temporary override in the automated underground drainage system—installed to support a newly planted tree bed—had been active for several nights, saturating the soil before being silently deactivated, while the effects of excess moisture continued to surface due to the area’s poor drainage and compacted clay soil.","On a Sunday morning in early autumn, a photographer arrives at a popular city park to capture the golden-hour light filtering through the trees, a routine shoot they’ve done weekly for months. The paths are damp and puddles linger in low areas, particularly along the east path, despite the forecast showing clear skies overnight and no recent precipitation. Nearby benches and foliage appear dry, and there is no visible sign of recent park maintenance, active sprinklers, or storm drains overflowing—leaving the source of the moisture unexplained by casual observation. The ground remains inconsistently wet, mostly near the east path, with no foot traffic or animal activity sufficient to account for it. An inspection by park staff the previous evening had confirmed all irrigation systems were operating normally, but unbeknownst to them, a temporary override in the automated underground drainage system—installed to support a newly planted tree bed—had been active for several nights, saturating the soil before being silently deactivated, while the effects of excess moisture continued to surface due to the area’s poor drainage and compacted clay soil.",qwen.qwen3-235b-a22b-2507-v1:0,2025-12-31/2026-01-02,legacy
qwen3-235b-a22b-2507__music__00,music,700 Arts and recreation,Qwen3 235B A22B 2507,"During a live outdoor chamber music performance in a city park at 6:30 PM, the audience notices that the string musicians are frequently pausing to retune their instruments, which is unusual for the season. The temperature is mild and stable, and there is no wind or precipitation, so environmental factors seem unlikely. The instruments show no visible signs of damage or wear, and the musicians arrived early with their cases properly closed, making accidental exposure to moisture improbable. Despite these normal conditions, the strings continue to go out of tune at a higher rate than expected, suggesting a subtle change in humidity at ground level—possibly due to recent underground irrigation work nearby—that isn’t noticeable to attendees but affects the wood and tension of the instruments.","origin1: A recently activated underground irrigation system near the performance area has silently increased localized humidity at ground level, subtly affecting the wooden bodies and string tension of the instruments despite no perceivable environmental changes for the audience or musicians.  
origin2: One of the musicians inadvertently left their instrument case slightly unsealed during transport, exposing it to a brief but sufficient period of higher humidity earlier in the day, causing internal wood moisture absorption that now leads to ongoing tuning instability despite seemingly ideal current conditions.","A recently activated underground irrigation system near the performance area has silently increased localized humidity at ground level, subtly affecting the wooden bodies and string tension of the instruments despite no perceivable environmental changes for the audience or musicians.","One of the musicians inadvertently left their instrument case slightly unsealed during transport, exposing it to a brief but sufficient period of higher humidity earlier in the day, causing internal wood moisture absorption that now leads to ongoing tuning instability despite seemingly ideal current conditions.","During a live outdoor chamber music performance in a city park at 6:30 PM, the audience observes that the string musicians are repeatedly pausing to retune their instruments—an odd occurrence given the time of year. The weather is unusually calm: the temperature is steady in the mid-70s, there is no wind, and no recent rain. Park staff confirm that the recently upgraded underground irrigation system has been operating normally for weeks, maintaining consistent moisture levels in the grass without any leaks or unusual activity, making environmental humidity seem unlikely. The instruments appear to be in excellent condition, and all musicians arrived well before the concert with their cases closed. However, one violinist had rushed from a rehearsal in a basement studio that morning, where the dehumidifier had malfunctioned overnight, and though they believed the case was secure, a faint dampness was later detected near the seals—suggesting the instrument absorbed enough moisture before the performance to cause gradual dimensional shifts in the wood, leading to persistent tuning issues despite the current stable environment.","During a live outdoor chamber music performance in a city park at 6:30 PM, the audience observes that the string musicians are repeatedly pausing to retune their instruments—an odd occurrence given the time of year. The weather is unusually calm: the temperature is steady in the mid-70s, there is no wind, and no recent rain. Park staff confirm that the recently upgraded underground irrigation system has been operating normally for weeks, maintaining consistent moisture levels in the grass without any leaks or unusual activity, making environmental humidity seem unlikely. The instruments appear to be in excellent condition, and all musicians arrived well before the concert with their cases closed. However, one violinist had rushed from a rehearsal in a basement studio that morning, where the dehumidifier had malfunctioned overnight, and though they believed the case was secure, a faint dampness was later detected near the seals—suggesting the instrument absorbed enough moisture before the performance to cause gradual dimensional shifts in the wood, leading to persistent tuning issues despite the current stable environment.",qwen.qwen3-235b-a22b-2507-v1:0,2025-12-31/2026-01-02,legacy
qwen3-235b-a22b-2507__sports__00,sports,700 Arts and recreation,Qwen3 235B A22B 2507,"During a scheduled Saturday morning youth soccer tournament at Riverside Park, several fields that were dry and playable the evening before are unexpectedly closed off with barriers and signs, despite no rain overnight and no visible damage or maintenance work apparent to arriving teams. Parents and coaches observe that the fields have simply been marked as ""Closed for Safety Inspection,"" with no further details posted or staff immediately available to explain. The cause—underground irrigation line failure detected by park sensors—cannot be determined by looking at the surface, as there are no large puddles or obvious disruptions to the turf.","origin1: An automated ground moisture sensor system buried beneath the fields detected abnormal subsurface water pressure consistent with a ruptured irrigation line, triggering a precautionary closure protocol without any visible surface damage.  
origin2: A routine remote diagnostic check of the park’s utility infrastructure revealed a sudden drop in water pressure in the underground irrigation network, prompting an immediate but non-urgent safety hold until a technician could inspect for potential subsurface instability.","An automated ground moisture sensor system buried beneath the fields detected abnormal subsurface water pressure consistent with a ruptured irrigation line, triggering a precautionary closure protocol without any visible surface damage.","A routine remote diagnostic check of the park’s utility infrastructure revealed a sudden drop in water pressure in the underground irrigation network, prompting an immediate but non-urgent safety hold until a technician could inspect for potential subsurface instability.","On a clear Saturday morning at Riverside Park, youth soccer teams arrived to find multiple fields unexpectedly barricaded and posted with ""Closed for Safety Inspection"" signs, despite dry conditions and no visible damage or ongoing maintenance work. The closures came without prior notice, and no park staff were present to explain the sudden decision, leaving parents and coaches puzzled. Park officials later confirmed that no surface-level issues—such as pooling water or torn turf—were present, but the fields had been shut down due to a detected issue with the underground irrigation system, which operated normally the previous evening. Although it appeared as though an automated sensor might have reacted to hidden moisture buildup beneath the surface, the actual cause was a flagged anomaly during a scheduled remote monitoring session of the park’s utility network, which registered a sharp decline in water pressure across the irrigation lines—prompting a precautionary hold until a technician could verify the integrity of the subsurface infrastructure.","On a clear Saturday morning at Riverside Park, youth soccer teams arrived to find multiple fields unexpectedly barricaded and posted with ""Closed for Safety Inspection"" signs, despite dry conditions and no visible damage or ongoing maintenance work. The closures came without prior notice, and no park staff were present to explain the sudden decision, leaving parents and coaches puzzled. Park officials later confirmed that no surface-level issues—such as pooling water or torn turf—were present, but the fields had been shut down due to a detected issue with the underground irrigation system, which operated normally the previous evening. Although it appeared as though an automated sensor might have reacted to hidden moisture buildup beneath the surface, the actual cause was a flagged anomaly during a scheduled remote monitoring session of the park’s utility network, which registered a sharp decline in water pressure across the irrigation lines—prompting a precautionary hold until a technician could verify the integrity of the subsurface infrastructure.",qwen.qwen3-235b-a22b-2507-v1:0,2025-12-31/2026-01-02,legacy
qwen3-235b-a22b-2507__classical-literature__00,classical literature,800 Literature,Qwen3 235B A22B 2507,"On a quiet Tuesday morning in May, the vicar of the rural parish of Longworth arrived at the 18th-century church as usual at 8:15 a.m. to prepare for the weekly choir rehearsal, only to find the heavy oak door unlocked—an unusual state, since the church was always secured overnight and the custodian was not due until 9:00 a.m. The key, which typically rested in the vicar’s study, was confirmed to be in its usual drawer, and there were no visible signs of forced entry or disturbance inside; the hymnals remained neatly stacked, and the bell rope hung undisturbed in the belfry. Despite a thorough inspection of the grounds and immediate neighborhood, no explanation emerged for how the lock had been disengaged or who might have opened it.","origin1: The night before, a passing wildlife researcher temporarily stationed nearby accidentally took the church key, mistaking it for an identical-looking cabin key from a shared facility, and returned it undetected after realizing the error during early morning preparations.  
origin2: A small but persistent tree root growing beneath the church’s stone threshold subtly shifted the door jamb overnight, causing the latch to retract intermittently and leaving the door unsecured by morning without any visible external interference.","The night before, a passing wildlife researcher temporarily stationed nearby accidentally took the church key, mistaking it for an identical-looking cabin key from a shared facility, and returned it undetected after realizing the error during early morning preparations.","A small but persistent tree root growing beneath the church’s stone threshold subtly shifted the door jamb overnight, causing the latch to retract intermittently and leaving the door unsecured by morning without any visible external interference.","On a quiet Tuesday morning in May, the vicar of the rural parish of Longworth arrived at the 18th-century church as usual at 8:15 a.m. to prepare for the weekly choir rehearsal, only to find the heavy oak door unlocked—an unusual state, since the church was always secured overnight and the custodian was not due until 9:00 a.m. The key, which typically rested in the vicar’s study, was confirmed to be in its usual drawer, and there were no visible signs of forced entry or disturbance inside; the hymnals remained neatly stacked, and the bell rope hung undisturbed in the belfry. Notably, the local wildlife research team had been renting a cottage on the edge of the parish grounds for a badger population study, and their equipment shed used old-fashioned iron keys nearly identical to the church’s, which had been remarked upon during a recent village meeting. Despite a thorough inspection of the grounds and immediate neighborhood, no explanation emerged for how the lock had been disengaged or who might have opened it.","On a quiet Tuesday morning in May, the vicar of the rural parish of Longworth arrived at the 18th-century church as usual at 8:15 a.m. to prepare for the weekly choir rehearsal, only to find the heavy oak door unlocked—an unusual state, since the church was always secured overnight and the custodian was not due until 9:00 a.m. The key, which typically rested in the vicar’s study, was confirmed to be in its usual drawer, and there were no visible signs of forced entry or disturbance inside; the hymnals remained neatly stacked, and the bell rope hung undisturbed in the belfry. Notably, the local wildlife research team had been renting a cottage on the edge of the parish grounds for a badger population study, and their equipment shed used old-fashioned iron keys nearly identical to the church’s, which had been remarked upon during a recent village meeting. Despite a thorough inspection of the grounds and immediate neighborhood, no explanation emerged for how the lock had been disengaged or who might have opened it.",qwen.qwen3-235b-a22b-2507-v1:0,2025-12-31/2026-01-02,legacy
qwen3-235b-a22b-2507__poetry__00,poetry,800 Literature,Qwen3 235B A22B 2507,"On a crisp Tuesday morning, mail carrier Luis noticed that the small red mailbox at 412 Sycamore Avenue—usually tucked neatly against the white picket fence—was now standing open, its flag raised, though no delivery had occurred yet. The house’s front curtain was still drawn, no footprints marked the dry gravel path, and the newspaper had not been collected from the driveway. The mailbox flag hadn’t been up the day before, and the household typically only raised it when expecting a package, yet no delivery truck had passed through the neighborhood that morning.","origin1: Overnight, a raccoon or other small animal climbed onto the mailbox while scavenging for food, accidentally triggering the flag mechanism and leaving the door ajar, as the latch was slightly worn and prone to opening under minor pressure.  
origin2: A delivery driver from a regional courier service, not part of the regular morning route, had attempted a pre-dawn drop-off the previous evening but mistakenly left the flag up and the mailbox open after realizing the package was mislabeled and taking it back.","Overnight, a raccoon or other small animal climbed onto the mailbox while scavenging for food, accidentally triggering the flag mechanism and leaving the door ajar, as the latch was slightly worn and prone to opening under minor pressure.","A delivery driver from a regional courier service, not part of the regular morning route, had attempted a pre-dawn drop-off the previous evening but mistakenly left the flag up and the mailbox open after realizing the package was mislabeled and taking it back.","On a crisp Tuesday morning, mail carrier Luis noticed that the small red mailbox at 412 Sycamore Avenue—usually tucked neatly against the white picket fence—was now standing open, its flag raised, though no delivery had occurred yet. The house’s front curtain was still drawn, no footprints marked the dry gravel path, and the newspaper had not been collected from the driveway. The mailbox flag hadn’t been up the day before, and the household typically only raised it when expecting a package, yet no delivery truck had passed through the neighborhood that morning. Luis recalled that just last week, Mrs. Callahan from two doors down had complained about raccoons tipping over her bird feeder, and he’d since seen scattered seeds near the mailbox’s base, along with faint claw-like scratches on the bottom panel—signs that small animals had been active in the area recently. Still, he couldn’t ignore the neatly folded piece of packing tape caught in the hinge, the kind used by courier services, or the faint tire marks on the adjacent lawn that didn’t match the usual postal van.","On a crisp Tuesday morning, mail carrier Luis noticed that the small red mailbox at 412 Sycamore Avenue—usually tucked neatly against the white picket fence—was now standing open, its flag raised, though no delivery had occurred yet. The house’s front curtain was still drawn, no footprints marked the dry gravel path, and the newspaper had not been collected from the driveway. The mailbox flag hadn’t been up the day before, and the household typically only raised it when expecting a package, yet no delivery truck had passed through the neighborhood that morning. Luis recalled that just last week, Mrs. Callahan from two doors down had complained about raccoons tipping over her bird feeder, and he’d since seen scattered seeds near the mailbox’s base, along with faint claw-like scratches on the bottom panel—signs that small animals had been active in the area recently. Still, he couldn’t ignore the neatly folded piece of packing tape caught in the hinge, the kind used by courier services, or the faint tire marks on the adjacent lawn that didn’t match the usual postal van.",qwen.qwen3-235b-a22b-2507-v1:0,2025-12-31/2026-01-02,legacy
qwen3-235b-a22b-2507__science-fiction__00,science fiction,800 Literature,Qwen3 235B A22B 2507,"On Tuesday morning, Dr. Lena Patel walked her son to his usual bus stop near the edge of the Oakridge residential complex, where a network of underground quantum research facilities lies beneath several city blocks. That afternoon, when she returned along the same route to pick up groceries, she noticed that the public information kiosk at the bus stop—one that continuously displays transit times, weather, and local news—was instead cycling through sequences of abstract geometric patterns in silence, with no error message or power indicator. The screens on nearby kiosks, just 50 meters apart, operated normally, and no maintenance crews or warning signs were visible, nor was there any evidence of tampering, yet the anomalous display persisted for over an hour before abruptly resuming regular function. The city’s transit logs later confirmed no service outages or technical alerts were filed for that unit during the incident.","origin1: A transient electromagnetic pulse from an undetected malfunction in the shielded power distribution system of the underground quantum research facility briefly disrupted the kiosk’s video processor, causing it to enter a fail-safe diagnostic mode that rendered abstract test patterns without triggering a network alert, due to the unit’s isolation from centralized monitoring during the event.  
origin2: The kiosk’s display firmware was temporarily hijacked through an unpatched vulnerability in its wireless update protocol by a localized signal originating from a mobile research device used during a covert calibration test in the subterranean lab network, which inadvertently targeted the nearest public interface without leaving persistent log entries.","A transient electromagnetic pulse from an undetected malfunction in the shielded power distribution system of the underground quantum research facility briefly disrupted the kiosk’s video processor, causing it to enter a fail-safe diagnostic mode that rendered abstract test patterns without triggering a network alert, due to the unit’s isolation from centralized monitoring during the event.","The kiosk’s display firmware was temporarily hijacked through an unpatched vulnerability in its wireless update protocol by a localized signal originating from a mobile research device used during a covert calibration test in the subterranean lab network, which inadvertently targeted the nearest public interface without leaving persistent log entries.","On Tuesday morning, Dr. Lena Patel walked her son to his usual bus stop near the edge of the Oakridge residential complex, where a network of underground quantum research facilities lies beneath several city blocks. That afternoon, when she returned along the same route to pick up groceries, she noticed that the public information kiosk at the bus stop—one that continuously displays transit times, weather, and local news—was instead cycling through sequences of abstract geometric patterns in silence, with no error message or power indicator. The screens on nearby kiosks, just 50 meters apart, operated normally, and no maintenance crews or warning signs were visible, nor was there any evidence of tampering, yet the anomalous display persisted for over an hour before abruptly resuming regular function. The city’s transit logs later confirmed no service outages or technical alerts were filed for that unit during the incident. Engineers reviewing the kiosk’s power integrity found a brief but unusual voltage fluctuation in the local grid segment coinciding with the start of the malfunction, suggesting a possible surge from nearby infrastructure, though the building-level backup systems showed no anomalies—while deeper forensic analysis of the kiosk’s firmware eventually revealed faint encryption traces linked to an experimental transmission protocol active only during a scheduled, low-power calibration test in the subterranean lab network that morning.","On Tuesday morning, Dr. Lena Patel walked her son to his usual bus stop near the edge of the Oakridge residential complex, where a network of underground quantum research facilities lies beneath several city blocks. That afternoon, when she returned along the same route to pick up groceries, she noticed that the public information kiosk at the bus stop—one that continuously displays transit times, weather, and local news—was instead cycling through sequences of abstract geometric patterns in silence, with no error message or power indicator. The screens on nearby kiosks, just 50 meters apart, operated normally, and no maintenance crews or warning signs were visible, nor was there any evidence of tampering, yet the anomalous display persisted for over an hour before abruptly resuming regular function. The city’s transit logs later confirmed no service outages or technical alerts were filed for that unit during the incident. Engineers reviewing the kiosk’s power integrity found a brief but unusual voltage fluctuation in the local grid segment coinciding with the start of the malfunction, suggesting a possible surge from nearby infrastructure, though the building-level backup systems showed no anomalies—while deeper forensic analysis of the kiosk’s firmware eventually revealed faint encryption traces linked to an experimental transmission protocol active only during a scheduled, low-power calibration test in the subterranean lab network that morning.",qwen.qwen3-235b-a22b-2507-v1:0,2025-12-31/2026-01-02,legacy
qwen3-235b-a22b-2507__novels__00,novels,800 Literature,Qwen3 235B A22B 2507,"On a quiet Tuesday morning in late September, the librarian arrives at the Cedar Hollow Public Library to open for the day and finds the front door ajar, though she distinctly remembers locking it the previous evening. The interior lights are off, nothing appears to be missing or disturbed, and the security alarm did not trigger overnight—confirmed by a check of the system log, which shows no breaches. Outside, the sky is clear and the small town is just waking up, with no signs of forced entry or nearby activity, leaving the open door an unexplained interruption of routine.","origin1: A library volunteer who had legitimate access to the building returned briefly during the early morning hours to retrieve a personal item they had left behind after closing, used a key to enter, and inadvertently failed to pull the heavy front door fully shut when leaving moments later, leaving no trace in the alarm system and disturbing nothing inside.  
origin2: A minor electrical fluctuation during the night caused the electronic door lock to disengage momentarily, and a brief gust of wind from a scheduled HVAC system kick-on was sufficient to push the unlatched door open without triggering the alarm, which only monitors forced entry and door motion when the system is armed.","A library volunteer who had legitimate access to the building returned briefly during the early morning hours to retrieve a personal item they had left behind after closing, used a key to enter, and inadvertently failed to pull the heavy front door fully shut when leaving moments later, leaving no trace in the alarm system and disturbing nothing inside.","A minor electrical fluctuation during the night caused the electronic door lock to disengage momentarily, and a brief gust of wind from a scheduled HVAC system kick-on was sufficient to push the unlatched door open without triggering the alarm, which only monitors forced entry and door motion when the system is armed.","On a quiet Tuesday morning in late September, the librarian arrives at the Cedar Hollow Public Library to open for the day and finds the front door ajar, though she distinctly remembers locking it the previous evening. The interior lights are off, nothing appears to be missing or disturbed, and the security alarm did not trigger overnight—confirmed by a check of the system log, which shows no breaches. Outside, the sky is clear and the small town is just waking up, with no signs of forced entry or nearby activity, leaving the open door an unexplained interruption of routine. Surveillance footage reviewed later shows no one entering or exiting the building between closing and opening, and the volunteer log indicates no scheduled visits, yet a staff member recalls that one of the regular volunteers had mentioned the night before how they had forgotten their jacket in the reading room, something they’ve done occasionally in the past and would likely return to retrieve without formal notice. Despite this, the electronic access records confirm no key usage during the night, and further investigation reveals that the building experienced a brief power flicker at 3:17 a.m., coinciding with the HVAC system restarting and producing a sudden rush of air through the vestibule.","On a quiet Tuesday morning in late September, the librarian arrives at the Cedar Hollow Public Library to open for the day and finds the front door ajar, though she distinctly remembers locking it the previous evening. The interior lights are off, nothing appears to be missing or disturbed, and the security alarm did not trigger overnight—confirmed by a check of the system log, which shows no breaches. Outside, the sky is clear and the small town is just waking up, with no signs of forced entry or nearby activity, leaving the open door an unexplained interruption of routine. Surveillance footage reviewed later shows no one entering or exiting the building between closing and opening, and the volunteer log indicates no scheduled visits, yet a staff member recalls that one of the regular volunteers had mentioned the night before how they had forgotten their jacket in the reading room, something they’ve done occasionally in the past and would likely return to retrieve without formal notice. Despite this, the electronic access records confirm no key usage during the night, and further investigation reveals that the building experienced a brief power flicker at 3:17 a.m., coinciding with the HVAC system restarting and producing a sudden rush of air through the vestibule.",qwen.qwen3-235b-a22b-2507-v1:0,2025-12-31/2026-01-02,legacy
qwen3-235b-a22b-2507__essays__00,essays,800 Literature,Qwen3 235B A22B 2507,"On a Tuesday morning, a university student arrives at the library to print a last-minute essay before class and discovers that all the printers on the second floor, which were functioning normally the previous evening, are offline and displaying an ""Error: Print Job Pending"" message. The computer workstations show no network connectivity issues, and other students are trying repeatedly to release their documents without success. The campus IT service desk is closed for a holiday, and there is no posted notice explaining the outage, leaving the cause—whether a server delay, network configuration issue, or centralized print queue failure—unclear from simple inspection.","origin1: A routine automated system update deployed overnight incorrectly applied a misconfigured print spooler setting on the central print server, causing all pending jobs to freeze in the queue without clearing or rejecting, which requires manual administrative intervention to reset.  
origin2: Unbeknownst to most students, a high-volume print job from a faculty member’s departmental account became corrupted and initiated an infinite loop in the print management software, consuming server resources and blocking all other jobs from processing until the job is manually purged.","A routine automated system update deployed overnight incorrectly applied a misconfigured print spooler setting on the central print server, causing all pending jobs to freeze in the queue without clearing or rejecting, which requires manual administrative intervention to reset.","Unbeknownst to most students, a high-volume print job from a faculty member’s departmental account became corrupted and initiated an infinite loop in the print management software, consuming server resources and blocking all other jobs from processing until the job is manually purged.","On a Tuesday morning, a university student arrives at the library to print a last-minute essay before class and discovers that all the printers on the second floor, which were functioning normally the previous evening, are offline and displaying an ""Error: Print Job Pending"" message. The computer workstations show no network connectivity issues, and other students are trying repeatedly to release their documents without success. The campus IT service desk is closed for a holiday, and there is no posted notice explaining the outage, leaving the cause—whether a server delay, network configuration issue, or centralized print queue failure—unclear from simple inspection. Campus IT later reveals that a system log shows an unusually large job—over 10,000 pages—from a departmental account was flagged for printing at 2:17 a.m., but instead of printing or failing cleanly, it began cycling repeatedly through the queue, each iteration spawning duplicate requests that overwhelmed the server's processing capacity, yet no configuration changes or updates were deployed during the night, and the print spooler itself remained within normal operational parameters according to automated health checks.","On a Tuesday morning, a university student arrives at the library to print a last-minute essay before class and discovers that all the printers on the second floor, which were functioning normally the previous evening, are offline and displaying an ""Error: Print Job Pending"" message. The computer workstations show no network connectivity issues, and other students are trying repeatedly to release their documents without success. The campus IT service desk is closed for a holiday, and there is no posted notice explaining the outage, leaving the cause—whether a server delay, network configuration issue, or centralized print queue failure—unclear from simple inspection. Campus IT later reveals that a system log shows an unusually large job—over 10,000 pages—from a departmental account was flagged for printing at 2:17 a.m., but instead of printing or failing cleanly, it began cycling repeatedly through the queue, each iteration spawning duplicate requests that overwhelmed the server's processing capacity, yet no configuration changes or updates were deployed during the night, and the print spooler itself remained within normal operational parameters according to automated health checks.",qwen.qwen3-235b-a22b-2507-v1:0,2025-12-31/2026-01-02,legacy
qwen3-235b-a22b-2507__historical-documents__00,historical documents,900 History and geography,Qwen3 235B A22B 2507,"In 1923, a researcher consulting land records at the county courthouse in Lexington, Kentucky, discovers that the property deed for a downtown commercial lot is missing from the bound volume where it should appear, despite the sequential numbering of entries remaining uninterrupted. The adjacent deeds—indexed and present—are from the same month and involve neighboring plots, suggesting no clerical gap, and there is no notation indicating removal or cross-reference. The courthouse staff, after checking storage logs and auxiliary files, confirms the deed was last seen during a routine inventory in 1918 but cannot determine whether it was misplaced, withdrawn for a private transaction that was never documented, or possibly removed temporarily for legal proceedings now lost to incomplete archives.","origin1: A local attorney working on a boundary dispute in 1919 temporarily removed the deed for photocopying and legal citation, intending to return it promptly, but it was accidentally discarded during an office cleanup after the case was informally settled out of court.  
origin2: The deed was deliberately extracted by a corrupt county clerk during a period of lax record-keeping oversight to conceal property title fraud involving forged transfers of adjacent lots, with the gap silently maintained to avoid detection.","A local attorney working on a boundary dispute in 1919 temporarily removed the deed for photocopying and legal citation, intending to return it promptly, but it was accidentally discarded during an office cleanup after the case was informally settled out of court.","The deed was deliberately extracted by a corrupt county clerk during a period of lax record-keeping oversight to conceal property title fraud involving forged transfers of adjacent lots, with the gap silently maintained to avoid detection.","In 1923, a researcher consulting land records at the county courthouse in Lexington, Kentucky, discovers that the property deed for a downtown commercial lot is missing from the bound volume where it should appear, despite the sequential numbering of entries remaining uninterrupted. The adjacent deeds—indexed and present—are from the same month and involve neighboring plots, suggesting no clerical gap, and there is no notation indicating removal or cross-reference. The courthouse staff, after checking storage logs and auxiliary files, confirms the deed was last seen during a routine inventory in 1918 but cannot determine whether it was misplaced, withdrawn for a private transaction that was never documented, or possibly removed temporarily for legal proceedings now lost to incomplete archives. Notably, a retired law clerk recalls handling a similar deed in 1919 for a high-profile boundary case involving one of the city’s most prominent attorneys, whose firm often conducted off-the-record consultations and occasionally borrowed documents for short periods with informal verbal permission from clerical staff—though no official checkout log exists for that year, and the firm’s own records from that time were destroyed in a fire. Despite this, no subsequent filings or legal actions were ever linked to the missing deed, and the surrounding properties quietly changed hands multiple times over the next decade through seemingly legitimate sales, though later investigations into some of those transfers revealed suspiciously low valuations and inconsistent survey descriptions.","In 1923, a researcher consulting land records at the county courthouse in Lexington, Kentucky, discovers that the property deed for a downtown commercial lot is missing from the bound volume where it should appear, despite the sequential numbering of entries remaining uninterrupted. The adjacent deeds—indexed and present—are from the same month and involve neighboring plots, suggesting no clerical gap, and there is no notation indicating removal or cross-reference. The courthouse staff, after checking storage logs and auxiliary files, confirms the deed was last seen during a routine inventory in 1918 but cannot determine whether it was misplaced, withdrawn for a private transaction that was never documented, or possibly removed temporarily for legal proceedings now lost to incomplete archives. Notably, a retired law clerk recalls handling a similar deed in 1919 for a high-profile boundary case involving one of the city’s most prominent attorneys, whose firm often conducted off-the-record consultations and occasionally borrowed documents for short periods with informal verbal permission from clerical staff—though no official checkout log exists for that year, and the firm’s own records from that time were destroyed in a fire. Despite this, no subsequent filings or legal actions were ever linked to the missing deed, and the surrounding properties quietly changed hands multiple times over the next decade through seemingly legitimate sales, though later investigations into some of those transfers revealed suspiciously low valuations and inconsistent survey descriptions.",qwen.qwen3-235b-a22b-2507-v1:0,2025-12-31/2026-01-02,legacy
qwen3-235b-a22b-2507__geography-and-travel__00,geography and travel,900 History and geography,Qwen3 235B A22B 2507,"While driving through a rural area of northern Italy along a mountain pass near Lake Como in late spring, a traveler notices that several alpine meadows on the southern slope of the valley are covered in an unexpected layer of frost, despite the air temperature reading 8°C on the car display and clear skies overhead. The nearby streams are flowing normally, and there is no sign of recent snowfall or freezing rain. The frost is patchy and localized only to specific high-altitude meadows sheltered from wind, and the cause—cold air drainage pooling overnight due to temperature inversion trapped by topography—cannot be deduced without meteorological data or knowledge of local microclimates.","origin1: Cold, dense air drained downslope during the night from higher elevations and accumulated in the sheltered hollows of the southern slope, creating localized frost despite above-freezing air temperatures at valley level.  
origin2: Residual moisture in the soil from recent rainfall froze during the night as radiative cooling at the surface caused ground temperatures to drop below freezing, even though the air just above remained at 8°C.","Cold, dense air drained downslope during the night from higher elevations and accumulated in the sheltered hollows of the southern slope, creating localized frost despite above-freezing air temperatures at valley level.","Residual moisture in the soil from recent rainfall froze during the night as radiative cooling at the surface caused ground temperatures to drop below freezing, even though the air just above remained at 8°C.","While driving through a rural area of northern Italy along a mountain pass near Lake Como in late spring, a traveler notices that several alpine meadows on the southern slope of the valley are covered in an unexpected layer of frost, despite the air temperature reading 8°C on the car display and clear skies overhead. The nearby streams are flowing normally, and there is no sign of recent snowfall or freezing rain. The frost is patchy and localized only to specific high-altitude meadows sheltered from wind, and the cause—residual moisture in the soil from recent rainfall froze during the night as radiative cooling at the surface caused ground temperatures to drop below freezing, even though the air just above remained at 8°C—cannot be deduced without meteorological data or knowledge of local microclimates. Although the terrain's shape and cold air drainage patterns might suggest that chilled air flowed down from higher elevations and pooled in the hollows, making that explanation seem plausible, no significant temperature drop occurred at higher altitudes, and upper slopes show no signs of frost or frozen ground, indicating that the cooling was confined to the surface layer of certain meadows.","While driving through a rural area of northern Italy along a mountain pass near Lake Como in late spring, a traveler notices that several alpine meadows on the southern slope of the valley are covered in an unexpected layer of frost, despite the air temperature reading 8°C on the car display and clear skies overhead. The nearby streams are flowing normally, and there is no sign of recent snowfall or freezing rain. The frost is patchy and localized only to specific high-altitude meadows sheltered from wind, and the cause—residual moisture in the soil from recent rainfall froze during the night as radiative cooling at the surface caused ground temperatures to drop below freezing, even though the air just above remained at 8°C—cannot be deduced without meteorological data or knowledge of local microclimates. Although the terrain's shape and cold air drainage patterns might suggest that chilled air flowed down from higher elevations and pooled in the hollows, making that explanation seem plausible, no significant temperature drop occurred at higher altitudes, and upper slopes show no signs of frost or frozen ground, indicating that the cooling was confined to the surface layer of certain meadows.",qwen.qwen3-235b-a22b-2507-v1:0,2025-12-31/2026-01-02,legacy
qwen3-235b-a22b-2507__ancient-history__00,ancient history,900 History and geography,Qwen3 235B A22B 2507,"In the spring of 48 BCE, a Roman grain merchant arriving at the docks of Puteoli in the early afternoon finds the massive stone warehouse doors shut, though it is well past the usual opening hour and no public holiday is being observed. Barges from Sardinia, expected to unload a vital shipment of wheat, sit idly at the wharf, their crews lounging nearby but making no move to dock. No storm warning flags fly, the roads leading to the warehouse are undamaged, and there is no sign of fire, protest, or official seal barring entry—yet all activity has ceased without explanation.","origin1: A sudden, localized outbreak of illness among warehouse supervisors—unreported publicly to avoid panic—has left no authorized personnel able to oversee unloading, halting operations until replacements can be sent from Neapolis.  
origin2: A secret imperial directive, carried by a courier delayed en route, has ordered the seizure of the Sardinian shipment for military use, and local officials are observing silent lockdown protocol until the sealed orders arrive and can be verified.","A sudden, localized outbreak of illness among warehouse supervisors—unreported publicly to avoid panic—has left no authorized personnel able to oversee unloading, halting operations until replacements can be sent from Neapolis.","A secret imperial directive, carried by a courier delayed en route, has ordered the seizure of the Sardinian shipment for military use, and local officials are observing silent lockdown protocol until the sealed orders arrive and can be verified.","In the spring of 48 BCE, a Roman grain merchant arriving at the docks of Puteoli in the early afternoon finds the massive stone warehouse doors shut, though it is well past the usual opening hour and no public holiday is being observed. Barges from Sardinia, expected to unload a vital shipment of wheat, sit idly at the wharf, their crews lounging nearby but making no move to dock. No storm warning flags fly, the roads leading to the warehouse are undamaged, and there is no sign of fire, protest, or official seal barring entry—yet all activity has ceased without explanation. Local dockworkers mutter uneasily about a fever spreading through the warehouse staff the previous night, and the merchant notices several senior clerks absent, while a nervous junior overseer refuses to authorize unloading, insisting that ""orders are pending."" Though no physician has been summoned and no quarantine notice posted, the sense of containment is palpable, and the absence of official communication only deepens the confusion.","In the spring of 48 BCE, a Roman grain merchant arriving at the docks of Puteoli in the early afternoon finds the massive stone warehouse doors shut, though it is well past the usual opening hour and no public holiday is being observed. Barges from Sardinia, expected to unload a vital shipment of wheat, sit idly at the wharf, their crews lounging nearby but making no move to dock. No storm warning flags fly, the roads leading to the warehouse are undamaged, and there is no sign of fire, protest, or official seal barring entry—yet all activity has ceased without explanation. Local dockworkers mutter uneasily about a fever spreading through the warehouse staff the previous night, and the merchant notices several senior clerks absent, while a nervous junior overseer refuses to authorize unloading, insisting that ""orders are pending."" Though no physician has been summoned and no quarantine notice posted, the sense of containment is palpable, and the absence of official communication only deepens the confusion.",qwen.qwen3-235b-a22b-2507-v1:0,2025-12-31/2026-01-02,legacy
qwen3-235b-a22b-2507__biographies__00,biographies,900 History and geography,Qwen3 235B A22B 2507,"On a Tuesday morning, Maria arrived at the public library where she had volunteered for three years, only to find the main entrance locked and the lights off throughout the building, despite the posted hours indicating it should be open from 9:00 a.m. to 8:00 p.m. A note was taped to the door stating the closure was due to an ""unexpected operational issue,"" but there were no signs of construction, power outage indicators, or staff present to clarify the situation. The parking lot was empty except for a single maintenance van with no visible markings, and nearby storefronts were operating normally, offering no contextual clues about the library’s sudden, unexplained shutdown.","origin1: A critical but non-visible infrastructure failure, such as a malfunction in the building's climate control system that triggered an immediate shutdown to protect temperature-sensitive archival materials, required evacuation and closure by facilities management without public notification.  
origin2: A verified, anonymous safety threat concerning a specific individual was reported to library administration early that morning, prompting an unannounced closure and discreet removal of staff and patrons as a precaution, while maintenance personnel secured the premises without drawing public attention.","A critical but non-visible infrastructure failure, such as a malfunction in the building's climate control system that triggered an immediate shutdown to protect temperature-sensitive archival materials, required evacuation and closure by facilities management without public notification.","A verified, anonymous safety threat concerning a specific individual was reported to library administration early that morning, prompting an unannounced closure and discreet removal of staff and patrons as a precaution, while maintenance personnel secured the premises without drawing public attention.","On a Tuesday morning, Maria arrived at the public library where she had volunteered for three years, only to find the main entrance locked and the lights off throughout the building, despite the posted hours indicating it should be open from 9:00 a.m. to 8:00 p.m. A note was taped to the door stating the closure was due to an ""unexpected operational issue,"" but there were no signs of construction, power outage indicators, or staff present to clarify the situation. The parking lot was empty except for a single maintenance van with no visible markings, and nearby storefronts were operating normally, offering no contextual clues about the library’s sudden, unexplained shutdown. Later that day, a librarian confided that the climate control logs showed a sudden spike in humidity levels overnight, which would typically require immediate action to protect rare books and historical documents stored in the basement, yet no emergency contractors were seen on-site, and no dehumidifiers or protective equipment were visible through the windows—only maintenance workers methodically checking doors and surveillance systems, as if conducting a security sweep following a classified incident.","On a Tuesday morning, Maria arrived at the public library where she had volunteered for three years, only to find the main entrance locked and the lights off throughout the building, despite the posted hours indicating it should be open from 9:00 a.m. to 8:00 p.m. A note was taped to the door stating the closure was due to an ""unexpected operational issue,"" but there were no signs of construction, power outage indicators, or staff present to clarify the situation. The parking lot was empty except for a single maintenance van with no visible markings, and nearby storefronts were operating normally, offering no contextual clues about the library’s sudden, unexplained shutdown. Later that day, a librarian confided that the climate control logs showed a sudden spike in humidity levels overnight, which would typically require immediate action to protect rare books and historical documents stored in the basement, yet no emergency contractors were seen on-site, and no dehumidifiers or protective equipment were visible through the windows—only maintenance workers methodically checking doors and surveillance systems, as if conducting a security sweep following a classified incident.",qwen.qwen3-235b-a22b-2507-v1:0,2025-12-31/2026-01-02,legacy
qwen3-235b-a22b-2507__modern-history__00,modern history,900 History and geography,Qwen3 235B A22B 2507,"On a typical Tuesday morning in September 2018, employees at the central post office in Lyon, France, arrived to find the main sorting hall unexpectedly dark and silent. The facility, usually bustling by 6:00 a.m., showed no signs of activity—security logs indicated staff had entered, but all automated sorting machines were powered down and the incoming mail was still unopened in its transport containers. No alarm had been triggered, and no signage or announcement explained the halt; local news reported no power outage in the area, and weather conditions were normal. The cause—a temporary shutdown due to an encrypted cyber alert mistakenly flagged by a newly installed surveillance system monitoring for potential sabotage—was only confirmed hours later by internal technicians and not through any observable clues on-site.","origin1: A routine software update to the post office’s surveillance system had a previously undetected bug that caused it to misinterpret normal overnight maintenance signals as a credible sabotage threat, automatically triggering a silent lockdown protocol that disabled machine operations without notifying on-site personnel.  
origin2: An authorized cybersecurity drill was initiated remotely by national postal security without local coordination, simulating a sabotage scenario that activated fail-safes to power down critical systems, with the assumption that on-site staff would receive separate notification that was never delivered.","A routine software update to the post office’s surveillance system had a previously undetected bug that caused it to misinterpret normal overnight maintenance signals as a credible sabotage threat, automatically triggering a silent lockdown protocol that disabled machine operations without notifying on-site personnel.","An authorized cybersecurity drill was initiated remotely by national postal security without local coordination, simulating a sabotage scenario that activated fail-safes to power down critical systems, with the assumption that on-site staff would receive separate notification that was never delivered.","On a typical Tuesday morning in September 2018, employees at the central post office in Lyon, France, arrived to find the main sorting hall unexpectedly dark and silent. The facility, usually bustling by 6:00 a.m., showed no signs of activity—security logs indicated staff had entered, but all automated sorting machines were powered down and the incoming mail was still unopened in its transport containers. No alarm had been triggered, and no signage or announcement explained the halt; local news reported no power outage in the area, and weather conditions were normal. A review of system logs later revealed that the shutdown coincided with a scheduled diagnostic cycle in the newly upgraded surveillance network, which briefly registered anomalous internal signals. Technicians initially suspected a software flaw, as the system had previously misfired during testing when processing maintenance data, raising concerns about an unpatched bug affecting its threat-detection logic. However, the full investigation concluded that the shutdown was not due to malfunction, but rather a controlled activation of emergency protocols from an external command—part of a nationally coordinated, unannounced drill designed to test response to sabotage threats, though the local team never received the expected alert that such a simulation was underway.","On a typical Tuesday morning in September 2018, employees at the central post office in Lyon, France, arrived to find the main sorting hall unexpectedly dark and silent. The facility, usually bustling by 6:00 a.m., showed no signs of activity—security logs indicated staff had entered, but all automated sorting machines were powered down and the incoming mail was still unopened in its transport containers. No alarm had been triggered, and no signage or announcement explained the halt; local news reported no power outage in the area, and weather conditions were normal. A review of system logs later revealed that the shutdown coincided with a scheduled diagnostic cycle in the newly upgraded surveillance network, which briefly registered anomalous internal signals. Technicians initially suspected a software flaw, as the system had previously misfired during testing when processing maintenance data, raising concerns about an unpatched bug affecting its threat-detection logic. However, the full investigation concluded that the shutdown was not due to malfunction, but rather a controlled activation of emergency protocols from an external command—part of a nationally coordinated, unannounced drill designed to test response to sabotage threats, though the local team never received the expected alert that such a simulation was underway.",qwen.qwen3-235b-a22b-2507-v1:0,2025-12-31/2026-01-02,legacy
